Ville,Type,Nom,Latitude,Longitude,GoogleMap_URL,Rating,Description,Saison_Recommandée,Activités_Proposées,Budget_Estimé,Durée_Séjour_Recommandée,Accessibilité,Sécurité
Casablanca,hotel,Novotel Casablanca City Centre,33.5984192,-7.6137821,"https://www.google.com/maps?q=33.5984192,-7.6137821",4.0,Un établissement parfait pour un séjour touristique dans un cadre calme et sécurisé.,Printemps,"plage, randonnées, sports nautiques",Premium,10 jours,Situé près d'une gare ou station,Zone modérément sécurisée
Casablanca,hotel,Hôtel Galia,33.5939334,-7.6125481,"https://www.google.com/maps?q=33.5939334,-7.6125481",4.6,Un endroit chaleureux parfait pour un séjour touristique dans un cadre calme et sécurisé.,Hiver,"découverte culturelle, shopping, spa",Premium,2-3 jours,Proche du centre-ville et des taxis,Zone modérément sécurisée
Casablanca,hotel,Zenith,33.5365506,-7.6645555,"https://www.google.com/maps?q=33.5365506,-7.6645555",3.4,Un endroit chaleureux conçu pour offrir confort et praticité dans un cadre calme et sécurisé.,Automne,"randonnées, plage, sports nautiques",Économique,1 semaine,Accessible en voiture uniquement,Zone modérément sécurisée
Casablanca,hotel,Hôtel Divan,33.5960268,-7.6096273,"https://www.google.com/maps?q=33.5960268,-7.6096273",4.6,Un lieu d’accueil proche des attractions principales avec un service remarquable.,Automne,"excursions guidées, sites historiques, activités de plein air",Économique,3-5 jours,Accessible en voiture uniquement,Zone modérément sécurisée
Casablanca,hotel,East West Hotel,33.5925751,-7.6299633,"https://www.google.com/maps?q=33.5925751,-7.6299633",3.0,Un endroit chaleureux parfait pour un séjour touristique réputé pour son ambiance conviviale.,Hiver,"découverte culturelle, shopping, spa",Moyen,10 jours,Situé près d'une gare ou station,Quartier calme et bien surveillé
Casablanca,hotel,Hôtel central,33.6000885,-7.6173257,"https://www.google.com/maps?q=33.6000885,-7.6173257",3.4,Un hébergement parfait pour un séjour touristique offrant une vue exceptionnelle.,Été,"spa, découverte culturelle, shopping",Moyen,2-3 jours,Situé près d'une gare ou station,Quartier calme et bien surveillé
Casablanca,hotel,Boustane,33.5904363,-7.5956407,"https://www.google.com/maps?q=33.5904363,-7.5956407",4.8,Un endroit chaleureux proche des attractions principales proposant un excellent rapport qualité-prix.,Automne,"spa, découverte culturelle, shopping",Économique,10 jours,Proche du centre-ville et des taxis,Environnement très sécurisé
Casablanca,hotel,Hôtel & Spa Impérial Casablanca,33.593771,-7.6060779,"https://www.google.com/maps?q=33.5937710,-7.6060779",4.6,Un établissement adapté aux familles et aux professionnels dans un cadre calme et sécurisé.,Automne,"festivals, artisanat local, musique traditionnelle",Premium,10 jours,Accessible en voiture uniquement,Quartier calme et bien surveillé
Casablanca,hotel,Hotel Val d'Anfa,33.5917103,-7.6777683,"https://www.google.com/maps?q=33.5917103,-7.6777683",4.8,Un endroit chaleureux parfait pour un séjour touristique offrant une vue exceptionnelle.,Hiver,"excursions guidées, activités de plein air, sites historiques",Premium,3-5 jours,Situé près d'une gare ou station,Zone modérément sécurisée
Casablanca,hotel,Hôtel Moroccan House,33.5960343,-7.6091804,"https://www.google.com/maps?q=33.5960343,-7.6091804",3.0,Un établissement parfait pour un séjour touristique offrant une vue exceptionnelle.,Printemps,"shopping, spa, découverte culturelle",Premium,3-5 jours,Accessible en voiture uniquement,Zone modérément sécurisée
Casablanca,hotel,Hôtel Business,33.5820342,-7.6233271,"https://www.google.com/maps?q=33.5820342,-7.6233271",3.7,Un lieu d’accueil conçu pour offrir confort et praticité proposant un excellent rapport qualité-prix.,Été,"spa, shopping, découverte culturelle",Moyen,3-5 jours,Proche du centre-ville et des taxis,Zone modérément sécurisée
Casablanca,hotel,Hôtel Azur,33.595557,-7.6772198,"https://www.google.com/maps?q=33.5955570,-7.6772198",4.4,Un établissement conçu pour offrir confort et praticité proposant un excellent rapport qualité-prix.,Été,"excursions guidées, activités de plein air, sites historiques",Moyen,10 jours,Situé près d'une gare ou station,Environnement très sécurisé
Casablanca,hotel,Casablanca Sweet Home Maarif,33.583255,-7.6391836,"https://www.google.com/maps?q=33.5832550,-7.6391836",3.8,Un lieu d’accueil conçu pour offrir confort et praticité avec un service remarquable.,Hiver,"gastronomie locale, musées, visite de la médina",Économique,10 jours,Accessible en voiture uniquement,Zone modérément sécurisée
Casablanca,hotel,Hôtel Royal Mansour,33.5969339,-7.614483,"https://www.google.com/maps?q=33.5969339,-7.6144830",3.4,Un établissement idéal pour les voyageurs réputé pour son ambiance conviviale.,Été,"spa, shopping, découverte culturelle",Économique,1 semaine,Proche du centre-ville et des taxis,Zone modérément sécurisée
Casablanca,hotel,Hotel Dawliz,33.6011216,-7.6605428,"https://www.google.com/maps?q=33.6011216,-7.6605428",3.3,Un établissement conçu pour offrir confort et praticité avec un service remarquable.,Automne,"spa, shopping, découverte culturelle",Luxe,2-3 jours,Facile d’accès en transport public,Environnement très sécurisé
Casablanca,hotel,Art palace et spa,33.5910024,-7.6351888,"https://www.google.com/maps?q=33.5910024,-7.6351888",3.7,Une adresse appréciée parfait pour un séjour touristique réputé pour son ambiance conviviale.,Printemps,"sports nautiques, randonnées, plage",Luxe,10 jours,Accessible en voiture uniquement,Environnement très sécurisé
Casablanca,hotel,Hôtel Touring,33.5954478,-7.612959,"https://www.google.com/maps?q=33.5954478,-7.6129590",1.0,Un endroit chaleureux adapté aux familles et aux professionnels avec un service remarquable.,Été,"spa, shopping, découverte culturelle",Premium,1 semaine,Accessible en voiture uniquement,Zone modérément sécurisée
Casablanca,hotel,Sofitel,33.5980098,-7.613945,"https://www.google.com/maps?q=33.5980098,-7.6139450",5.0,Un hébergement adapté aux familles et aux professionnels dans un cadre calme et sécurisé.,Printemps,"excursions guidées, sites historiques, activités de plein air",Économique,2-3 jours,Accessible en voiture uniquement,Quartier calme et bien surveillé
Casablanca,hotel,Hôtel Transatlantique,33.5923391,-7.614221,"https://www.google.com/maps?q=33.5923391,-7.6142210",3.4,Une adresse appréciée parfait pour un séjour touristique réputé pour son ambiance conviviale.,Automne,"musique traditionnelle, artisanat local, festivals",Moyen,10 jours,Proche du centre-ville et des taxis,Zone touristique sécurisée
Casablanca,hotel,Le Doge,33.5927529,-7.6234621,"https://www.google.com/maps?q=33.5927529,-7.6234621",4.9,Un hébergement proche des attractions principales dans un cadre calme et sécurisé.,Hiver,"randonnées, plage, sports nautiques",Économique,3-5 jours,Proche du centre-ville et des taxis,Zone touristique sécurisée
Casablanca,hotel,Oum Palace,33.596253,-7.6143281,"https://www.google.com/maps?q=33.5962530,-7.6143281",3.2,Une adresse appréciée adapté aux familles et aux professionnels dans un cadre calme et sécurisé.,Printemps,"découverte culturelle, spa, shopping",Premium,1 semaine,Facile d’accès en transport public,Zone touristique sécurisée
Casablanca,hotel,Four Seasons,33.5995455,-7.6637581,"https://www.google.com/maps?q=33.5995455,-7.6637581",4.2,Un établissement adapté aux familles et aux professionnels dans un cadre calme et sécurisé.,Automne,"randonnées, sports nautiques, plage",Économique,1 semaine,Situé près d'une gare ou station,Quartier calme et bien surveillé
Casablanca,hotel,Hotel Les Almohades,33.5932591,-7.6233917,"https://www.google.com/maps?q=33.5932591,-7.6233917",3.9,Un endroit chaleureux parfait pour un séjour touristique dans un cadre calme et sécurisé.,Été,"randonnées, plage, sports nautiques",Économique,10 jours,Accessible en voiture uniquement,Zone touristique sécurisée
Casablanca,hotel,Windsor,33.5951283,-7.6246635,"https://www.google.com/maps?q=33.5951283,-7.6246635",4.0,Un établissement idéal pour les voyageurs offrant une vue exceptionnelle.,Été,"excursions guidées, activités de plein air, sites historiques",Moyen,10 jours,Situé près d'une gare ou station,Zone modérément sécurisée
Casablanca,hotel,Kenzi Basma,33.5944832,-7.6206582,"https://www.google.com/maps?q=33.5944832,-7.6206582",3.8,Une adresse appréciée proche des attractions principales proposant un excellent rapport qualité-prix.,Automne,"musées, gastronomie locale, visite de la médina",Économique,3-5 jours,Facile d’accès en transport public,Quartier calme et bien surveillé
Casablanca,hotel,Al Walid Hotel,33.5903353,-7.5930131,"https://www.google.com/maps?q=33.5903353,-7.5930131",4.7,Un hébergement idéal pour les voyageurs dans un cadre calme et sécurisé.,Hiver,"découverte culturelle, spa, shopping",Économique,10 jours,Proche du centre-ville et des taxis,Environnement très sécurisé
Casablanca,hotel,Hôtel de Foucauld,33.596247,-7.6154743,"https://www.google.com/maps?q=33.5962470,-7.6154743",4.4,Un établissement adapté aux familles et aux professionnels offrant une vue exceptionnelle.,Printemps,"spa, shopping, découverte culturelle",Premium,3-5 jours,Proche du centre-ville et des taxis,Environnement très sécurisé
Casablanca,hotel,Excelsior,33.596235,-7.6164213,"https://www.google.com/maps?q=33.5962350,-7.6164213",4.8,Un lieu d’accueil adapté aux familles et aux professionnels proposant un excellent rapport qualité-prix.,Été,"sports nautiques, plage, randonnées",Luxe,1 semaine,Accessible en voiture uniquement,Zone touristique sécurisée
Casablanca,hotel,Manzil Hotel,33.600628,-7.5807799,"https://www.google.com/maps?q=33.6006280,-7.5807799",2.0,Un lieu d’accueil proche des attractions principales dans un cadre calme et sécurisé.,Printemps,"découverte culturelle, shopping, spa",Moyen,1 semaine,Accessible en voiture uniquement,Quartier calme et bien surveillé
Casablanca,hotel,Ibis Casablanca Nearshore,33.5254072,-7.6402617,"https://www.google.com/maps?q=33.5254072,-7.6402617",3.9,Un endroit chaleureux proche des attractions principales réputé pour son ambiance conviviale.,Printemps,"excursions guidées, activités de plein air, sites historiques",Moyen,10 jours,Situé près d'une gare ou station,Quartier calme et bien surveillé
Casablanca,hotel,Dar Diafa,33.5163192,-7.642199,"https://www.google.com/maps?q=33.5163192,-7.6421990",4.8,Un hébergement proche des attractions principales réputé pour son ambiance conviviale.,Automne,"plage, sports nautiques, randonnées",Moyen,10 jours,Accessible en voiture uniquement,Zone modérément sécurisée
Casablanca,hotel,Hôtel Colbert,33.5948855,-7.6128921,"https://www.google.com/maps?q=33.5948855,-7.6128921",3.6,Un lieu d’accueil conçu pour offrir confort et praticité réputé pour son ambiance conviviale.,Été,"plage, sports nautiques, randonnées",Premium,1 semaine,Accessible en voiture uniquement,Environnement très sécurisé
Casablanca,hotel,Les Ambassadeurs,33.5942261,-7.6079929,"https://www.google.com/maps?q=33.5942261,-7.6079929",3.1,Un établissement adapté aux familles et aux professionnels dans un cadre calme et sécurisé.,Automne,"gastronomie locale, visite de la médina, musées",Moyen,1 semaine,Situé près d'une gare ou station,Quartier calme et bien surveillé
Casablanca,hotel,Saisons,33.5969067,-7.6152269,"https://www.google.com/maps?q=33.5969067,-7.6152269",4.4,Un établissement proche des attractions principales proposant un excellent rapport qualité-prix.,Hiver,"randonnées, plage, sports nautiques",Luxe,1 semaine,Facile d’accès en transport public,Zone touristique sécurisée
Casablanca,hotel,The Seven Hotel and Spa,33.5873411,-7.6123084,"https://www.google.com/maps?q=33.5873411,-7.6123084",4.7,Un endroit chaleureux conçu pour offrir confort et praticité dans un cadre calme et sécurisé.,Été,"shopping, spa, découverte culturelle",Premium,1 semaine,Proche du centre-ville et des taxis,Zone touristique sécurisée
Casablanca,hotel,Boutique Hotel Gauthier,33.587272,-7.6295392,"https://www.google.com/maps?q=33.5872720,-7.6295392",4.2,Un lieu d’accueil adapté aux familles et aux professionnels avec un service remarquable.,Été,"randonnées, sports nautiques, plage",Premium,2-3 jours,Situé près d'une gare ou station,Zone touristique sécurisée
Casablanca,hotel,Terminus,33.5895504,-7.5921356,"https://www.google.com/maps?q=33.5895504,-7.5921356",4.6,Une adresse appréciée conçu pour offrir confort et praticité dans un cadre calme et sécurisé.,Automne,"randonnées, plage, sports nautiques",Économique,2-3 jours,Accessible en voiture uniquement,Environnement très sécurisé
Casablanca,hotel,Hôtel Casablanca,33.5850402,-7.6107526,"https://www.google.com/maps?q=33.5850402,-7.6107526",3.1,Un établissement proche des attractions principales proposant un excellent rapport qualité-prix.,Printemps,"excursions guidées, activités de plein air, sites historiques",Luxe,2-3 jours,Proche du centre-ville et des taxis,Zone touristique sécurisée
Casablanca,hotel,Kenzi Sidi Maarouf,33.5396227,-7.6433206,"https://www.google.com/maps?q=33.5396227,-7.6433206",4.7,Un lieu d’accueil parfait pour un séjour touristique offrant une vue exceptionnelle.,Automne,"randonnées, plage, sports nautiques",Économique,1 semaine,Facile d’accès en transport public,Zone touristique sécurisée
Casablanca,hotel,Domo Hôtel,33.5374259,-7.6404191,"https://www.google.com/maps?q=33.5374259,-7.6404191",3.4,Un établissement adapté aux familles et aux professionnels dans un cadre calme et sécurisé.,Hiver,"découverte culturelle, spa, shopping",Économique,1 semaine,Facile d’accès en transport public,Zone modérément sécurisée
Casablanca,hotel,Hotel Windsor,33.5952857,-7.6252246,"https://www.google.com/maps?q=33.5952857,-7.6252246",3.9,Un hébergement conçu pour offrir confort et praticité réputé pour son ambiance conviviale.,Printemps,"festivals, artisanat local, musique traditionnelle",Premium,1 semaine,Situé près d'une gare ou station,Environnement très sécurisé
Casablanca,hotel,Hotel Ibis Casa-Voyageurs,33.5893437,-7.5917971,"https://www.google.com/maps?q=33.5893437,-7.5917971",4.2,Un endroit chaleureux proche des attractions principales dans un cadre calme et sécurisé.,Automne,"visite de la médina, musées, gastronomie locale",Premium,2-3 jours,Proche du centre-ville et des taxis,Zone modérément sécurisée
Casablanca,hotel,ibis,33.5253511,-7.6404134,"https://www.google.com/maps?q=33.5253511,-7.6404134",3.3,Un établissement idéal pour les voyageurs avec un service remarquable.,Hiver,"randonnées, plage, sports nautiques",Économique,10 jours,Proche du centre-ville et des taxis,Zone modérément sécurisée
Casablanca,hotel,Melliber Appart Hotel,33.6043045,-7.6327837,"https://www.google.com/maps?q=33.6043045,-7.6327837",4.0,Un lieu d’accueil conçu pour offrir confort et praticité proposant un excellent rapport qualité-prix.,Hiver,"musées, visite de la médina, gastronomie locale",Moyen,10 jours,Situé près d'une gare ou station,Environnement très sécurisé
Casablanca,hotel,Hôtel Mon Rêve,33.5953947,-7.6124163,"https://www.google.com/maps?q=33.5953947,-7.6124163",3.7,Une adresse appréciée adapté aux familles et aux professionnels avec un service remarquable.,Hiver,"sites historiques, excursions guidées, activités de plein air",Premium,1 semaine,Proche du centre-ville et des taxis,Zone modérément sécurisée
Casablanca,hotel,Hôtel Plaza,33.5974472,-7.6158106,"https://www.google.com/maps?q=33.5974472,-7.6158106",3.3,Une adresse appréciée proche des attractions principales avec un service remarquable.,Été,"plage, sports nautiques, randonnées",Premium,2-3 jours,Situé près d'une gare ou station,Zone touristique sécurisée
Casablanca,hotel,Hotel Majestic,33.5910908,-7.6133195,"https://www.google.com/maps?q=33.5910908,-7.6133195",3.2,Un lieu d’accueil conçu pour offrir confort et praticité réputé pour son ambiance conviviale.,Automne,"musique traditionnelle, artisanat local, festivals",Luxe,10 jours,Situé près d'une gare ou station,Quartier calme et bien surveillé
Casablanca,hotel,Hotel Yto,33.5897726,-7.6331458,"https://www.google.com/maps?q=33.5897726,-7.6331458",3.8,Un hébergement idéal pour les voyageurs dans un cadre calme et sécurisé.,Automne,"spa, découverte culturelle, shopping",Luxe,1 semaine,Situé près d'une gare ou station,Quartier calme et bien surveillé
Casablanca,hotel,Hôtel des Négociants,33.5952809,-7.6130732,"https://www.google.com/maps?q=33.5952809,-7.6130732",3.1,Une adresse appréciée adapté aux familles et aux professionnels offrant une vue exceptionnelle.,Printemps,"festivals, artisanat local, musique traditionnelle",Luxe,2-3 jours,Facile d’accès en transport public,Environnement très sécurisé
Casablanca,hotel,Kyriad Résidence Casablanca,33.5943331,-7.599533,"https://www.google.com/maps?q=33.5943331,-7.5995330",3.2,Un lieu d’accueil adapté aux familles et aux professionnels dans un cadre calme et sécurisé.,Été,"sports nautiques, plage, randonnées",Luxe,3-5 jours,Accessible en voiture uniquement,Zone modérément sécurisée
Casablanca,hotel,Crédit Agricole du Maroc القرض الفلاحي للمغرب,33.5926933,-7.6072524,"https://www.google.com/maps?q=33.5926933,-7.6072524",5.0,Un établissement proche des attractions principales avec un service remarquable.,Hiver,"randonnées, sports nautiques, plage",Économique,10 jours,Facile d’accès en transport public,Quartier calme et bien surveillé
Casablanca,hotel,Hôtel Radisson,33.5934592,-7.60811,"https://www.google.com/maps?q=33.5934592,-7.6081100",4.2,Une adresse appréciée proche des attractions principales avec un service remarquable.,Été,"shopping, spa, découverte culturelle",Luxe,1 semaine,Accessible en voiture uniquement,Environnement très sécurisé
Casablanca,hotel,Hotel Astrid,33.5908054,-7.6163338,"https://www.google.com/maps?q=33.5908054,-7.6163338",4.8,Un hébergement proche des attractions principales offrant une vue exceptionnelle.,Automne,"découverte culturelle, shopping, spa",Premium,2-3 jours,Proche du centre-ville et des taxis,Zone touristique sécurisée
Casablanca,hotel,Suite-Hôtel Casa Diamond,33.5856982,-7.6226513,"https://www.google.com/maps?q=33.5856982,-7.6226513",5.0,Un hébergement adapté aux familles et aux professionnels réputé pour son ambiance conviviale.,Printemps,"sites historiques, activités de plein air, excursions guidées",Économique,10 jours,Proche du centre-ville et des taxis,Environnement très sécurisé
Casablanca,hotel,Hôtel Campanile Casablanca Centre-Ville,33.5935168,-7.5995277,"https://www.google.com/maps?q=33.5935168,-7.5995277",4.7,Un lieu d’accueil conçu pour offrir confort et praticité proposant un excellent rapport qualité-prix.,Automne,"musique traditionnelle, festivals, artisanat local",Premium,10 jours,Situé près d'une gare ou station,Zone modérément sécurisée
Casablanca,hotel,Mid town hotel casablanca,33.5889976,-7.6304491,"https://www.google.com/maps?q=33.5889976,-7.6304491",4.9,Un endroit chaleureux proche des attractions principales avec un service remarquable.,Automne,"randonnées, sports nautiques, plage",Économique,2-3 jours,Situé près d'une gare ou station,Zone modérément sécurisée
Casablanca,hotel,Ryad 91,33.597661,-7.6170176,"https://www.google.com/maps?q=33.5976610,-7.6170176",3.3,Un hébergement idéal pour les voyageurs offrant une vue exceptionnelle.,Été,"gastronomie locale, musées, visite de la médina",Luxe,3-5 jours,Accessible en voiture uniquement,Zone touristique sécurisée
Casablanca,hotel,Hotel Medine,33.5987198,-7.617553,"https://www.google.com/maps?q=33.5987198,-7.6175530",4.6,Un endroit chaleureux conçu pour offrir confort et praticité proposant un excellent rapport qualité-prix.,Été,"sites historiques, activités de plein air, excursions guidées",Moyen,10 jours,Proche du centre-ville et des taxis,Environnement très sécurisé
Casablanca,hotel,Hotel Candid,33.5985564,-7.6175568,"https://www.google.com/maps?q=33.5985564,-7.6175568",3.8,Un hébergement proche des attractions principales proposant un excellent rapport qualité-prix.,Printemps,"sites historiques, excursions guidées, activités de plein air",Luxe,10 jours,Proche du centre-ville et des taxis,Zone modérément sécurisée
Casablanca,hotel,Hostel Bresil,33.5981157,-7.6171647,"https://www.google.com/maps?q=33.5981157,-7.6171647",4.7,Un lieu d’accueil proche des attractions principales offrant une vue exceptionnelle.,Hiver,"sites historiques, excursions guidées, activités de plein air",Économique,1 semaine,Accessible en voiture uniquement,Environnement très sécurisé
Casablanca,hotel,La victoire,33.5991664,-7.6167972,"https://www.google.com/maps?q=33.5991664,-7.6167972",3.0,Un endroit chaleureux proche des attractions principales dans un cadre calme et sécurisé.,Automne,"activités de plein air, sites historiques, excursions guidées",Premium,3-5 jours,Facile d’accès en transport public,Zone touristique sécurisée
Casablanca,hotel,Stayhere Twin Center,33.587411,-7.6346741,"https://www.google.com/maps?q=33.5874110,-7.6346741",3.7,Un endroit chaleureux parfait pour un séjour touristique avec un service remarquable.,Automne,"sports nautiques, plage, randonnées",Économique,3-5 jours,Accessible en voiture uniquement,Zone touristique sécurisée
Casablanca,hotel,Hotel de Paris,33.592184,-7.6160696,"https://www.google.com/maps?q=33.5921840,-7.6160696",3.6,Une adresse appréciée idéal pour les voyageurs offrant une vue exceptionnelle.,Printemps,"artisanat local, festivals, musique traditionnelle",Premium,10 jours,Situé près d'une gare ou station,Environnement très sécurisé
Casablanca,hotel,Eurostars,33.5665301,-7.6509585,"https://www.google.com/maps?q=33.5665301,-7.6509585",4.0,Une adresse appréciée adapté aux familles et aux professionnels offrant une vue exceptionnelle.,Automne,"gastronomie locale, visite de la médina, musées",Économique,2-3 jours,Accessible en voiture uniquement,Quartier calme et bien surveillé
Casablanca,hotel,Hôtel Lincoln,33.5942343,-7.6119362,"https://www.google.com/maps?q=33.5942343,-7.6119362",4.0,Une adresse appréciée adapté aux familles et aux professionnels dans un cadre calme et sécurisé.,Hiver,"festivals, artisanat local, musique traditionnelle",Premium,1 semaine,Proche du centre-ville et des taxis,Environnement très sécurisé
Casablanca,hotel,Marly Boutique Hotel,33.5873894,-7.6405033,"https://www.google.com/maps?q=33.5873894,-7.6405033",5.0,Un endroit chaleureux adapté aux familles et aux professionnels proposant un excellent rapport qualité-prix.,Printemps,"musées, gastronomie locale, visite de la médina",Économique,2-3 jours,Facile d’accès en transport public,Zone modérément sécurisée
Casablanca,hotel,Citadines,33.5917571,-7.6405731,"https://www.google.com/maps?q=33.5917571,-7.6405731",3.8,Un établissement idéal pour les voyageurs avec un service remarquable.,Automne,"activités de plein air, sites historiques, excursions guidées",Luxe,1 semaine,Accessible en voiture uniquement,Quartier calme et bien surveillé
Casablanca,hotel,Zen Suites,33.5866932,-7.63955,"https://www.google.com/maps?q=33.5866932,-7.6395500",3.2,Un hébergement conçu pour offrir confort et praticité proposant un excellent rapport qualité-prix.,Printemps,"excursions guidées, activités de plein air, sites historiques",Moyen,3-5 jours,Accessible en voiture uniquement,Zone touristique sécurisée
Casablanca,hotel,ONOMO Hotel,33.586511,-7.6387828,"https://www.google.com/maps?q=33.5865110,-7.6387828",4.7,Un hébergement proche des attractions principales proposant un excellent rapport qualité-prix.,Automne,"musique traditionnelle, festivals, artisanat local",Moyen,3-5 jours,Accessible en voiture uniquement,Zone touristique sécurisée
Casablanca,hotel,Pestana,33.597788,-7.6666425,"https://www.google.com/maps?q=33.5977880,-7.6666425",4.0,Un endroit chaleureux adapté aux familles et aux professionnels réputé pour son ambiance conviviale.,Hiver,"sites historiques, excursions guidées, activités de plein air",Luxe,1 semaine,Situé près d'une gare ou station,Zone touristique sécurisée
Casablanca,hotel,Hôtel Al Mamoun فندق المامون,33.5942947,-7.6169452,"https://www.google.com/maps?q=33.5942947,-7.6169452",3.0,Un hébergement proche des attractions principales dans un cadre calme et sécurisé.,Été,"musique traditionnelle, festivals, artisanat local",Moyen,2-3 jours,Proche du centre-ville et des taxis,Quartier calme et bien surveillé
Casablanca,hotel,Appart-Hotel Bel Anfa,33.5933398,-7.6167855,"https://www.google.com/maps?q=33.5933398,-7.6167855",3.1,Un hébergement idéal pour les voyageurs dans un cadre calme et sécurisé.,Automne,"spa, découverte culturelle, shopping",Luxe,2-3 jours,Proche du centre-ville et des taxis,Quartier calme et bien surveillé
Casablanca,hotel,Barceló Casablanca,33.5910965,-7.6353824,"https://www.google.com/maps?q=33.5910965,-7.6353824",3.3,Un endroit chaleureux proche des attractions principales dans un cadre calme et sécurisé.,Automne,"shopping, spa, découverte culturelle",Moyen,2-3 jours,Situé près d'une gare ou station,Quartier calme et bien surveillé
Casablanca,hotel,Unico Hôtel,33.5850269,-7.6388782,"https://www.google.com/maps?q=33.5850269,-7.6388782",4.5,Un hébergement idéal pour les voyageurs avec un service remarquable.,Printemps,"artisanat local, festivals, musique traditionnelle",Premium,10 jours,Accessible en voiture uniquement,Zone modérément sécurisée
Casablanca,hotel,Gray Boutique Hotel Casablanca,33.5931956,-7.6409983,"https://www.google.com/maps?q=33.5931956,-7.6409983",5.0,Un lieu d’accueil proche des attractions principales offrant une vue exceptionnelle.,Hiver,"festivals, artisanat local, musique traditionnelle",Économique,2-3 jours,Accessible en voiture uniquement,Quartier calme et bien surveillé
Casablanca,hotel,Kenzi Tower Hotel,33.5865866,-7.6320846,"https://www.google.com/maps?q=33.5865866,-7.6320846",3.4,Une adresse appréciée parfait pour un séjour touristique dans un cadre calme et sécurisé.,Été,"activités de plein air, sites historiques, excursions guidées",Économique,1 semaine,Facile d’accès en transport public,Zone touristique sécurisée
Casablanca,hotel,Hôtel Down Town Maarif,33.5861685,-7.636068,"https://www.google.com/maps?q=33.5861685,-7.6360680",3.4,Un lieu d’accueil proche des attractions principales dans un cadre calme et sécurisé.,Été,"sites historiques, activités de plein air, excursions guidées",Économique,2-3 jours,Facile d’accès en transport public,Environnement très sécurisé
Casablanca,hotel,Le Palace d'Anfa,33.5899345,-7.6381384,"https://www.google.com/maps?q=33.5899345,-7.6381384",5.0,Un hébergement parfait pour un séjour touristique réputé pour son ambiance conviviale.,Été,"musées, gastronomie locale, visite de la médina",Moyen,2-3 jours,Facile d’accès en transport public,Environnement très sécurisé
Casablanca,hotel,Adagio,33.5853855,-7.6442143,"https://www.google.com/maps?q=33.5853855,-7.6442143",3.5,Un lieu d’accueil conçu pour offrir confort et praticité réputé pour son ambiance conviviale.,Printemps,"randonnées, plage, sports nautiques",Premium,2-3 jours,Accessible en voiture uniquement,Quartier calme et bien surveillé
Casablanca,hotel,Ibis,33.5778977,-7.6250489,"https://www.google.com/maps?q=33.5778977,-7.6250489",4.5,Un lieu d’accueil parfait pour un séjour touristique proposant un excellent rapport qualité-prix.,Printemps,"découverte culturelle, spa, shopping",Économique,2-3 jours,Situé près d'une gare ou station,Zone modérément sécurisée
Casablanca,hotel,New Hotel,33.5784496,-7.6250604,"https://www.google.com/maps?q=33.5784496,-7.6250604",4.7,Un établissement parfait pour un séjour touristique réputé pour son ambiance conviviale.,Printemps,"musées, visite de la médina, gastronomie locale",Premium,2-3 jours,Accessible en voiture uniquement,Zone touristique sécurisée
Casablanca,hotel,Mövenpick,33.5836818,-7.6239497,"https://www.google.com/maps?q=33.5836818,-7.6239497",4.2,Un établissement conçu pour offrir confort et praticité réputé pour son ambiance conviviale.,Hiver,"festivals, artisanat local, musique traditionnelle",Premium,1 semaine,Facile d’accès en transport public,Zone modérément sécurisée
Casablanca,hotel,Hôtel Manar,33.5955359,-7.6122717,"https://www.google.com/maps?q=33.5955359,-7.6122717",3.8,Un lieu d’accueil adapté aux familles et aux professionnels dans un cadre calme et sécurisé.,Printemps,"excursions guidées, activités de plein air, sites historiques",Premium,3-5 jours,Proche du centre-ville et des taxis,Environnement très sécurisé
Casablanca,hotel,Hôtel Suisse,33.5914255,-7.676522,"https://www.google.com/maps?q=33.5914255,-7.6765220",4.3,Un endroit chaleureux parfait pour un séjour touristique offrant une vue exceptionnelle.,Automne,"musique traditionnelle, artisanat local, festivals",Moyen,10 jours,Accessible en voiture uniquement,Environnement très sécurisé
Casablanca,hotel,Barceló Hotels & Resorts,33.5947874,-7.628718,"https://www.google.com/maps?q=33.5947874,-7.6287180",3.6,Un lieu d’accueil adapté aux familles et aux professionnels dans un cadre calme et sécurisé.,Printemps,"sports nautiques, randonnées, plage",Économique,1 semaine,Accessible en voiture uniquement,Zone touristique sécurisée
Casablanca,hotel,Hôtel Rania Belmadina,33.5825878,-7.6303891,"https://www.google.com/maps?q=33.5825878,-7.6303891",3.0,Un établissement conçu pour offrir confort et praticité réputé pour son ambiance conviviale.,Hiver,"sports nautiques, plage, randonnées",Économique,3-5 jours,Accessible en voiture uniquement,Quartier calme et bien surveillé
Casablanca,hotel,Hôtel Nodom,33.5840642,-7.6309194,"https://www.google.com/maps?q=33.5840642,-7.6309194",4.6,Un lieu d’accueil conçu pour offrir confort et praticité offrant une vue exceptionnelle.,Hiver,"excursions guidées, sites historiques, activités de plein air",Économique,3-5 jours,Accessible en voiture uniquement,Quartier calme et bien surveillé
Casablanca,hotel,Avenue Suites,33.5779047,-7.6368116,"https://www.google.com/maps?q=33.5779047,-7.6368116",3.6,Une adresse appréciée adapté aux familles et aux professionnels dans un cadre calme et sécurisé.,Printemps,"spa, découverte culturelle, shopping",Luxe,1 semaine,Situé près d'une gare ou station,Quartier calme et bien surveillé
Casablanca,hotel,LXR by Hilton,33.5888462,-7.6389394,"https://www.google.com/maps?q=33.5888462,-7.6389394",4.6,Un établissement adapté aux familles et aux professionnels avec un service remarquable.,Été,"sites historiques, excursions guidées, activités de plein air",Luxe,3-5 jours,Accessible en voiture uniquement,Environnement très sécurisé
Casablanca,hotel,Casablanca Le Lido Thalasso & Spa,33.5973576,-7.6703258,"https://www.google.com/maps?q=33.5973576,-7.6703258",4.7,Une adresse appréciée conçu pour offrir confort et praticité avec un service remarquable.,Hiver,"shopping, spa, découverte culturelle",Luxe,2-3 jours,Proche du centre-ville et des taxis,Zone touristique sécurisée
Casablanca,hotel,Le Casablanca,33.5886569,-7.6477704,"https://www.google.com/maps?q=33.5886569,-7.6477704",5.0,Un lieu d’accueil proche des attractions principales avec un service remarquable.,Hiver,"randonnées, plage, sports nautiques",Moyen,2-3 jours,Accessible en voiture uniquement,Zone modérément sécurisée
Casablanca,hotel,Ibis,33.5388078,-7.6409047,"https://www.google.com/maps?q=33.5388078,-7.6409047",3.6,Un lieu d’accueil idéal pour les voyageurs réputé pour son ambiance conviviale.,Été,"sports nautiques, randonnées, plage",Moyen,2-3 jours,Situé près d'une gare ou station,Zone touristique sécurisée
Casablanca,hotel,Idou Anfa Hotel,33.5923273,-7.6327735,"https://www.google.com/maps?q=33.5923273,-7.6327735",3.4,Un lieu d’accueil adapté aux familles et aux professionnels avec un service remarquable.,Hiver,"musées, visite de la médina, gastronomie locale",Premium,1 semaine,Situé près d'une gare ou station,Zone touristique sécurisée
Casablanca,hotel,Hôtel Le 135,33.58683,-7.6213306,"https://www.google.com/maps?q=33.5868300,-7.6213306",5.0,Un endroit chaleureux adapté aux familles et aux professionnels avec un service remarquable.,Automne,"sites historiques, excursions guidées, activités de plein air",Luxe,1 semaine,Facile d’accès en transport public,Zone touristique sécurisée
Casablanca,hotel,Ibis Casablanca City Centre,33.5986167,-7.6132842,"https://www.google.com/maps?q=33.5986167,-7.6132842",3.0,Un lieu d’accueil conçu pour offrir confort et praticité avec un service remarquable.,Printemps,"activités de plein air, sites historiques, excursions guidées",Premium,3-5 jours,Accessible en voiture uniquement,Quartier calme et bien surveillé
Casablanca,hotel,Golden Tulip Hôtel Farah,33.5963077,-7.6101647,"https://www.google.com/maps?q=33.5963077,-7.6101647",3.2,Un établissement proche des attractions principales proposant un excellent rapport qualité-prix.,Été,"artisanat local, festivals, musique traditionnelle",Premium,3-5 jours,Proche du centre-ville et des taxis,Environnement très sécurisé
Casablanca,hotel,Hôtel Toubkal,33.597432,-7.6146123,"https://www.google.com/maps?q=33.5974320,-7.6146123",3.4,Un endroit chaleureux parfait pour un séjour touristique dans un cadre calme et sécurisé.,Hiver,"gastronomie locale, visite de la médina, musées",Premium,3-5 jours,Facile d’accès en transport public,Zone modérément sécurisée
Casablanca,hotel,Hyatt Regency Casablanca,33.5960726,-7.6188206,"https://www.google.com/maps?q=33.5960726,-7.6188206",5.0,Une adresse appréciée idéal pour les voyageurs offrant une vue exceptionnelle.,Hiver,"activités de plein air, sites historiques, excursions guidées",Premium,2-3 jours,Facile d’accès en transport public,Quartier calme et bien surveillé
Casablanca,hotel,Hotel de Prince de Paris,33.5929823,-7.6199484,"https://www.google.com/maps?q=33.5929823,-7.6199484",3.9,Une adresse appréciée adapté aux familles et aux professionnels proposant un excellent rapport qualité-prix.,Automne,"artisanat local, festivals, musique traditionnelle",Premium,3-5 jours,Accessible en voiture uniquement,Zone modérément sécurisée
Casablanca,hotel,Hotel Prince de Paris,33.5933738,-7.6203939,"https://www.google.com/maps?q=33.5933738,-7.6203939",5.0,Un établissement adapté aux familles et aux professionnels dans un cadre calme et sécurisé.,Printemps,"festivals, artisanat local, musique traditionnelle",Luxe,2-3 jours,Facile d’accès en transport public,Quartier calme et bien surveillé
Casablanca,hotel,Hôtel Odyss,33.5959911,-7.6136348,"https://www.google.com/maps?q=33.5959911,-7.6136348",3.9,Un lieu d’accueil idéal pour les voyageurs avec un service remarquable.,Automne,"spa, shopping, découverte culturelle",Moyen,2-3 jours,Situé près d'une gare ou station,Quartier calme et bien surveillé
Casablanca,hotel,Hotel Montparnasse,33.5872808,-7.6153158,"https://www.google.com/maps?q=33.5872808,-7.6153158",3.8,Une adresse appréciée conçu pour offrir confort et praticité dans un cadre calme et sécurisé.,Hiver,"gastronomie locale, musées, visite de la médina",Économique,10 jours,Accessible en voiture uniquement,Environnement très sécurisé
Casablanca,hotel,Hôtel Métropole,33.5930401,-7.6084719,"https://www.google.com/maps?q=33.5930401,-7.6084719",4.8,Un endroit chaleureux adapté aux familles et aux professionnels dans un cadre calme et sécurisé.,Été,"activités de plein air, excursions guidées, sites historiques",Luxe,2-3 jours,Facile d’accès en transport public,Quartier calme et bien surveillé
Casablanca,hotel,Hôtel Coli,33.5934355,-7.6118207,"https://www.google.com/maps?q=33.5934355,-7.6118207",4.1,Un établissement conçu pour offrir confort et praticité proposant un excellent rapport qualité-prix.,Printemps,"sports nautiques, plage, randonnées",Luxe,10 jours,Accessible en voiture uniquement,Zone touristique sécurisée
Casablanca,hotel,Hôtel du Centre,33.5971974,-7.6147378,"https://www.google.com/maps?q=33.5971974,-7.6147378",3.5,Une adresse appréciée adapté aux familles et aux professionnels proposant un excellent rapport qualité-prix.,Printemps,"activités de plein air, excursions guidées, sites historiques",Moyen,2-3 jours,Accessible en voiture uniquement,Environnement très sécurisé
Casablanca,hotel,Hotel Champian,33.5912096,-7.6143448,"https://www.google.com/maps?q=33.5912096,-7.6143448",4.0,Un hébergement proche des attractions principales offrant une vue exceptionnelle.,Hiver,"shopping, découverte culturelle, spa",Premium,3-5 jours,Facile d’accès en transport public,Zone modérément sécurisée
Casablanca,hotel,Hôtel Lorraine,33.5927104,-7.6066697,"https://www.google.com/maps?q=33.5927104,-7.6066697",4.9,Une adresse appréciée parfait pour un séjour touristique avec un service remarquable.,Été,"plage, randonnées, sports nautiques",Luxe,2-3 jours,Proche du centre-ville et des taxis,Quartier calme et bien surveillé
Casablanca,hotel,Hotel Antel,33.5887048,-7.6095918,"https://www.google.com/maps?q=33.5887048,-7.6095918",3.3,Un lieu d’accueil parfait pour un séjour touristique dans un cadre calme et sécurisé.,Hiver,"sites historiques, activités de plein air, excursions guidées",Luxe,1 semaine,Accessible en voiture uniquement,Quartier calme et bien surveillé
Casablanca,hotel,Hotel du Palais,33.5901669,-7.616701,"https://www.google.com/maps?q=33.5901669,-7.6167010",4.9,Une adresse appréciée conçu pour offrir confort et praticité dans un cadre calme et sécurisé.,Été,"festivals, artisanat local, musique traditionnelle",Moyen,3-5 jours,Facile d’accès en transport public,Zone touristique sécurisée
Casablanca,hotel,Casablanca Suites & Spa,33.5373315,-7.6482759,"https://www.google.com/maps?q=33.5373315,-7.6482759",3.0,Une adresse appréciée idéal pour les voyageurs réputé pour son ambiance conviviale.,Hiver,"shopping, spa, découverte culturelle",Économique,10 jours,Accessible en voiture uniquement,Environnement très sécurisé
Casablanca,hotel,Hilton Garden Inn Casablanca Sud,33.5081483,-7.6309878,"https://www.google.com/maps?q=33.5081483,-7.6309878",4.9,Un hébergement conçu pour offrir confort et praticité avec un service remarquable.,Été,"festivals, artisanat local, musique traditionnelle",Économique,1 semaine,Accessible en voiture uniquement,Zone touristique sécurisée
Casablanca,hotel,Las vegas Hotel,33.5658552,-7.6280801,"https://www.google.com/maps?q=33.5658552,-7.6280801",3.5,Un hébergement parfait pour un séjour touristique avec un service remarquable.,Printemps,"visite de la médina, gastronomie locale, musées",Moyen,3-5 jours,Situé près d'une gare ou station,Environnement très sécurisé
Casablanca,hotel,LXR by Hilton,33.5888491,-7.6389403,"https://www.google.com/maps?q=33.5888491,-7.6389403",4.6,Une adresse appréciée adapté aux familles et aux professionnels réputé pour son ambiance conviviale.,Printemps,"excursions guidées, sites historiques, activités de plein air",Économique,3-5 jours,Situé près d'une gare ou station,Environnement très sécurisé
Casablanca,guest_house,My Home,33.5386658,-7.6967387,"https://www.google.com/maps?q=33.5386658,-7.6967387",3.7,Une adresse appréciée idéal pour les voyageurs offrant une vue exceptionnelle.,Hiver,"randonnées, plage, sports nautiques",Luxe,3-5 jours,Proche du centre-ville et des taxis,Zone touristique sécurisée
Casablanca,guest_house,Mehdi House,33.5991958,-7.6208392,"https://www.google.com/maps?q=33.5991958,-7.6208392",4.5,Un lieu d’accueil parfait pour un séjour touristique dans un cadre calme et sécurisé.,Automne,"visite de la médina, musées, gastronomie locale",Luxe,1 semaine,Situé près d'une gare ou station,Zone modérément sécurisée
Casablanca,guest_house,Mon Domicile,33.5113289,-7.6720747,"https://www.google.com/maps?q=33.5113289,-7.6720747",3.9,Un endroit chaleureux adapté aux familles et aux professionnels réputé pour son ambiance conviviale.,Printemps,"sports nautiques, randonnées, plage",Moyen,2-3 jours,Accessible en voiture uniquement,Quartier calme et bien surveillé
Casablanca,guest_house,公寓,33.5763819,-7.6152137,"https://www.google.com/maps?q=33.5763819,-7.6152137",4.5,Un endroit chaleureux proche des attractions principales avec un service remarquable.,Printemps,"excursions guidées, activités de plein air, sites historiques",Luxe,10 jours,Proche du centre-ville et des taxis,Zone modérément sécurisée
Casablanca,guest_house,Kamali moeder huis,33.5488694,-7.6863055,"https://www.google.com/maps?q=33.5488694,-7.6863055",4.3,Un lieu d’accueil conçu pour offrir confort et praticité dans un cadre calme et sécurisé.,Été,"excursions guidées, sites historiques, activités de plein air",Premium,1 semaine,Facile d’accès en transport public,Zone modérément sécurisée
Casablanca,guest_house,Kamali moeder huis,33.5484018,-7.6860323,"https://www.google.com/maps?q=33.5484018,-7.6860323",4.7,Un lieu d’accueil idéal pour les voyageurs offrant une vue exceptionnelle.,Automne,"découverte culturelle, spa, shopping",Premium,3-5 jours,Facile d’accès en transport public,Quartier calme et bien surveillé
Casablanca,guest_house,بيت,33.5452155,-7.6906519,"https://www.google.com/maps?q=33.5452155,-7.6906519",3.7,Un hébergement proche des attractions principales avec un service remarquable.,Hiver,"musique traditionnelle, artisanat local, festivals",Luxe,3-5 jours,Facile d’accès en transport public,Zone touristique sécurisée
Casablanca,hostel,Youth Hostel International,33.6003528,-7.617292,"https://www.google.com/maps?q=33.6003528,-7.6172920",4.1,Un hébergement adapté aux familles et aux professionnels réputé pour son ambiance conviviale.,Été,"randonnées, plage, sports nautiques",Moyen,10 jours,Facile d’accès en transport public,Zone touristique sécurisée
Casablanca,hostel,Leyna,33.5852553,-7.6117792,"https://www.google.com/maps?q=33.5852553,-7.6117792",3.9,Un hébergement parfait pour un séjour touristique dans un cadre calme et sécurisé.,Automne,"sports nautiques, randonnées, plage",Moyen,2-3 jours,Proche du centre-ville et des taxis,Zone modérément sécurisée
Casablanca,hostel,Cas 1388,33.5066111,-7.6310278,"https://www.google.com/maps?q=33.5066111,-7.6310278",4.1,Une adresse appréciée parfait pour un séjour touristique réputé pour son ambiance conviviale.,Printemps,"gastronomie locale, visite de la médina, musées",Premium,1 semaine,Accessible en voiture uniquement,Zone touristique sécurisée
Casablanca,hostel,Youth Hostel International,33.6003416,-7.6173536,"https://www.google.com/maps?q=33.6003416,-7.6173536",4.3,Un lieu d’accueil idéal pour les voyageurs avec un service remarquable.,Printemps,"artisanat local, musique traditionnelle, festivals",Économique,1 semaine,Situé près d'une gare ou station,Zone touristique sécurisée
Casablanca,motel,zitoni,33.5417071,-7.691632,"https://www.google.com/maps?q=33.5417071,-7.6916320",4.1,Un hébergement conçu pour offrir confort et praticité proposant un excellent rapport qualité-prix.,Hiver,"spa, découverte culturelle, shopping",Économique,2-3 jours,Accessible en voiture uniquement,Zone modérément sécurisée
Casablanca,apartment,Fouad,33.5288913,-7.6475448,"https://www.google.com/maps?q=33.5288913,-7.6475448",4.6,Une adresse appréciée parfait pour un séjour touristique proposant un excellent rapport qualité-prix.,Automne,"spa, shopping, découverte culturelle",Premium,1 semaine,Accessible en voiture uniquement,Environnement très sécurisé
Casablanca,apartment,Apolline flat,33.5830148,-7.6282126,"https://www.google.com/maps?q=33.5830148,-7.6282126",4.0,Un établissement idéal pour les voyageurs offrant une vue exceptionnelle.,Automne,"découverte culturelle, spa, shopping",Premium,2-3 jours,Accessible en voiture uniquement,Zone touristique sécurisée
Casablanca,apartment,Cas 1364,33.5407222,-7.6834444,"https://www.google.com/maps?q=33.5407222,-7.6834444",4.9,Une adresse appréciée adapté aux familles et aux professionnels dans un cadre calme et sécurisé.,Automne,"plage, randonnées, sports nautiques",Moyen,10 jours,Accessible en voiture uniquement,Zone modérément sécurisée
Casablanca,apartment,Mouksit Mohamed,33.5845581,-7.6197021,"https://www.google.com/maps?q=33.5845581,-7.6197021",3.9,Un lieu d’accueil conçu pour offrir confort et praticité dans un cadre calme et sécurisé.,Automne,"festivals, musique traditionnelle, artisanat local",Luxe,3-5 jours,Situé près d'une gare ou station,Environnement très sécurisé
Casablanca,apartment,Kyriad Résidence,33.5939679,-7.5995204,"https://www.google.com/maps?q=33.5939679,-7.5995204",3.9,Un établissement adapté aux familles et aux professionnels offrant une vue exceptionnelle.,Printemps,"activités de plein air, sites historiques, excursions guidées",Moyen,3-5 jours,Situé près d'une gare ou station,Zone touristique sécurisée
Casablanca,apartment,إقامة الوفاء,33.5756389,-7.6415767,"https://www.google.com/maps?q=33.5756389,-7.6415767",4.2,Une adresse appréciée parfait pour un séjour touristique dans un cadre calme et sécurisé.,Hiver,"sites historiques, activités de plein air, excursions guidées",Économique,1 semaine,Accessible en voiture uniquement,Zone modérément sécurisée
Casablanca,apartment,my,33.6040617,-7.6281286,"https://www.google.com/maps?q=33.6040617,-7.6281286",3.5,Un lieu d’accueil parfait pour un séjour touristique offrant une vue exceptionnelle.,Hiver,"visite de la médina, musées, gastronomie locale",Économique,1 semaine,Situé près d'une gare ou station,Zone touristique sécurisée
Casablanca,apartment,Posible airbnb,33.6029175,-7.6414867,"https://www.google.com/maps?q=33.6029175,-7.6414867",4.0,Un établissement idéal pour les voyageurs dans un cadre calme et sécurisé.,Hiver,"activités de plein air, sites historiques, excursions guidées",Premium,10 jours,Situé près d'une gare ou station,Zone modérément sécurisée
Casablanca,chalet,Résidence Casablanca,33.5939536,-7.633777,"https://www.google.com/maps?q=33.5939536,-7.6337770",3.8,Une adresse appréciée proche des attractions principales dans un cadre calme et sécurisé.,Printemps,"musique traditionnelle, artisanat local, festivals",Économique,1 semaine,Proche du centre-ville et des taxis,Environnement très sécurisé
Rabat,hotel,Soundouss Hotel,33.9954437,-6.8509562,"https://www.google.com/maps?q=33.9954437,-6.8509562",4.0,Un établissement proche des attractions principales dans un cadre calme et sécurisé.,Hiver,"activités de plein air, sites historiques, excursions guidées",Moyen,10 jours,Accessible en voiture uniquement,Environnement très sécurisé
Rabat,hotel,Hôtel des Oudaias,34.0295641,-6.8371705,"https://www.google.com/maps?q=34.0295641,-6.8371705",5.0,Un endroit chaleureux proche des attractions principales proposant un excellent rapport qualité-prix.,Hiver,"excursions guidées, sites historiques, activités de plein air",Moyen,3-5 jours,Situé près d'une gare ou station,Quartier calme et bien surveillé
Rabat,hotel,Helnan Chellah,34.0142801,-6.8317277,"https://www.google.com/maps?q=34.0142801,-6.8317277",4.0,Un lieu d’accueil idéal pour les voyageurs réputé pour son ambiance conviviale.,Été,"gastronomie locale, musées, visite de la médina",Luxe,10 jours,Accessible en voiture uniquement,Zone modérément sécurisée
Rabat,hotel,Hôtel La Tour Hassan,34.0196347,-6.8298442,"https://www.google.com/maps?q=34.0196347,-6.8298442",3.9,Un établissement proche des attractions principales offrant une vue exceptionnelle.,Automne,"sites historiques, excursions guidées, activités de plein air",Économique,10 jours,Situé près d'une gare ou station,Quartier calme et bien surveillé
Rabat,hotel,Hôtel Rabat,34.0205362,-6.8298919,"https://www.google.com/maps?q=34.0205362,-6.8298919",4.6,Un hébergement adapté aux familles et aux professionnels dans un cadre calme et sécurisé.,Automne,"découverte culturelle, shopping, spa",Économique,3-5 jours,Accessible en voiture uniquement,Zone touristique sécurisée
Rabat,hotel,Villa Mandarine,33.9648683,-6.8477025,"https://www.google.com/maps?q=33.9648683,-6.8477025",3.9,Un hébergement proche des attractions principales réputé pour son ambiance conviviale.,Printemps,"randonnées, sports nautiques, plage",Luxe,10 jours,Situé près d'une gare ou station,Environnement très sécurisé
Rabat,hotel,Le Diwan,34.0175741,-6.8279059,"https://www.google.com/maps?q=34.0175741,-6.8279059",4.0,Un endroit chaleureux conçu pour offrir confort et praticité offrant une vue exceptionnelle.,Hiver,"festivals, musique traditionnelle, artisanat local",Premium,3-5 jours,Facile d’accès en transport public,Environnement très sécurisé
Rabat,hotel,Majliss,34.0164825,-6.8366638,"https://www.google.com/maps?q=34.0164825,-6.8366638",4.3,Un hébergement idéal pour les voyageurs proposant un excellent rapport qualité-prix.,Printemps,"visite de la médina, musées, gastronomie locale",Luxe,2-3 jours,Facile d’accès en transport public,Environnement très sécurisé
Rabat,hotel,Hôtel Majestic,34.0212872,-6.8394443,"https://www.google.com/maps?q=34.0212872,-6.8394443",4.2,Un hébergement conçu pour offrir confort et praticité proposant un excellent rapport qualité-prix.,Été,"randonnées, sports nautiques, plage",Moyen,10 jours,Proche du centre-ville et des taxis,Zone modérément sécurisée
Rabat,hotel,Hôtel Yasmine,34.0204173,-6.828931,"https://www.google.com/maps?q=34.0204173,-6.8289310",3.6,Un établissement idéal pour les voyageurs proposant un excellent rapport qualité-prix.,Été,"sports nautiques, plage, randonnées",Moyen,10 jours,Facile d’accès en transport public,Quartier calme et bien surveillé
Rabat,hotel,Hotel Mercure Sherazade,34.0192103,-6.8228848,"https://www.google.com/maps?q=34.0192103,-6.8228848",4.5,Un lieu d’accueil conçu pour offrir confort et praticité dans un cadre calme et sécurisé.,Automne,"excursions guidées, sites historiques, activités de plein air",Moyen,10 jours,Proche du centre-ville et des taxis,Environnement très sécurisé
Rabat,hotel,Le Pietri,34.0162377,-6.8322101,"https://www.google.com/maps?q=34.0162377,-6.8322101",3.1,Un établissement proche des attractions principales dans un cadre calme et sécurisé.,Hiver,"shopping, découverte culturelle, spa",Premium,3-5 jours,Situé près d'une gare ou station,Zone touristique sécurisée
Rabat,hotel,Hotel Golden Tulip,34.0257722,-6.8260428,"https://www.google.com/maps?q=34.0257722,-6.8260428",3.3,Un endroit chaleureux adapté aux familles et aux professionnels avec un service remarquable.,Automne,"plage, randonnées, sports nautiques",Moyen,10 jours,Accessible en voiture uniquement,Quartier calme et bien surveillé
Rabat,hotel,Mihad Hotel,33.9968005,-6.8458387,"https://www.google.com/maps?q=33.9968005,-6.8458387",3.3,Un hébergement proche des attractions principales avec un service remarquable.,Printemps,"découverte culturelle, spa, shopping",Économique,3-5 jours,Facile d’accès en transport public,Zone modérément sécurisée
Rabat,hotel,Hôtel Atlantic,33.9965337,-6.8474374,"https://www.google.com/maps?q=33.9965337,-6.8474374",3.5,Un lieu d’accueil proche des attractions principales dans un cadre calme et sécurisé.,Printemps,"visite de la médina, musées, gastronomie locale",Économique,2-3 jours,Accessible en voiture uniquement,Quartier calme et bien surveillé
Rabat,hotel,Hôtel Rihab,34.0206863,-6.8271917,"https://www.google.com/maps?q=34.0206863,-6.8271917",3.1,Un endroit chaleureux idéal pour les voyageurs avec un service remarquable.,Été,"sites historiques, activités de plein air, excursions guidées",Luxe,2-3 jours,Facile d’accès en transport public,Zone modérément sécurisée
Rabat,hotel,Hôtel Malak,34.0225205,-6.8315281,"https://www.google.com/maps?q=34.0225205,-6.8315281",4.4,Un hébergement parfait pour un séjour touristique proposant un excellent rapport qualité-prix.,Automne,"shopping, découverte culturelle, spa",Premium,3-5 jours,Situé près d'une gare ou station,Environnement très sécurisé
Rabat,hotel,Capitol,34.0213311,-6.8365261,"https://www.google.com/maps?q=34.0213311,-6.8365261",3.3,Un établissement proche des attractions principales proposant un excellent rapport qualité-prix.,Été,"activités de plein air, excursions guidées, sites historiques",Économique,10 jours,Situé près d'une gare ou station,Environnement très sécurisé
Rabat,hotel,Splendide,34.0209254,-6.8369941,"https://www.google.com/maps?q=34.0209254,-6.8369941",3.0,Une adresse appréciée idéal pour les voyageurs réputé pour son ambiance conviviale.,Hiver,"activités de plein air, excursions guidées, sites historiques",Luxe,2-3 jours,Facile d’accès en transport public,Zone modérément sécurisée
Rabat,hotel,Royal Hôtel,34.0207014,-6.8355057,"https://www.google.com/maps?q=34.0207014,-6.8355057",4.5,Un hébergement conçu pour offrir confort et praticité réputé pour son ambiance conviviale.,Été,"activités de plein air, excursions guidées, sites historiques",Moyen,1 semaine,Proche du centre-ville et des taxis,Quartier calme et bien surveillé
Rabat,hotel,Malak,34.0219561,-6.8308735,"https://www.google.com/maps?q=34.0219561,-6.8308735",3.8,Un endroit chaleureux conçu pour offrir confort et praticité réputé pour son ambiance conviviale.,Printemps,"musées, gastronomie locale, visite de la médina",Économique,2-3 jours,Facile d’accès en transport public,Zone modérément sécurisée
Rabat,hotel,Hôtel de France,34.0226818,-6.8395168,"https://www.google.com/maps?q=34.0226818,-6.8395168",4.6,Un hébergement adapté aux familles et aux professionnels dans un cadre calme et sécurisé.,Hiver,"musique traditionnelle, festivals, artisanat local",Luxe,10 jours,Accessible en voiture uniquement,Zone touristique sécurisée
Rabat,hotel,Hôtel d'Alger,34.0227911,-6.8393318,"https://www.google.com/maps?q=34.0227911,-6.8393318",3.5,Une adresse appréciée conçu pour offrir confort et praticité offrant une vue exceptionnelle.,Automne,"gastronomie locale, visite de la médina, musées",Moyen,3-5 jours,Situé près d'une gare ou station,Zone touristique sécurisée
Rabat,hotel,Hôtel du Marché,34.0233104,-6.8391398,"https://www.google.com/maps?q=34.0233104,-6.8391398",4.3,Un établissement adapté aux familles et aux professionnels offrant une vue exceptionnelle.,Automne,"gastronomie locale, visite de la médina, musées",Luxe,3-5 jours,Proche du centre-ville et des taxis,Environnement très sécurisé
Rabat,hotel,Hôtel Assaada,34.0228632,-6.8390685,"https://www.google.com/maps?q=34.0228632,-6.8390685",4.4,Un lieu d’accueil proche des attractions principales avec un service remarquable.,Été,"activités de plein air, sites historiques, excursions guidées",Premium,10 jours,Accessible en voiture uniquement,Zone touristique sécurisée
Rabat,hotel,Hôtel des Voyageurs,34.0229712,-6.8386968,"https://www.google.com/maps?q=34.0229712,-6.8386968",5.0,Une adresse appréciée conçu pour offrir confort et praticité réputé pour son ambiance conviviale.,Hiver,"plage, randonnées, sports nautiques",Moyen,3-5 jours,Accessible en voiture uniquement,Zone touristique sécurisée
Rabat,hotel,Hôtel Afrique,34.020697,-6.8424711,"https://www.google.com/maps?q=34.0206970,-6.8424711",4.7,Un lieu d’accueil proche des attractions principales avec un service remarquable.,Été,"découverte culturelle, shopping, spa",Moyen,10 jours,Facile d’accès en transport public,Zone modérément sécurisée
Rabat,hotel,Hôtel Dakar,34.0211283,-6.8428708,"https://www.google.com/maps?q=34.0211283,-6.8428708",4.0,Un hébergement parfait pour un séjour touristique offrant une vue exceptionnelle.,Été,"visite de la médina, gastronomie locale, musées",Luxe,10 jours,Situé près d'une gare ou station,Environnement très sécurisé
Rabat,hotel,Hôtel Bélère,34.0145275,-6.8363635,"https://www.google.com/maps?q=34.0145275,-6.8363635",4.9,Une adresse appréciée parfait pour un séjour touristique avec un service remarquable.,Printemps,"sports nautiques, randonnées, plage",Économique,10 jours,Accessible en voiture uniquement,Zone modérément sécurisée
Rabat,hotel,Berlin,34.0213879,-6.8374809,"https://www.google.com/maps?q=34.0213879,-6.8374809",4.0,Un endroit chaleureux conçu pour offrir confort et praticité offrant une vue exceptionnelle.,Automne,"musées, visite de la médina, gastronomie locale",Moyen,3-5 jours,Situé près d'une gare ou station,Zone touristique sécurisée
Rabat,hotel,Hôtel Texuda,34.0228794,-6.8461415,"https://www.google.com/maps?q=34.0228794,-6.8461415",4.5,Un établissement proche des attractions principales avec un service remarquable.,Hiver,"shopping, découverte culturelle, spa",Économique,2-3 jours,Accessible en voiture uniquement,Quartier calme et bien surveillé
Rabat,hotel,bouregreg,34.0241454,-6.832152,"https://www.google.com/maps?q=34.0241454,-6.8321520",3.6,Un endroit chaleureux conçu pour offrir confort et praticité réputé pour son ambiance conviviale.,Printemps,"spa, shopping, découverte culturelle",Moyen,2-3 jours,Facile d’accès en transport public,Zone touristique sécurisée
Rabat,hotel,Hôtel Gaulois,34.0210045,-6.8378024,"https://www.google.com/maps?q=34.0210045,-6.8378024",4.8,Une adresse appréciée adapté aux familles et aux professionnels proposant un excellent rapport qualité-prix.,Hiver,"musées, visite de la médina, gastronomie locale",Premium,2-3 jours,Situé près d'une gare ou station,Zone modérément sécurisée
Rabat,hotel,فاطمة المسكينية,33.9697533,-6.8914096,"https://www.google.com/maps?q=33.9697533,-6.8914096",4.5,Un endroit chaleureux adapté aux familles et aux professionnels réputé pour son ambiance conviviale.,Printemps,"sports nautiques, randonnées, plage",Luxe,2-3 jours,Situé près d'une gare ou station,Environnement très sécurisé
Rabat,hotel,Ifriquia,34.0206585,-6.8425567,"https://www.google.com/maps?q=34.0206585,-6.8425567",4.1,Un établissement conçu pour offrir confort et praticité proposant un excellent rapport qualité-prix.,Été,"sites historiques, excursions guidées, activités de plein air",Économique,10 jours,Situé près d'une gare ou station,Zone touristique sécurisée
Rabat,hotel,Annakhil,34.0174483,-6.8254135,"https://www.google.com/maps?q=34.0174483,-6.8254135",4.1,Un hébergement idéal pour les voyageurs offrant une vue exceptionnelle.,Hiver,"excursions guidées, activités de plein air, sites historiques",Économique,2-3 jours,Situé près d'une gare ou station,Environnement très sécurisé
Rabat,hotel,Mess Off Rabat,34.0126979,-6.8315132,"https://www.google.com/maps?q=34.0126979,-6.8315132",4.3,Un établissement idéal pour les voyageurs dans un cadre calme et sécurisé.,Printemps,"festivals, artisanat local, musique traditionnelle",Premium,1 semaine,Accessible en voiture uniquement,Zone modérément sécurisée
Rabat,hotel,rent-inn,33.9951481,-6.8496665,"https://www.google.com/maps?q=33.9951481,-6.8496665",3.0,Un lieu d’accueil adapté aux familles et aux professionnels réputé pour son ambiance conviviale.,Été,"randonnées, plage, sports nautiques",Économique,10 jours,Facile d’accès en transport public,Quartier calme et bien surveillé
Rabat,hotel,Hôtel Dorhmi,34.0231296,-6.8381372,"https://www.google.com/maps?q=34.0231296,-6.8381372",3.7,Un lieu d’accueil conçu pour offrir confort et praticité offrant une vue exceptionnelle.,Automne,"spa, shopping, découverte culturelle",Moyen,10 jours,Situé près d'une gare ou station,Environnement très sécurisé
Rabat,hotel,Hôtel Dorhmi,34.0227411,-6.8381122,"https://www.google.com/maps?q=34.0227411,-6.8381122",4.3,Une adresse appréciée adapté aux familles et aux professionnels réputé pour son ambiance conviviale.,Hiver,"visite de la médina, musées, gastronomie locale",Moyen,2-3 jours,Situé près d'une gare ou station,Zone touristique sécurisée
Rabat,hotel,Smarts Hotel,34.0029059,-6.850626,"https://www.google.com/maps?q=34.0029059,-6.8506260",3.3,Un établissement proche des attractions principales dans un cadre calme et sécurisé.,Été,"spa, shopping, découverte culturelle",Luxe,1 semaine,Proche du centre-ville et des taxis,Zone touristique sécurisée
Rabat,hotel,Alsace,34.0202309,-6.8413174,"https://www.google.com/maps?q=34.0202309,-6.8413174",3.8,Une adresse appréciée proche des attractions principales avec un service remarquable.,Hiver,"spa, découverte culturelle, shopping",Moyen,1 semaine,Situé près d'une gare ou station,Quartier calme et bien surveillé
Rabat,hotel,فندق الشعب,34.0228005,-6.8373844,"https://www.google.com/maps?q=34.0228005,-6.8373844",3.6,Un hébergement parfait pour un séjour touristique réputé pour son ambiance conviviale.,Automne,"musique traditionnelle, festivals, artisanat local",Premium,10 jours,Situé près d'une gare ou station,Zone touristique sécurisée
Rabat,hotel,Kayezer,34.023315,-6.8376611,"https://www.google.com/maps?q=34.0233150,-6.8376611",4.3,Un endroit chaleureux adapté aux familles et aux professionnels proposant un excellent rapport qualité-prix.,Automne,"festivals, musique traditionnelle, artisanat local",Économique,10 jours,Situé près d'une gare ou station,Zone modérément sécurisée
Rabat,hotel,Gardenia,33.9962447,-6.8474921,"https://www.google.com/maps?q=33.9962447,-6.8474921",4.2,Une adresse appréciée adapté aux familles et aux professionnels réputé pour son ambiance conviviale.,Été,"activités de plein air, sites historiques, excursions guidées",Luxe,2-3 jours,Situé près d'une gare ou station,Zone touristique sécurisée
Rabat,hotel,Dar El Idrissi,34.0242119,-6.8366599,"https://www.google.com/maps?q=34.0242119,-6.8366599",4.9,Une adresse appréciée idéal pour les voyageurs offrant une vue exceptionnelle.,Hiver,"découverte culturelle, spa, shopping",Luxe,3-5 jours,Accessible en voiture uniquement,Zone modérément sécurisée
Rabat,hotel,Euphoriad,34.0274413,-6.8390849,"https://www.google.com/maps?q=34.0274413,-6.8390849",4.4,Une adresse appréciée proche des attractions principales proposant un excellent rapport qualité-prix.,Automne,"visite de la médina, gastronomie locale, musées",Premium,10 jours,Proche du centre-ville et des taxis,Quartier calme et bien surveillé
Rabat,hotel,Hôtel Eljadid,34.0251617,-6.8388653,"https://www.google.com/maps?q=34.0251617,-6.8388653",3.7,Un hébergement adapté aux familles et aux professionnels offrant une vue exceptionnelle.,Automne,"plage, sports nautiques, randonnées",Économique,10 jours,Accessible en voiture uniquement,Zone touristique sécurisée
Rabat,hotel,Ubay Hôtel,34.01303,-6.8297476,"https://www.google.com/maps?q=34.0130300,-6.8297476",3.0,Une adresse appréciée proche des attractions principales offrant une vue exceptionnelle.,Printemps,"artisanat local, festivals, musique traditionnelle",Économique,1 semaine,Facile d’accès en transport public,Zone touristique sécurisée
Rabat,hotel,Flower Town Hotel & Spa,33.9936679,-6.8488217,"https://www.google.com/maps?q=33.9936679,-6.8488217",4.4,Un lieu d’accueil conçu pour offrir confort et praticité avec un service remarquable.,Printemps,"excursions guidées, sites historiques, activités de plein air",Moyen,1 semaine,Accessible en voiture uniquement,Quartier calme et bien surveillé
Rabat,hotel,Hôtel Mamounia,34.0209102,-6.8391457,"https://www.google.com/maps?q=34.0209102,-6.8391457",4.5,Un établissement parfait pour un séjour touristique offrant une vue exceptionnelle.,Hiver,"visite de la médina, musées, gastronomie locale",Luxe,2-3 jours,Facile d’accès en transport public,Zone modérément sécurisée
Rabat,hotel,Riad Marhaba,34.0273271,-6.8369069,"https://www.google.com/maps?q=34.0273271,-6.8369069",3.4,Un hébergement proche des attractions principales avec un service remarquable.,Printemps,"randonnées, sports nautiques, plage",Premium,1 semaine,Accessible en voiture uniquement,Zone touristique sécurisée
Rabat,hotel,Riad Kalaa 2,34.02728,-6.8368537,"https://www.google.com/maps?q=34.0272800,-6.8368537",3.0,Un lieu d’accueil idéal pour les voyageurs proposant un excellent rapport qualité-prix.,Hiver,"artisanat local, musique traditionnelle, festivals",Premium,1 semaine,Proche du centre-ville et des taxis,Environnement très sécurisé
Rabat,hotel,Onomo Rabat Terminus,34.015983,-6.835358,"https://www.google.com/maps?q=34.0159830,-6.8353580",4.6,Une adresse appréciée parfait pour un séjour touristique réputé pour son ambiance conviviale.,Hiver,"activités de plein air, sites historiques, excursions guidées",Premium,1 semaine,Situé près d'une gare ou station,Zone modérément sécurisée
Rabat,hotel,Riad Louane,34.0270254,-6.8364168,"https://www.google.com/maps?q=34.0270254,-6.8364168",4.6,Un établissement proche des attractions principales offrant une vue exceptionnelle.,Printemps,"excursions guidées, activités de plein air, sites historiques",Moyen,2-3 jours,Situé près d'une gare ou station,Zone touristique sécurisée
Rabat,hotel,Riad Louane,34.0271657,-6.836479,"https://www.google.com/maps?q=34.0271657,-6.8364790",3.2,Un lieu d’accueil conçu pour offrir confort et praticité avec un service remarquable.,Automne,"musique traditionnelle, artisanat local, festivals",Économique,10 jours,Proche du centre-ville et des taxis,Quartier calme et bien surveillé
Rabat,hotel,Riad dar Mayssanne,34.0270043,-6.8397374,"https://www.google.com/maps?q=34.0270043,-6.8397374",4.7,Une adresse appréciée proche des attractions principales offrant une vue exceptionnelle.,Automne,"visite de la médina, musées, gastronomie locale",Premium,3-5 jours,Accessible en voiture uniquement,Quartier calme et bien surveillé
Rabat,hotel,Hotel Parisien,34.0160771,-6.8318446,"https://www.google.com/maps?q=34.0160771,-6.8318446",3.7,Un endroit chaleureux idéal pour les voyageurs avec un service remarquable.,Printemps,"excursions guidées, sites historiques, activités de plein air",Luxe,10 jours,Accessible en voiture uniquement,Quartier calme et bien surveillé
Rabat,hotel,Four Seasons Hotel Rabat at Kasr Al Bahr,34.0206634,-6.8545618,"https://www.google.com/maps?q=34.0206634,-6.8545618",3.2,Un établissement adapté aux familles et aux professionnels offrant une vue exceptionnelle.,Printemps,"visite de la médina, gastronomie locale, musées",Premium,10 jours,Accessible en voiture uniquement,Zone modérément sécurisée
Rabat,hotel,Jbara 2,34.0246975,-6.8381118,"https://www.google.com/maps?q=34.0246975,-6.8381118",3.9,Un établissement conçu pour offrir confort et praticité dans un cadre calme et sécurisé.,Automne,"visite de la médina, gastronomie locale, musées",Moyen,10 jours,Proche du centre-ville et des taxis,Zone modérément sécurisée
Rabat,hotel,Riad Safia,34.0258748,-6.839598,"https://www.google.com/maps?q=34.0258748,-6.8395980",4.6,Un lieu d’accueil parfait pour un séjour touristique dans un cadre calme et sécurisé.,Hiver,"randonnées, sports nautiques, plage",Moyen,3-5 jours,Situé près d'une gare ou station,Zone modérément sécurisée
Rabat,hotel,Riad Dar Karima,34.0263531,-6.8398269,"https://www.google.com/maps?q=34.0263531,-6.8398269",5.0,Une adresse appréciée adapté aux familles et aux professionnels offrant une vue exceptionnelle.,Printemps,"sites historiques, activités de plein air, excursions guidées",Moyen,2-3 jours,Proche du centre-ville et des taxis,Zone modérément sécurisée
Rabat,hotel,Riad Zyo,34.026076,-6.840564,"https://www.google.com/maps?q=34.0260760,-6.8405640",3.4,Un lieu d’accueil conçu pour offrir confort et praticité réputé pour son ambiance conviviale.,Automne,"randonnées, sports nautiques, plage",Luxe,1 semaine,Proche du centre-ville et des taxis,Zone touristique sécurisée
Rabat,hotel,Riad Amaris,34.0251096,-6.840177,"https://www.google.com/maps?q=34.0251096,-6.8401770",4.2,Un établissement idéal pour les voyageurs avec un service remarquable.,Été,"randonnées, sports nautiques, plage",Économique,2-3 jours,Facile d’accès en transport public,Environnement très sécurisé
Rabat,hotel,Riad Dar Soufa,34.0242412,-6.8396292,"https://www.google.com/maps?q=34.0242412,-6.8396292",3.8,Un établissement idéal pour les voyageurs proposant un excellent rapport qualité-prix.,Automne,"musées, gastronomie locale, visite de la médina",Économique,2-3 jours,Situé près d'une gare ou station,Zone modérément sécurisée
Rabat,hotel,Rive Hotel,34.0180951,-6.8253167,"https://www.google.com/maps?q=34.0180951,-6.8253167",4.6,Un lieu d’accueil idéal pour les voyageurs réputé pour son ambiance conviviale.,Hiver,"festivals, artisanat local, musique traditionnelle",Luxe,1 semaine,Facile d’accès en transport public,Quartier calme et bien surveillé
Rabat,hotel,Sofitel,33.9903667,-6.8372537,"https://www.google.com/maps?q=33.9903667,-6.8372537",4.8,Une adresse appréciée proche des attractions principales dans un cadre calme et sécurisé.,Printemps,"randonnées, plage, sports nautiques",Économique,3-5 jours,Proche du centre-ville et des taxis,Zone modérément sécurisée
Rabat,hotel,سوفيتيل الرباط جاردين دو روزيس Sofitel Rabat Jardin Des Roses,33.9906553,-6.8370105,"https://www.google.com/maps?q=33.9906553,-6.8370105",4.8,Un hébergement idéal pour les voyageurs dans un cadre calme et sécurisé.,Automne,"activités de plein air, sites historiques, excursions guidées",Premium,3-5 jours,Proche du centre-ville et des taxis,Zone modérément sécurisée
Rabat,hotel,Hotel Oscar,34.0123518,-6.8493879,"https://www.google.com/maps?q=34.0123518,-6.8493879",4.2,Une adresse appréciée proche des attractions principales avec un service remarquable.,Hiver,"excursions guidées, activités de plein air, sites historiques",Moyen,10 jours,Proche du centre-ville et des taxis,Zone modérément sécurisée
Rabat,hotel,Hôtel Balima,34.0182139,-6.8352443,"https://www.google.com/maps?q=34.0182139,-6.8352443",4.1,Un hébergement conçu pour offrir confort et praticité offrant une vue exceptionnelle.,Hiver,"gastronomie locale, visite de la médina, musées",Moyen,10 jours,Proche du centre-ville et des taxis,Environnement très sécurisé
Rabat,hotel,Le dawliz,34.028694,-6.8155373,"https://www.google.com/maps?q=34.0286940,-6.8155373",3.2,Une adresse appréciée conçu pour offrir confort et praticité avec un service remarquable.,Printemps,"sports nautiques, randonnées, plage",Luxe,1 semaine,Facile d’accès en transport public,Zone touristique sécurisée
Rabat,hotel,Hotel Farah,34.0256212,-6.8259858,"https://www.google.com/maps?q=34.0256212,-6.8259858",3.6,Un établissement parfait pour un séjour touristique avec un service remarquable.,Automne,"spa, shopping, découverte culturelle",Économique,2-3 jours,Situé près d'une gare ou station,Environnement très sécurisé
Rabat,hotel,Hotel Lemusee,34.0157454,-6.8322145,"https://www.google.com/maps?q=34.0157454,-6.8322145",4.8,Un hébergement parfait pour un séjour touristique réputé pour son ambiance conviviale.,Été,"visite de la médina, gastronomie locale, musées",Luxe,2-3 jours,Accessible en voiture uniquement,Zone touristique sécurisée
Rabat,hotel,ONOMO Hôtel Rabat Médina,34.0200527,-6.8347147,"https://www.google.com/maps?q=34.0200527,-6.8347147",3.7,Un hébergement adapté aux familles et aux professionnels proposant un excellent rapport qualité-prix.,Printemps,"excursions guidées, activités de plein air, sites historiques",Moyen,2-3 jours,Proche du centre-ville et des taxis,Zone touristique sécurisée
Rabat,hotel,Hôtel Lutece,34.0255958,-6.8430986,"https://www.google.com/maps?q=34.0255958,-6.8430986",3.4,Une adresse appréciée proche des attractions principales offrant une vue exceptionnelle.,Hiver,"spa, shopping, découverte culturelle",Luxe,2-3 jours,Proche du centre-ville et des taxis,Zone modérément sécurisée
Rabat,hotel,Hôtel Paris,34.0208341,-6.8413435,"https://www.google.com/maps?q=34.0208341,-6.8413435",4.4,Un endroit chaleureux conçu pour offrir confort et praticité offrant une vue exceptionnelle.,Hiver,"gastronomie locale, visite de la médina, musées",Moyen,3-5 jours,Situé près d'une gare ou station,Quartier calme et bien surveillé
Rabat,hotel,Hôtel de la Paix,34.0210736,-6.83664,"https://www.google.com/maps?q=34.0210736,-6.8366400",4.6,Un endroit chaleureux conçu pour offrir confort et praticité proposant un excellent rapport qualité-prix.,Hiver,"sports nautiques, plage, randonnées",Luxe,1 semaine,Proche du centre-ville et des taxis,Zone touristique sécurisée
Rabat,hotel,Ibis Hotel Agdal,33.9986523,-6.8588737,"https://www.google.com/maps?q=33.9986523,-6.8588737",3.6,Un lieu d’accueil adapté aux familles et aux professionnels dans un cadre calme et sécurisé.,Automne,"festivals, artisanat local, musique traditionnelle",Économique,3-5 jours,Facile d’accès en transport public,Zone touristique sécurisée
Rabat,hotel,The view,33.955014,-6.8672707,"https://www.google.com/maps?q=33.9550140,-6.8672707",3.2,Un lieu d’accueil conçu pour offrir confort et praticité dans un cadre calme et sécurisé.,Automne,"spa, shopping, découverte culturelle",Économique,10 jours,Accessible en voiture uniquement,Zone modérément sécurisée
Rabat,hotel,Dar Ayoub,34.0267452,-6.8384873,"https://www.google.com/maps?q=34.0267452,-6.8384873",3.6,Un lieu d’accueil idéal pour les voyageurs dans un cadre calme et sécurisé.,Automne,"musées, visite de la médina, gastronomie locale",Moyen,2-3 jours,Accessible en voiture uniquement,Quartier calme et bien surveillé
Rabat,hotel,Sofitel,33.9901069,-6.8376767,"https://www.google.com/maps?q=33.9901069,-6.8376767",4.2,Un lieu d’accueil parfait pour un séjour touristique offrant une vue exceptionnelle.,Hiver,"découverte culturelle, shopping, spa",Luxe,1 semaine,Facile d’accès en transport public,Environnement très sécurisé
Rabat,hotel,Fairmont La Marina,34.0326482,-6.8289308,"https://www.google.com/maps?q=34.0326482,-6.8289308",4.4,Un lieu d’accueil idéal pour les voyageurs offrant une vue exceptionnelle.,Automne,"artisanat local, musique traditionnelle, festivals",Premium,2-3 jours,Situé près d'une gare ou station,Environnement très sécurisé
Rabat,hotel,Hôtel Marriott Rabat فندق ماريوت الرباط,34.0038645,-6.8448617,"https://www.google.com/maps?q=34.0038645,-6.8448617",4.5,Un lieu d’accueil parfait pour un séjour touristique offrant une vue exceptionnelle.,Automne,"sites historiques, activités de plein air, excursions guidées",Économique,2-3 jours,Proche du centre-ville et des taxis,Quartier calme et bien surveillé
Rabat,hotel,Riad L'Alcazar,34.0271452,-6.8404789,"https://www.google.com/maps?q=34.0271452,-6.8404789",5.0,Un lieu d’accueil idéal pour les voyageurs offrant une vue exceptionnelle.,Printemps,"spa, découverte culturelle, shopping",Économique,3-5 jours,Facile d’accès en transport public,Zone touristique sécurisée
Rabat,guest_house,Riad Dar El Kebira,34.028225,-6.8359388,"https://www.google.com/maps?q=34.0282250,-6.8359388",3.6,Un lieu d’accueil idéal pour les voyageurs proposant un excellent rapport qualité-prix.,Printemps,"sports nautiques, randonnées, plage",Moyen,10 jours,Proche du centre-ville et des taxis,Zone modérément sécurisée
Rabat,guest_house,Riad The Repose,34.0393113,-6.8258466,"https://www.google.com/maps?q=34.0393113,-6.8258466",3.2,Un hébergement proche des attractions principales dans un cadre calme et sécurisé.,Automne,"visite de la médina, gastronomie locale, musées",Luxe,3-5 jours,Accessible en voiture uniquement,Environnement très sécurisé
Rabat,guest_house,Dar Zahra,34.0398153,-6.8265401,"https://www.google.com/maps?q=34.0398153,-6.8265401",3.7,Une adresse appréciée parfait pour un séjour touristique dans un cadre calme et sécurisé.,Été,"sites historiques, excursions guidées, activités de plein air",Luxe,1 semaine,Proche du centre-ville et des taxis,Zone modérément sécurisée
Rabat,guest_house,Riad Dar Zour,34.0224986,-6.838039,"https://www.google.com/maps?q=34.0224986,-6.8380390",4.1,Un hébergement parfait pour un séjour touristique réputé pour son ambiance conviviale.,Été,"sites historiques, excursions guidées, activités de plein air",Luxe,1 semaine,Facile d’accès en transport public,Environnement très sécurisé
Rabat,guest_house,Dar El Baraka,34.032489,-6.8351697,"https://www.google.com/maps?q=34.0324890,-6.8351697",3.2,Une adresse appréciée conçu pour offrir confort et praticité avec un service remarquable.,Hiver,"gastronomie locale, visite de la médina, musées",Premium,2-3 jours,Accessible en voiture uniquement,Zone touristique sécurisée
Rabat,guest_house,Dar Zouina,34.0326592,-6.8355849,"https://www.google.com/maps?q=34.0326592,-6.8355849",4.9,Un hébergement conçu pour offrir confort et praticité réputé pour son ambiance conviviale.,Hiver,"randonnées, sports nautiques, plage",Luxe,3-5 jours,Situé près d'une gare ou station,Zone touristique sécurisée
Rabat,guest_house,Hôtel Renaissance,34.0248612,-6.8383963,"https://www.google.com/maps?q=34.0248612,-6.8383963",3.0,Un établissement conçu pour offrir confort et praticité avec un service remarquable.,Hiver,"festivals, artisanat local, musique traditionnelle",Économique,10 jours,Accessible en voiture uniquement,Quartier calme et bien surveillé
Rabat,guest_house,Dar Mariam,33.9728187,-6.855294,"https://www.google.com/maps?q=33.9728187,-6.8552940",4.5,Un lieu d’accueil conçu pour offrir confort et praticité dans un cadre calme et sécurisé.,Hiver,"artisanat local, festivals, musique traditionnelle",Moyen,1 semaine,Proche du centre-ville et des taxis,Environnement très sécurisé
Rabat,guest_house,Riad Andalous,34.0216776,-6.8296017,"https://www.google.com/maps?q=34.0216776,-6.8296017",4.1,Une adresse appréciée conçu pour offrir confort et praticité avec un service remarquable.,Été,"excursions guidées, sites historiques, activités de plein air",Luxe,10 jours,Proche du centre-ville et des taxis,Environnement très sécurisé
Rabat,guest_house,Riad Meftaha,34.0255078,-6.8425298,"https://www.google.com/maps?q=34.0255078,-6.8425298",4.8,Un lieu d’accueil proche des attractions principales réputé pour son ambiance conviviale.,Automne,"musées, gastronomie locale, visite de la médina",Économique,2-3 jours,Situé près d'une gare ou station,Zone touristique sécurisée
Rabat,guest_house,Al Yabrouh,33.9570245,-6.8570718,"https://www.google.com/maps?q=33.9570245,-6.8570718",4.5,Un établissement adapté aux familles et aux professionnels avec un service remarquable.,Hiver,"sports nautiques, plage, randonnées",Moyen,2-3 jours,Situé près d'une gare ou station,Environnement très sécurisé
Rabat,guest_house,Al laymoune,33.9566384,-6.8565576,"https://www.google.com/maps?q=33.9566384,-6.8565576",4.9,Un endroit chaleureux proche des attractions principales réputé pour son ambiance conviviale.,Hiver,"sports nautiques, randonnées, plage",Luxe,1 semaine,Situé près d'une gare ou station,Environnement très sécurisé
Rabat,guest_house,Athuya,33.956175,-6.8583089,"https://www.google.com/maps?q=33.9561750,-6.8583089",4.5,Un établissement adapté aux familles et aux professionnels réputé pour son ambiance conviviale.,Automne,"sites historiques, excursions guidées, activités de plein air",Luxe,3-5 jours,Proche du centre-ville et des taxis,Zone touristique sécurisée
Rabat,guest_house,Riad à la Belle Etoile,34.0362264,-6.8256745,"https://www.google.com/maps?q=34.0362264,-6.8256745",4.7,Un endroit chaleureux idéal pour les voyageurs réputé pour son ambiance conviviale.,Automne,"musées, visite de la médina, gastronomie locale",Économique,2-3 jours,Facile d’accès en transport public,Zone modérément sécurisée
Rabat,guest_house,Riad Dar Lina Ryad,34.0270198,-6.8355936,"https://www.google.com/maps?q=34.0270198,-6.8355936",3.8,Une adresse appréciée idéal pour les voyageurs offrant une vue exceptionnelle.,Été,"sites historiques, excursions guidées, activités de plein air",Moyen,1 semaine,Facile d’accès en transport public,Quartier calme et bien surveillé
Rabat,guest_house,Ahmed cousin Boudra,34.0282123,-6.8051126,"https://www.google.com/maps?q=34.0282123,-6.8051126",3.4,Un lieu d’accueil idéal pour les voyageurs proposant un excellent rapport qualité-prix.,Hiver,"shopping, spa, découverte culturelle",Moyen,1 semaine,Proche du centre-ville et des taxis,Zone modérément sécurisée
Rabat,guest_house,Riad Marlinea,34.0400633,-6.8262043,"https://www.google.com/maps?q=34.0400633,-6.8262043",4.7,Un hébergement adapté aux familles et aux professionnels avec un service remarquable.,Hiver,"excursions guidées, sites historiques, activités de plein air",Premium,3-5 jours,Accessible en voiture uniquement,Quartier calme et bien surveillé
Rabat,guest_house,Dar Rhyzlene,34.0320238,-6.8353976,"https://www.google.com/maps?q=34.0320238,-6.8353976",3.8,Un hébergement parfait pour un séjour touristique avec un service remarquable.,Printemps,"gastronomie locale, musées, visite de la médina",Économique,2-3 jours,Facile d’accès en transport public,Zone touristique sécurisée
Rabat,guest_house,Riad Dar Dar,34.0263116,-6.8367506,"https://www.google.com/maps?q=34.0263116,-6.8367506",3.6,Un établissement parfait pour un séjour touristique offrant une vue exceptionnelle.,Printemps,"randonnées, plage, sports nautiques",Économique,10 jours,Situé près d'une gare ou station,Environnement très sécurisé
Rabat,guest_house,Dar Yanis,34.0249892,-6.8404597,"https://www.google.com/maps?q=34.0249892,-6.8404597",4.4,Un établissement parfait pour un séjour touristique dans un cadre calme et sécurisé.,Automne,"festivals, musique traditionnelle, artisanat local",Moyen,3-5 jours,Facile d’accès en transport public,Zone touristique sécurisée
Rabat,guest_house,Riad Dar El Ghali,34.0272396,-6.833556,"https://www.google.com/maps?q=34.0272396,-6.8335560",4.6,Un hébergement proche des attractions principales réputé pour son ambiance conviviale.,Hiver,"visite de la médina, gastronomie locale, musées",Économique,2-3 jours,Situé près d'une gare ou station,Zone modérément sécurisée
Rabat,guest_house,studio anime,34.0239339,-6.8378049,"https://www.google.com/maps?q=34.0239339,-6.8378049",3.7,Une adresse appréciée proche des attractions principales avec un service remarquable.,Hiver,"artisanat local, musique traditionnelle, festivals",Luxe,1 semaine,Situé près d'une gare ou station,Environnement très sécurisé
Rabat,guest_house,Ahlan Carolina,34.0260734,-6.8358704,"https://www.google.com/maps?q=34.0260734,-6.8358704",4.4,Un endroit chaleureux proche des attractions principales offrant une vue exceptionnelle.,Hiver,"artisanat local, festivals, musique traditionnelle",Économique,10 jours,Facile d’accès en transport public,Zone modérément sécurisée
Rabat,guest_house,Appartement Amine,34.0240974,-6.8377031,"https://www.google.com/maps?q=34.0240974,-6.8377031",4.6,Une adresse appréciée parfait pour un séjour touristique dans un cadre calme et sécurisé.,Printemps,"plage, sports nautiques, randonnées",Luxe,10 jours,Situé près d'une gare ou station,Environnement très sécurisé
Rabat,guest_house,Dar Aida,34.0268262,-6.8351645,"https://www.google.com/maps?q=34.0268262,-6.8351645",3.5,Un lieu d’accueil idéal pour les voyageurs dans un cadre calme et sécurisé.,Printemps,"découverte culturelle, shopping, spa",Économique,3-5 jours,Facile d’accès en transport public,Zone touristique sécurisée
Rabat,guest_house,Riad Dar Nawfal,34.0418993,-6.8250385,"https://www.google.com/maps?q=34.0418993,-6.8250385",4.8,Un endroit chaleureux adapté aux familles et aux professionnels avec un service remarquable.,Été,"visite de la médina, musées, gastronomie locale",Premium,2-3 jours,Proche du centre-ville et des taxis,Environnement très sécurisé
Rabat,guest_house,Riad El Wazania,34.0248444,-6.8379141,"https://www.google.com/maps?q=34.0248444,-6.8379141",4.2,Un lieu d’accueil parfait pour un séjour touristique dans un cadre calme et sécurisé.,Été,"randonnées, sports nautiques, plage",Moyen,1 semaine,Proche du centre-ville et des taxis,Zone touristique sécurisée
Rabat,guest_house,Riad El Bir,34.0255589,-6.8407036,"https://www.google.com/maps?q=34.0255589,-6.8407036",5.0,Un lieu d’accueil parfait pour un séjour touristique offrant une vue exceptionnelle.,Automne,"plage, sports nautiques, randonnées",Moyen,1 semaine,Proche du centre-ville et des taxis,Quartier calme et bien surveillé
Rabat,guest_house,Association Terre des Femmes,34.0320795,-6.8354125,"https://www.google.com/maps?q=34.0320795,-6.8354125",3.1,Un hébergement proche des attractions principales proposant un excellent rapport qualité-prix.,Automne,"musique traditionnelle, artisanat local, festivals",Premium,1 semaine,Situé près d'une gare ou station,Zone modérément sécurisée
Rabat,hostel,Auberge de Jeunes,34.0236092,-6.8413664,"https://www.google.com/maps?q=34.0236092,-6.8413664",4.3,Un lieu d’accueil idéal pour les voyageurs proposant un excellent rapport qualité-prix.,Printemps,"artisanat local, festivals, musique traditionnelle",Luxe,10 jours,Proche du centre-ville et des taxis,Zone touristique sécurisée
Rabat,hostel,Dar el Yacout,34.0275803,-6.8387906,"https://www.google.com/maps?q=34.0275803,-6.8387906",4.8,Un endroit chaleureux adapté aux familles et aux professionnels offrant une vue exceptionnelle.,Printemps,"excursions guidées, sites historiques, activités de plein air",Premium,3-5 jours,Situé près d'une gare ou station,Zone modérément sécurisée
Rabat,hostel,Dar Ibrahim,34.0257234,-6.8407763,"https://www.google.com/maps?q=34.0257234,-6.8407763",4.7,Un hébergement proche des attractions principales offrant une vue exceptionnelle.,Automne,"artisanat local, musique traditionnelle, festivals",Luxe,10 jours,Proche du centre-ville et des taxis,Zone touristique sécurisée
Rabat,hostel,Médina Surfing,34.0277844,-6.8353984,"https://www.google.com/maps?q=34.0277844,-6.8353984",4.1,Un hébergement proche des attractions principales offrant une vue exceptionnelle.,Printemps,"plage, sports nautiques, randonnées",Moyen,3-5 jours,Proche du centre-ville et des taxis,Quartier calme et bien surveillé
Rabat,motel,hostal,34.0234372,-6.8377521,"https://www.google.com/maps?q=34.0234372,-6.8377521",4.7,Un établissement proche des attractions principales offrant une vue exceptionnelle.,Automne,"sports nautiques, randonnées, plage",Premium,2-3 jours,Proche du centre-ville et des taxis,Environnement très sécurisé
Rabat,apartment,Service des mines Salé,34.0388217,-6.8084385,"https://www.google.com/maps?q=34.0388217,-6.8084385",3.4,Un endroit chaleureux adapté aux familles et aux professionnels offrant une vue exceptionnelle.,Été,"excursions guidées, activités de plein air, sites historiques",Premium,1 semaine,Situé près d'une gare ou station,Environnement très sécurisé
Rabat,chalet,Dar May,34.030687,-6.8354433,"https://www.google.com/maps?q=34.0306870,-6.8354433",4.0,Un établissement idéal pour les voyageurs proposant un excellent rapport qualité-prix.,Printemps,"plage, randonnées, sports nautiques",Économique,2-3 jours,Facile d’accès en transport public,Zone touristique sécurisée
Marrakech,hotel,Ibis Moussafir Marrakech,31.6299203,-8.0181373,"https://www.google.com/maps?q=31.6299203,-8.0181373",3.4,Une adresse appréciée proche des attractions principales avec un service remarquable.,Printemps,"excursions guidées, sites historiques, activités de plein air",Moyen,2-3 jours,Situé près d'une gare ou station,Zone touristique sécurisée
Marrakech,hotel,La Maison Arabe,31.630574,-7.9961264,"https://www.google.com/maps?q=31.6305740,-7.9961264",3.3,Une adresse appréciée parfait pour un séjour touristique offrant une vue exceptionnelle.,Été,"festivals, artisanat local, musique traditionnelle",Luxe,1 semaine,Situé près d'une gare ou station,Zone touristique sécurisée
Marrakech,hotel,ZWIN ZWIN CAFÉ,31.6219848,-7.9884598,"https://www.google.com/maps?q=31.6219848,-7.9884598",3.2,Un endroit chaleureux idéal pour les voyageurs offrant une vue exceptionnelle.,Été,"plage, sports nautiques, randonnées",Premium,10 jours,Proche du centre-ville et des taxis,Zone modérément sécurisée
Marrakech,hotel,Grand Hotel Tazi,31.6225463,-7.9895331,"https://www.google.com/maps?q=31.6225463,-7.9895331",3.5,Un endroit chaleureux adapté aux familles et aux professionnels dans un cadre calme et sécurisé.,Été,"festivals, artisanat local, musique traditionnelle",Luxe,1 semaine,Proche du centre-ville et des taxis,Quartier calme et bien surveillé
Marrakech,hotel,Hasna,31.6311229,-8.0061767,"https://www.google.com/maps?q=31.6311229,-8.0061767",3.0,Un lieu d’accueil conçu pour offrir confort et praticité proposant un excellent rapport qualité-prix.,Printemps,"randonnées, sports nautiques, plage",Moyen,2-3 jours,Facile d’accès en transport public,Quartier calme et bien surveillé
Marrakech,hotel,Hôtel kennedy Hospitality Resort,31.62377,-8.0076129,"https://www.google.com/maps?q=31.6237700,-8.0076129",3.8,Un hébergement adapté aux familles et aux professionnels proposant un excellent rapport qualité-prix.,Printemps,"activités de plein air, excursions guidées, sites historiques",Luxe,2-3 jours,Facile d’accès en transport public,Quartier calme et bien surveillé
Marrakech,hotel,Harti,31.6307737,-8.0112248,"https://www.google.com/maps?q=31.6307737,-8.0112248",4.1,Un endroit chaleureux parfait pour un séjour touristique avec un service remarquable.,Automne,"découverte culturelle, shopping, spa",Premium,3-5 jours,Facile d’accès en transport public,Environnement très sécurisé
Marrakech,hotel,Hotel Medina,31.6241004,-7.9877598,"https://www.google.com/maps?q=31.6241004,-7.9877598",3.1,Un hébergement conçu pour offrir confort et praticité proposant un excellent rapport qualité-prix.,Hiver,"sports nautiques, plage, randonnées",Luxe,2-3 jours,Accessible en voiture uniquement,Zone modérément sécurisée
Marrakech,hotel,Amalou Hotel,31.6356848,-8.017124,"https://www.google.com/maps?q=31.6356848,-8.0171240",4.5,Un établissement adapté aux familles et aux professionnels réputé pour son ambiance conviviale.,Été,"visite de la médina, musées, gastronomie locale",Économique,10 jours,Facile d’accès en transport public,Zone touristique sécurisée
Marrakech,hotel,Hotel Renaissance,31.6360136,-8.0147831,"https://www.google.com/maps?q=31.6360136,-8.0147831",4.8,Un hébergement adapté aux familles et aux professionnels avec un service remarquable.,Automne,"sites historiques, excursions guidées, activités de plein air",Économique,2-3 jours,Proche du centre-ville et des taxis,Quartier calme et bien surveillé
Marrakech,hotel,Riad Asrari,31.6360722,-7.9938514,"https://www.google.com/maps?q=31.6360722,-7.9938514",4.1,Un hébergement parfait pour un séjour touristique réputé pour son ambiance conviviale.,Hiver,"festivals, artisanat local, musique traditionnelle",Luxe,1 semaine,Facile d’accès en transport public,Quartier calme et bien surveillé
Marrakech,hotel,Le Méridien N'Fis,31.6194902,-8.008551,"https://www.google.com/maps?q=31.6194902,-8.0085510",3.1,Un lieu d’accueil parfait pour un séjour touristique proposant un excellent rapport qualité-prix.,Automne,"sports nautiques, randonnées, plage",Luxe,10 jours,Facile d’accès en transport public,Quartier calme et bien surveillé
Marrakech,hotel,centre aable,31.6232324,-7.9860498,"https://www.google.com/maps?q=31.6232324,-7.9860498",4.4,Une adresse appréciée adapté aux familles et aux professionnels proposant un excellent rapport qualité-prix.,Été,"activités de plein air, excursions guidées, sites historiques",Économique,1 semaine,Situé près d'une gare ou station,Zone modérément sécurisée
Marrakech,hotel,Imouzzer,31.6242071,-7.9882893,"https://www.google.com/maps?q=31.6242071,-7.9882893",4.5,Un hébergement parfait pour un séjour touristique réputé pour son ambiance conviviale.,Automne,"randonnées, sports nautiques, plage",Luxe,2-3 jours,Proche du centre-ville et des taxis,Zone touristique sécurisée
Marrakech,hotel,Moroccan House,31.6369825,-8.0103572,"https://www.google.com/maps?q=31.6369825,-8.0103572",3.7,Une adresse appréciée adapté aux familles et aux professionnels offrant une vue exceptionnelle.,Printemps,"artisanat local, musique traditionnelle, festivals",Luxe,3-5 jours,Facile d’accès en transport public,Environnement très sécurisé
Marrakech,hotel,Royal Mansour,31.6257236,-7.9986457,"https://www.google.com/maps?q=31.6257236,-7.9986457",3.7,Une adresse appréciée conçu pour offrir confort et praticité réputé pour son ambiance conviviale.,Hiver,"plage, sports nautiques, randonnées",Premium,3-5 jours,Situé près d'une gare ou station,Zone touristique sécurisée
Marrakech,hotel,Angsana Riad Dar Zaouia,31.6234221,-7.9845761,"https://www.google.com/maps?q=31.6234221,-7.9845761",4.6,Un hébergement parfait pour un séjour touristique dans un cadre calme et sécurisé.,Hiver,"musées, visite de la médina, gastronomie locale",Moyen,1 semaine,Proche du centre-ville et des taxis,Environnement très sécurisé
Marrakech,hotel,Al Bahja,31.6389933,-8.0169207,"https://www.google.com/maps?q=31.6389933,-8.0169207",4.3,Un hébergement conçu pour offrir confort et praticité réputé pour son ambiance conviviale.,Été,"visite de la médina, musées, gastronomie locale",Premium,1 semaine,Accessible en voiture uniquement,Zone touristique sécurisée
Marrakech,hotel,Amalay,31.636713,-8.0161353,"https://www.google.com/maps?q=31.6367130,-8.0161353",3.8,Un endroit chaleureux conçu pour offrir confort et praticité dans un cadre calme et sécurisé.,Été,"excursions guidées, sites historiques, activités de plein air",Moyen,3-5 jours,Facile d’accès en transport public,Zone touristique sécurisée
Marrakech,hotel,Mont Gueliz,31.6380034,-8.0176181,"https://www.google.com/maps?q=31.6380034,-8.0176181",3.1,Un établissement proche des attractions principales offrant une vue exceptionnelle.,Automne,"shopping, découverte culturelle, spa",Premium,2-3 jours,Proche du centre-ville et des taxis,Zone touristique sécurisée
Marrakech,hotel,CTM,31.6253394,-7.988171,"https://www.google.com/maps?q=31.6253394,-7.9881710",4.3,Une adresse appréciée adapté aux familles et aux professionnels avec un service remarquable.,Printemps,"plage, sports nautiques, randonnées",Moyen,10 jours,Proche du centre-ville et des taxis,Zone touristique sécurisée
Marrakech,hotel,Chama,31.6374799,-8.0132035,"https://www.google.com/maps?q=31.6374799,-8.0132035",4.7,Un endroit chaleureux adapté aux familles et aux professionnels réputé pour son ambiance conviviale.,Été,"shopping, découverte culturelle, spa",Moyen,2-3 jours,Proche du centre-ville et des taxis,Environnement très sécurisé
Marrakech,hotel,Diwane,31.6368486,-8.0144661,"https://www.google.com/maps?q=31.6368486,-8.0144661",4.3,Un hébergement parfait pour un séjour touristique dans un cadre calme et sécurisé.,Été,"découverte culturelle, shopping, spa",Luxe,2-3 jours,Facile d’accès en transport public,Quartier calme et bien surveillé
Marrakech,hotel,El Hazara,31.6390946,-8.017546,"https://www.google.com/maps?q=31.6390946,-8.0175460",4.4,Un endroit chaleureux idéal pour les voyageurs réputé pour son ambiance conviviale.,Été,"sports nautiques, randonnées, plage",Premium,3-5 jours,Facile d’accès en transport public,Environnement très sécurisé
Marrakech,hotel,Gallia,31.6233331,-7.988536,"https://www.google.com/maps?q=31.6233331,-7.9885360",4.2,Un établissement idéal pour les voyageurs réputé pour son ambiance conviviale.,Printemps,"excursions guidées, activités de plein air, sites historiques",Économique,3-5 jours,Accessible en voiture uniquement,Environnement très sécurisé
Marrakech,hotel,Imphollida,31.6327207,-8.0140606,"https://www.google.com/maps?q=31.6327207,-8.0140606",4.8,Un hébergement adapté aux familles et aux professionnels avec un service remarquable.,Hiver,"activités de plein air, sites historiques, excursions guidées",Économique,10 jours,Proche du centre-ville et des taxis,Quartier calme et bien surveillé
Marrakech,hotel,Les Palmiers,31.6379498,-8.0127699,"https://www.google.com/maps?q=31.6379498,-8.0127699",4.5,Un hébergement proche des attractions principales réputé pour son ambiance conviviale.,Automne,"excursions guidées, activités de plein air, sites historiques",Économique,1 semaine,Accessible en voiture uniquement,Zone modérément sécurisée
Marrakech,hotel,Mamounia,31.6219326,-7.9977054,"https://www.google.com/maps?q=31.6219326,-7.9977054",3.3,Un endroit chaleureux proche des attractions principales avec un service remarquable.,Hiver,"visite de la médina, musées, gastronomie locale",Moyen,10 jours,Facile d’accès en transport public,Environnement très sécurisé
Marrakech,hotel,Oasis,31.6376971,-8.0170914,"https://www.google.com/maps?q=31.6376971,-8.0170914",3.2,Un lieu d’accueil idéal pour les voyageurs avec un service remarquable.,Printemps,"artisanat local, festivals, musique traditionnelle",Économique,2-3 jours,Situé près d'une gare ou station,Zone modérément sécurisée
Marrakech,hotel,Oudaya,31.6359191,-8.0159078,"https://www.google.com/maps?q=31.6359191,-8.0159078",4.4,Un établissement idéal pour les voyageurs réputé pour son ambiance conviviale.,Automne,"plage, sports nautiques, randonnées",Premium,3-5 jours,Proche du centre-ville et des taxis,Environnement très sécurisé
Marrakech,hotel,Pacha,31.635879,-8.010941,"https://www.google.com/maps?q=31.6358790,-8.0109410",3.5,Un hébergement adapté aux familles et aux professionnels réputé pour son ambiance conviviale.,Été,"activités de plein air, sites historiques, excursions guidées",Moyen,2-3 jours,Proche du centre-ville et des taxis,Environnement très sécurisé
Marrakech,hotel,Toulousain,31.6350831,-8.0105603,"https://www.google.com/maps?q=31.6350831,-8.0105603",4.3,Un lieu d’accueil parfait pour un séjour touristique avec un service remarquable.,Printemps,"shopping, découverte culturelle, spa",Premium,3-5 jours,Accessible en voiture uniquement,Environnement très sécurisé
Marrakech,hotel,Voyageurs,31.6367931,-8.0135128,"https://www.google.com/maps?q=31.6367931,-8.0135128",4.2,Un endroit chaleureux proche des attractions principales proposant un excellent rapport qualité-prix.,Printemps,"gastronomie locale, visite de la médina, musées",Économique,2-3 jours,Accessible en voiture uniquement,Zone touristique sécurisée
Marrakech,hotel,Palais Sebban,31.6269176,-7.9925655,"https://www.google.com/maps?q=31.6269176,-7.9925655",3.5,Une adresse appréciée adapté aux familles et aux professionnels avec un service remarquable.,Hiver,"musique traditionnelle, artisanat local, festivals",Premium,2-3 jours,Situé près d'une gare ou station,Quartier calme et bien surveillé
Marrakech,hotel,Sofitel Marrakech Palais Imperial,31.6220642,-8.0021052,"https://www.google.com/maps?q=31.6220642,-8.0021052",4.7,Une adresse appréciée proche des attractions principales proposant un excellent rapport qualité-prix.,Hiver,"musées, gastronomie locale, visite de la médina",Économique,3-5 jours,Proche du centre-ville et des taxis,Quartier calme et bien surveillé
Marrakech,hotel,Tichka,31.6469402,-8.0180109,"https://www.google.com/maps?q=31.6469402,-8.0180109",4.6,Un hébergement parfait pour un séjour touristique offrant une vue exceptionnelle.,Été,"randonnées, sports nautiques, plage",Économique,10 jours,Proche du centre-ville et des taxis,Environnement très sécurisé
Marrakech,hotel,Hotel Farouk,31.6316211,-8.0117006,"https://www.google.com/maps?q=31.6316211,-8.0117006",4.9,Un endroit chaleureux proche des attractions principales offrant une vue exceptionnelle.,Automne,"musique traditionnelle, festivals, artisanat local",Premium,3-5 jours,Facile d’accès en transport public,Zone touristique sécurisée
Marrakech,hotel,Hotel Royal Mogador,31.6369546,-8.0001765,"https://www.google.com/maps?q=31.6369546,-8.0001765",4.8,Une adresse appréciée parfait pour un séjour touristique proposant un excellent rapport qualité-prix.,Automne,"musique traditionnelle, artisanat local, festivals",Premium,1 semaine,Accessible en voiture uniquement,Quartier calme et bien surveillé
Marrakech,hotel,El Kennaria,31.6262386,-7.986095,"https://www.google.com/maps?q=31.6262386,-7.9860950",3.8,Un hébergement idéal pour les voyageurs réputé pour son ambiance conviviale.,Hiver,"visite de la médina, musées, gastronomie locale",Économique,2-3 jours,Facile d’accès en transport public,Environnement très sécurisé
Marrakech,hotel,Hotel Almas,31.6324622,-8.0114133,"https://www.google.com/maps?q=31.6324622,-8.0114133",4.0,Un hébergement idéal pour les voyageurs offrant une vue exceptionnelle.,Été,"gastronomie locale, musées, visite de la médina",Luxe,2-3 jours,Facile d’accès en transport public,Zone touristique sécurisée
Marrakech,hotel,Hotel de France,31.6244128,-7.9872799,"https://www.google.com/maps?q=31.6244128,-7.9872799",4.9,Une adresse appréciée proche des attractions principales proposant un excellent rapport qualité-prix.,Automne,"sports nautiques, plage, randonnées",Luxe,3-5 jours,Facile d’accès en transport public,Zone modérément sécurisée
Marrakech,hotel,Grand Plaza Marrakech,31.6295177,-8.0162352,"https://www.google.com/maps?q=31.6295177,-8.0162352",4.3,Un hébergement proche des attractions principales offrant une vue exceptionnelle.,Été,"plage, sports nautiques, randonnées",Premium,2-3 jours,Accessible en voiture uniquement,Zone touristique sécurisée
Marrakech,hotel,Bab Hotel,31.6341031,-8.0151001,"https://www.google.com/maps?q=31.6341031,-8.0151001",4.4,Une adresse appréciée proche des attractions principales offrant une vue exceptionnelle.,Printemps,"activités de plein air, excursions guidées, sites historiques",Économique,2-3 jours,Proche du centre-ville et des taxis,Environnement très sécurisé
Marrakech,hotel,Hotel Agdal,31.6349929,-8.0166907,"https://www.google.com/maps?q=31.6349929,-8.0166907",3.3,Une adresse appréciée proche des attractions principales proposant un excellent rapport qualité-prix.,Été,"activités de plein air, excursions guidées, sites historiques",Luxe,2-3 jours,Situé près d'une gare ou station,Zone touristique sécurisée
Marrakech,hotel,Lawrence d'Arabie,31.6267146,-8.0161364,"https://www.google.com/maps?q=31.6267146,-8.0161364",4.6,Un endroit chaleureux parfait pour un séjour touristique offrant une vue exceptionnelle.,Été,"artisanat local, festivals, musique traditionnelle",Économique,2-3 jours,Situé près d'une gare ou station,Quartier calme et bien surveillé
Marrakech,hotel,Hotel Tachfine,31.6356839,-8.0154558,"https://www.google.com/maps?q=31.6356839,-8.0154558",4.1,Un établissement conçu pour offrir confort et praticité réputé pour son ambiance conviviale.,Hiver,"sites historiques, excursions guidées, activités de plein air",Moyen,1 semaine,Proche du centre-ville et des taxis,Zone modérément sécurisée
Marrakech,hotel,Hotel Hicam,31.6346325,-8.0165142,"https://www.google.com/maps?q=31.6346325,-8.0165142",4.2,Un endroit chaleureux proche des attractions principales dans un cadre calme et sécurisé.,Printemps,"excursions guidées, sites historiques, activités de plein air",Moyen,2-3 jours,Accessible en voiture uniquement,Zone modérément sécurisée
Marrakech,hotel,Hôtel Majorelle,31.6412163,-7.9998612,"https://www.google.com/maps?q=31.6412163,-7.9998612",4.1,Un lieu d’accueil proche des attractions principales proposant un excellent rapport qualité-prix.,Été,"sports nautiques, randonnées, plage",Économique,10 jours,Proche du centre-ville et des taxis,Zone modérément sécurisée
Marrakech,hotel,Royal Mirage Deluxe Hôtel,31.6261792,-8.0025597,"https://www.google.com/maps?q=31.6261792,-8.0025597",5.0,Une adresse appréciée adapté aux familles et aux professionnels dans un cadre calme et sécurisé.,Printemps,"sports nautiques, plage, randonnées",Économique,3-5 jours,Accessible en voiture uniquement,Zone touristique sécurisée
Marrakech,hotel,Ryad Mogador Opéra & SPA,31.6289572,-8.0158111,"https://www.google.com/maps?q=31.6289572,-8.0158111",5.0,Un hébergement adapté aux familles et aux professionnels offrant une vue exceptionnelle.,Été,"spa, découverte culturelle, shopping",Luxe,10 jours,Proche du centre-ville et des taxis,Zone touristique sécurisée
Marrakech,hotel,Résidence Marrakech Hôtel,31.6314021,-8.0160541,"https://www.google.com/maps?q=31.6314021,-8.0160541",4.3,Un hébergement idéal pour les voyageurs proposant un excellent rapport qualité-prix.,Hiver,"musique traditionnelle, artisanat local, festivals",Luxe,3-5 jours,Accessible en voiture uniquement,Environnement très sécurisé
Marrakech,hotel,Oukaimden,31.6267173,-7.9893473,"https://www.google.com/maps?q=31.6267173,-7.9893473",3.7,Un hébergement conçu pour offrir confort et praticité dans un cadre calme et sécurisé.,Hiver,"musique traditionnelle, festivals, artisanat local",Premium,3-5 jours,Situé près d'une gare ou station,Zone modérément sécurisée
Marrakech,hotel,Hotel Imilchil,31.6270665,-8.003302,"https://www.google.com/maps?q=31.6270665,-8.0033020",3.9,Un lieu d’accueil adapté aux familles et aux professionnels dans un cadre calme et sécurisé.,Été,"shopping, spa, découverte culturelle",Luxe,2-3 jours,Proche du centre-ville et des taxis,Quartier calme et bien surveillé
Marrakech,hotel,Hôtel des Almoravides,31.6280384,-7.9952708,"https://www.google.com/maps?q=31.6280384,-7.9952708",3.3,Un endroit chaleureux adapté aux familles et aux professionnels proposant un excellent rapport qualité-prix.,Été,"sites historiques, excursions guidées, activités de plein air",Moyen,2-3 jours,Situé près d'une gare ou station,Quartier calme et bien surveillé
Marrakech,hotel,Hotel Sindi Sud,31.6239417,-7.9877855,"https://www.google.com/maps?q=31.6239417,-7.9877855",4.9,Une adresse appréciée idéal pour les voyageurs dans un cadre calme et sécurisé.,Automne,"festivals, artisanat local, musique traditionnelle",Premium,10 jours,Proche du centre-ville et des taxis,Quartier calme et bien surveillé
Marrakech,hotel,Riad Slitine Marrakech,31.6234331,-7.9854985,"https://www.google.com/maps?q=31.6234331,-7.9854985",4.5,Un lieu d’accueil conçu pour offrir confort et praticité avec un service remarquable.,Automne,"sports nautiques, randonnées, plage",Luxe,3-5 jours,Proche du centre-ville et des taxis,Quartier calme et bien surveillé
Marrakech,hotel,Hotel Roux,31.6227381,-7.9901261,"https://www.google.com/maps?q=31.6227381,-7.9901261",4.8,Un endroit chaleureux parfait pour un séjour touristique avec un service remarquable.,Automne,"gastronomie locale, visite de la médina, musées",Moyen,10 jours,Situé près d'une gare ou station,Zone touristique sécurisée
Marrakech,hotel,Dar Attajmil,31.6275282,-7.9921057,"https://www.google.com/maps?q=31.6275282,-7.9921057",4.4,Un établissement idéal pour les voyageurs dans un cadre calme et sécurisé.,Printemps,"festivals, musique traditionnelle, artisanat local",Luxe,1 semaine,Facile d’accès en transport public,Environnement très sécurisé
Marrakech,hotel,Riad Dar Eliane,31.6299412,-7.985235,"https://www.google.com/maps?q=31.6299412,-7.9852350",4.4,Un endroit chaleureux conçu pour offrir confort et praticité offrant une vue exceptionnelle.,Été,"excursions guidées, activités de plein air, sites historiques",Économique,2-3 jours,Facile d’accès en transport public,Environnement très sécurisé
Marrakech,hotel,L'Heure d'Ete,31.6240026,-7.9881985,"https://www.google.com/maps?q=31.6240026,-7.9881985",5.0,Un hébergement adapté aux familles et aux professionnels proposant un excellent rapport qualité-prix.,Hiver,"activités de plein air, excursions guidées, sites historiques",Luxe,2-3 jours,Facile d’accès en transport public,Zone touristique sécurisée
Marrakech,hotel,Hotel du Tresor,31.6241368,-7.988044,"https://www.google.com/maps?q=31.6241368,-7.9880440",4.4,Une adresse appréciée parfait pour un séjour touristique dans un cadre calme et sécurisé.,Hiver,"artisanat local, festivals, musique traditionnelle",Économique,1 semaine,Accessible en voiture uniquement,Quartier calme et bien surveillé
Marrakech,hotel,Hotel Cecil,31.6251856,-7.9881138,"https://www.google.com/maps?q=31.6251856,-7.9881138",4.8,Un établissement idéal pour les voyageurs réputé pour son ambiance conviviale.,Printemps,"plage, randonnées, sports nautiques",Moyen,10 jours,Accessible en voiture uniquement,Zone touristique sécurisée
Marrakech,hotel,Villa Markassa,31.6123258,-7.9872303,"https://www.google.com/maps?q=31.6123258,-7.9872303",4.0,Un endroit chaleureux conçu pour offrir confort et praticité offrant une vue exceptionnelle.,Hiver,"gastronomie locale, visite de la médina, musées",Premium,2-3 jours,Facile d’accès en transport public,Quartier calme et bien surveillé
Marrakech,hotel,Amani hotel & apparts,31.6270295,-8.0153036,"https://www.google.com/maps?q=31.6270295,-8.0153036",4.5,Un hébergement adapté aux familles et aux professionnels réputé pour son ambiance conviviale.,Hiver,"festivals, artisanat local, musique traditionnelle",Premium,3-5 jours,Proche du centre-ville et des taxis,Zone modérément sécurisée
Marrakech,hotel,el farah,31.6231559,-7.9888256,"https://www.google.com/maps?q=31.6231559,-7.9888256",4.2,Un lieu d’accueil conçu pour offrir confort et praticité proposant un excellent rapport qualité-prix.,Hiver,"visite de la médina, musées, gastronomie locale",Moyen,1 semaine,Proche du centre-ville et des taxis,Environnement très sécurisé
Marrakech,hotel,el hilal,31.6231482,-7.9887448,"https://www.google.com/maps?q=31.6231482,-7.9887448",3.5,Un endroit chaleureux proche des attractions principales réputé pour son ambiance conviviale.,Printemps,"sites historiques, excursions guidées, activités de plein air",Luxe,10 jours,Facile d’accès en transport public,Quartier calme et bien surveillé
Marrakech,hotel,naji,31.6231635,-7.9889424,"https://www.google.com/maps?q=31.6231635,-7.9889424",3.2,Un établissement adapté aux familles et aux professionnels dans un cadre calme et sécurisé.,Printemps,"découverte culturelle, spa, shopping",Moyen,2-3 jours,Facile d’accès en transport public,Zone touristique sécurisée
Marrakech,hotel,souria,31.6231482,-7.98861,"https://www.google.com/maps?q=31.6231482,-7.9886100",4.1,Une adresse appréciée conçu pour offrir confort et praticité avec un service remarquable.,Automne,"excursions guidées, sites historiques, activités de plein air",Économique,3-5 jours,Accessible en voiture uniquement,Zone modérément sécurisée
Marrakech,hotel,assia,31.623226,-7.9886552,"https://www.google.com/maps?q=31.6232260,-7.9886552",4.4,Un hébergement parfait pour un séjour touristique proposant un excellent rapport qualité-prix.,Été,"festivals, musique traditionnelle, artisanat local",Premium,10 jours,Situé près d'une gare ou station,Zone touristique sécurisée
Marrakech,hotel,Raid Darzaouia,31.6230872,-7.9841261,"https://www.google.com/maps?q=31.6230872,-7.9841261",4.1,Une adresse appréciée idéal pour les voyageurs dans un cadre calme et sécurisé.,Automne,"artisanat local, musique traditionnelle, festivals",Moyen,3-5 jours,Proche du centre-ville et des taxis,Environnement très sécurisé
Marrakech,hotel,Dar Darma,31.6327518,-7.9851599,"https://www.google.com/maps?q=31.6327518,-7.9851599",3.2,Un lieu d’accueil proche des attractions principales avec un service remarquable.,Hiver,"gastronomie locale, musées, visite de la médina",Luxe,2-3 jours,Situé près d'une gare ou station,Zone modérément sécurisée
Marrakech,hotel,Riad Dar Lalla F'dila,31.6314014,-7.9860767,"https://www.google.com/maps?q=31.6314014,-7.9860767",3.7,Un endroit chaleureux conçu pour offrir confort et praticité proposant un excellent rapport qualité-prix.,Automne,"plage, randonnées, sports nautiques",Économique,10 jours,Proche du centre-ville et des taxis,Zone touristique sécurisée
Marrakech,hotel,Riad Les Hibiscus,31.6261125,-7.9856793,"https://www.google.com/maps?q=31.6261125,-7.9856793",3.3,Un lieu d’accueil conçu pour offrir confort et praticité proposant un excellent rapport qualité-prix.,Automne,"festivals, musique traditionnelle, artisanat local",Luxe,10 jours,Situé près d'une gare ou station,Quartier calme et bien surveillé
Marrakech,hotel,Hotel Espagne21,31.623696,-7.9878414,"https://www.google.com/maps?q=31.6236960,-7.9878414",4.2,Un établissement parfait pour un séjour touristique offrant une vue exceptionnelle.,Printemps,"sports nautiques, randonnées, plage",Premium,1 semaine,Situé près d'une gare ou station,Quartier calme et bien surveillé
Marrakech,hotel,atlassia,31.6308343,-8.0057772,"https://www.google.com/maps?q=31.6308343,-8.0057772",3.6,Un endroit chaleureux conçu pour offrir confort et praticité dans un cadre calme et sécurisé.,Printemps,"découverte culturelle, spa, shopping",Luxe,10 jours,Proche du centre-ville et des taxis,Zone touristique sécurisée
Marrakech,hotel,Hôtel Redouane فندق رضوان,31.6466276,-8.0004773,"https://www.google.com/maps?q=31.6466276,-8.0004773",4.8,Un endroit chaleureux idéal pour les voyageurs proposant un excellent rapport qualité-prix.,Été,"découverte culturelle, spa, shopping",Premium,3-5 jours,Proche du centre-ville et des taxis,Zone touristique sécurisée
Marrakech,hotel,Alkabir hotel,31.6372154,-8.0110583,"https://www.google.com/maps?q=31.6372154,-8.0110583",4.4,Un établissement parfait pour un séjour touristique proposant un excellent rapport qualité-prix.,Automne,"spa, shopping, découverte culturelle",Luxe,3-5 jours,Facile d’accès en transport public,Environnement très sécurisé
Marrakech,hotel,Maison Arabo-Andalouse,31.6187789,-7.9871523,"https://www.google.com/maps?q=31.6187789,-7.9871523",3.4,Une adresse appréciée parfait pour un séjour touristique proposant un excellent rapport qualité-prix.,Été,"randonnées, plage, sports nautiques",Luxe,10 jours,Proche du centre-ville et des taxis,Zone modérément sécurisée
Marrakech,hotel,Faouzi Hotel,31.6240686,-7.9888402,"https://www.google.com/maps?q=31.6240686,-7.9888402",4.7,Un hébergement parfait pour un séjour touristique avec un service remarquable.,Été,"sites historiques, excursions guidées, activités de plein air",Moyen,1 semaine,Facile d’accès en transport public,Quartier calme et bien surveillé
Marrakech,hotel,Riad Amani Marrakech,31.6344547,-7.9921899,"https://www.google.com/maps?q=31.6344547,-7.9921899",3.9,Un lieu d’accueil proche des attractions principales proposant un excellent rapport qualité-prix.,Été,"gastronomie locale, visite de la médina, musées",Luxe,1 semaine,Situé près d'une gare ou station,Quartier calme et bien surveillé
Marrakech,hotel,Riad des Lys,31.6170247,-7.9900285,"https://www.google.com/maps?q=31.6170247,-7.9900285",3.0,Une adresse appréciée adapté aux familles et aux professionnels réputé pour son ambiance conviviale.,Été,"activités de plein air, excursions guidées, sites historiques",Luxe,10 jours,Situé près d'une gare ou station,Zone touristique sécurisée
Marrakech,hotel,Les Trois Palmiers,31.6359853,-8.0100443,"https://www.google.com/maps?q=31.6359853,-8.0100443",3.1,Un lieu d’accueil parfait pour un séjour touristique offrant une vue exceptionnelle.,Automne,"plage, sports nautiques, randonnées",Moyen,3-5 jours,Situé près d'une gare ou station,Environnement très sécurisé
Marrakech,hotel,Gomassine,31.6366443,-8.0127972,"https://www.google.com/maps?q=31.6366443,-8.0127972",4.1,Une adresse appréciée proche des attractions principales avec un service remarquable.,Printemps,"découverte culturelle, shopping, spa",Premium,3-5 jours,Situé près d'une gare ou station,Zone touristique sécurisée
Marrakech,hotel,residence anouar,31.6431747,-8.0083039,"https://www.google.com/maps?q=31.6431747,-8.0083039",4.3,Un établissement parfait pour un séjour touristique avec un service remarquable.,Hiver,"visite de la médina, gastronomie locale, musées",Luxe,10 jours,Facile d’accès en transport public,Quartier calme et bien surveillé
Marrakech,hotel,anouar,31.6427364,-8.0088338,"https://www.google.com/maps?q=31.6427364,-8.0088338",3.5,Une adresse appréciée conçu pour offrir confort et praticité proposant un excellent rapport qualité-prix.,Printemps,"spa, shopping, découverte culturelle",Luxe,1 semaine,Accessible en voiture uniquement,Quartier calme et bien surveillé
Marrakech,hotel,Aymane,31.6235215,-7.989034,"https://www.google.com/maps?q=31.6235215,-7.9890340",4.5,Un lieu d’accueil parfait pour un séjour touristique dans un cadre calme et sécurisé.,Été,"musique traditionnelle, festivals, artisanat local",Premium,1 semaine,Facile d’accès en transport public,Quartier calme et bien surveillé
Marrakech,hotel,Chems Marrakech,31.623537,-7.9966132,"https://www.google.com/maps?q=31.6235370,-7.9966132",4.7,Une adresse appréciée parfait pour un séjour touristique offrant une vue exceptionnelle.,Printemps,"spa, découverte culturelle, shopping",Premium,1 semaine,Accessible en voiture uniquement,Zone modérément sécurisée
Marrakech,hotel,La Villa des Orangers,31.6203017,-7.9920468,"https://www.google.com/maps?q=31.6203017,-7.9920468",4.0,Une adresse appréciée proche des attractions principales réputé pour son ambiance conviviale.,Hiver,"spa, découverte culturelle, shopping",Économique,10 jours,Facile d’accès en transport public,Environnement très sécurisé
Marrakech,hotel,Hotel Amalay,31.6362247,-8.0151456,"https://www.google.com/maps?q=31.6362247,-8.0151456",3.9,Un hébergement idéal pour les voyageurs réputé pour son ambiance conviviale.,Été,"musique traditionnelle, artisanat local, festivals",Premium,2-3 jours,Accessible en voiture uniquement,Zone modérément sécurisée
Marrakech,hotel,Hammam Paradis,31.6305887,-7.9901539,"https://www.google.com/maps?q=31.6305887,-7.9901539",3.7,Un endroit chaleureux conçu pour offrir confort et praticité avec un service remarquable.,Printemps,"musique traditionnelle, artisanat local, festivals",Premium,1 semaine,Situé près d'une gare ou station,Quartier calme et bien surveillé
Marrakech,hotel,Spa Samira Riad,31.6306417,-7.9901272,"https://www.google.com/maps?q=31.6306417,-7.9901272",3.2,Un lieu d’accueil parfait pour un séjour touristique dans un cadre calme et sécurisé.,Automne,"festivals, musique traditionnelle, artisanat local",Premium,2-3 jours,Facile d’accès en transport public,Environnement très sécurisé
Marrakech,hotel,Hammam Rosa Bonheur,31.6230147,-7.9825779,"https://www.google.com/maps?q=31.6230147,-7.9825779",3.3,Un établissement conçu pour offrir confort et praticité avec un service remarquable.,Été,"festivals, musique traditionnelle, artisanat local",Luxe,3-5 jours,Facile d’accès en transport public,Zone modérément sécurisée
Marrakech,hotel,Hotel Essaouira,31.6240854,-7.9875794,"https://www.google.com/maps?q=31.6240854,-7.9875794",4.9,Une adresse appréciée adapté aux familles et aux professionnels réputé pour son ambiance conviviale.,Automne,"découverte culturelle, shopping, spa",Premium,1 semaine,Accessible en voiture uniquement,Zone modérément sécurisée
Marrakech,hotel,Hotel 2017,31.6339376,-7.9748736,"https://www.google.com/maps?q=31.6339376,-7.9748736",3.6,Un hébergement proche des attractions principales dans un cadre calme et sécurisé.,Automne,"visite de la médina, gastronomie locale, musées",Économique,2-3 jours,Situé près d'une gare ou station,Zone modérément sécurisée
Marrakech,hotel,rijad,31.6339807,-7.9736383,"https://www.google.com/maps?q=31.6339807,-7.9736383",3.5,Un hébergement parfait pour un séjour touristique proposant un excellent rapport qualité-prix.,Automne,"randonnées, sports nautiques, plage",Moyen,10 jours,Situé près d'une gare ou station,Environnement très sécurisé
Marrakech,hotel,Raid les hibiscus17,31.6261109,-7.9856554,"https://www.google.com/maps?q=31.6261109,-7.9856554",4.7,Un endroit chaleureux adapté aux familles et aux professionnels dans un cadre calme et sécurisé.,Hiver,"sports nautiques, randonnées, plage",Moyen,10 jours,Proche du centre-ville et des taxis,Zone touristique sécurisée
Marrakech,hotel,Kasbah Red Castle,31.6157537,-7.986625,"https://www.google.com/maps?q=31.6157537,-7.9866250",4.1,Un hébergement idéal pour les voyageurs proposant un excellent rapport qualité-prix.,Hiver,"musées, gastronomie locale, visite de la médina",Économique,10 jours,Facile d’accès en transport public,Environnement très sécurisé
Marrakech,hotel,Les Ambassadeurs,31.6381465,-8.0176911,"https://www.google.com/maps?q=31.6381465,-8.0176911",3.3,Un établissement conçu pour offrir confort et praticité réputé pour son ambiance conviviale.,Été,"excursions guidées, activités de plein air, sites historiques",Luxe,1 semaine,Proche du centre-ville et des taxis,Zone touristique sécurisée
Marrakech,hotel,Hotel Mimosa,31.6261144,-7.9866953,"https://www.google.com/maps?q=31.6261144,-7.9866953",3.5,Un endroit chaleureux adapté aux familles et aux professionnels avec un service remarquable.,Été,"gastronomie locale, musées, visite de la médina",Économique,1 semaine,Accessible en voiture uniquement,Environnement très sécurisé
Marrakech,hotel,Le Medina Privilege,31.6155966,-7.9859379,"https://www.google.com/maps?q=31.6155966,-7.9859379",3.4,Un lieu d’accueil conçu pour offrir confort et praticité réputé pour son ambiance conviviale.,Printemps,"visite de la médina, gastronomie locale, musées",Luxe,2-3 jours,Proche du centre-ville et des taxis,Zone touristique sécurisée
Marrakech,hotel,Riad Essaada,31.6310666,-7.9910521,"https://www.google.com/maps?q=31.6310666,-7.9910521",4.7,Un endroit chaleureux idéal pour les voyageurs réputé pour son ambiance conviviale.,Hiver,"spa, shopping, découverte culturelle",Économique,3-5 jours,Situé près d'une gare ou station,Zone touristique sécurisée
Marrakech,hotel,Semiramis,31.6477733,-8.0179544,"https://www.google.com/maps?q=31.6477733,-8.0179544",3.5,Une adresse appréciée conçu pour offrir confort et praticité offrant une vue exceptionnelle.,Été,"spa, shopping, découverte culturelle",Économique,2-3 jours,Proche du centre-ville et des taxis,Zone modérément sécurisée
Marrakech,hotel,Yaad Hotel,31.6375592,-8.0121157,"https://www.google.com/maps?q=31.6375592,-8.0121157",4.1,Un endroit chaleureux adapté aux familles et aux professionnels offrant une vue exceptionnelle.,Hiver,"sports nautiques, plage, randonnées",Économique,3-5 jours,Situé près d'une gare ou station,Zone touristique sécurisée
Marrakech,hotel,Oasis,31.6344061,-8.0150481,"https://www.google.com/maps?q=31.6344061,-8.0150481",4.2,Un établissement idéal pour les voyageurs avec un service remarquable.,Automne,"visite de la médina, musées, gastronomie locale",Luxe,1 semaine,Situé près d'une gare ou station,Zone modérément sécurisée
Marrakech,hotel,Riad Rockech,31.6128978,-7.9892033,"https://www.google.com/maps?q=31.6128978,-7.9892033",4.9,Une adresse appréciée parfait pour un séjour touristique réputé pour son ambiance conviviale.,Été,"découverte culturelle, spa, shopping",Premium,10 jours,Accessible en voiture uniquement,Zone modérément sécurisée
Marrakech,hotel,riad Sarah Sabrina,31.6299578,-7.9861504,"https://www.google.com/maps?q=31.6299578,-7.9861504",4.5,Une adresse appréciée adapté aux familles et aux professionnels avec un service remarquable.,Printemps,"plage, randonnées, sports nautiques",Moyen,2-3 jours,Facile d’accès en transport public,Environnement très sécurisé
Marrakech,hotel,lakas,31.6226479,-7.9838607,"https://www.google.com/maps?q=31.6226479,-7.9838607",4.7,Un lieu d’accueil idéal pour les voyageurs offrant une vue exceptionnelle.,Hiver,"shopping, spa, découverte culturelle",Premium,2-3 jours,Facile d’accès en transport public,Zone touristique sécurisée
Marrakech,hotel,Cocoon Riad à Marrakech,31.6337769,-7.9884162,"https://www.google.com/maps?q=31.6337769,-7.9884162",4.0,Une adresse appréciée proche des attractions principales dans un cadre calme et sécurisé.,Été,"randonnées, sports nautiques, plage",Moyen,2-3 jours,Situé près d'une gare ou station,Zone touristique sécurisée
Marrakech,hotel,Maison d'Hôtes Chamade,31.6352631,-7.9927387,"https://www.google.com/maps?q=31.6352631,-7.9927387",3.7,Une adresse appréciée adapté aux familles et aux professionnels proposant un excellent rapport qualité-prix.,Automne,"sports nautiques, randonnées, plage",Économique,1 semaine,Facile d’accès en transport public,Quartier calme et bien surveillé
Marrakech,hotel,Dar Jaguar,31.6284243,-7.98596,"https://www.google.com/maps?q=31.6284243,-7.9859600",4.2,Une adresse appréciée adapté aux familles et aux professionnels dans un cadre calme et sécurisé.,Hiver,"activités de plein air, excursions guidées, sites historiques",Luxe,1 semaine,Proche du centre-ville et des taxis,Environnement très sécurisé
Marrakech,hotel,Maison Aicha,31.6338497,-7.9983688,"https://www.google.com/maps?q=31.6338497,-7.9983688",3.8,Un lieu d’accueil proche des attractions principales proposant un excellent rapport qualité-prix.,Hiver,"activités de plein air, sites historiques, excursions guidées",Moyen,1 semaine,Proche du centre-ville et des taxis,Environnement très sécurisé
Marrakech,hotel,Maison Aicha,31.6336849,-7.9981778,"https://www.google.com/maps?q=31.6336849,-7.9981778",4.3,Un établissement conçu pour offrir confort et praticité réputé pour son ambiance conviviale.,Hiver,"excursions guidées, activités de plein air, sites historiques",Premium,2-3 jours,Facile d’accès en transport public,Environnement très sécurisé
Marrakech,hotel,Riad of the light,31.6329385,-7.9898776,"https://www.google.com/maps?q=31.6329385,-7.9898776",3.8,Un établissement conçu pour offrir confort et praticité offrant une vue exceptionnelle.,Été,"musées, visite de la médina, gastronomie locale",Économique,3-5 jours,Situé près d'une gare ou station,Zone touristique sécurisée
Marrakech,hotel,Dar Youssef Hotel,31.6240611,-7.987657,"https://www.google.com/maps?q=31.6240611,-7.9876570",3.0,Un lieu d’accueil conçu pour offrir confort et praticité offrant une vue exceptionnelle.,Printemps,"découverte culturelle, spa, shopping",Économique,1 semaine,Facile d’accès en transport public,Zone modérément sécurisée
Marrakech,hotel,Riad dar danka,31.6276315,-7.9874288,"https://www.google.com/maps?q=31.6276315,-7.9874288",4.0,Un endroit chaleureux conçu pour offrir confort et praticité offrant une vue exceptionnelle.,Été,"spa, shopping, découverte culturelle",Premium,3-5 jours,Facile d’accès en transport public,Quartier calme et bien surveillé
Marrakech,hotel,Riad l’orangeraie,31.6297839,-7.9898612,"https://www.google.com/maps?q=31.6297839,-7.9898612",4.7,Une adresse appréciée proche des attractions principales dans un cadre calme et sécurisé.,Été,"découverte culturelle, shopping, spa",Premium,1 semaine,Accessible en voiture uniquement,Zone touristique sécurisée
Marrakech,hotel,酒店,31.6207903,-7.9808862,"https://www.google.com/maps?q=31.6207903,-7.9808862",4.0,Une adresse appréciée proche des attractions principales réputé pour son ambiance conviviale.,Printemps,"randonnées, sports nautiques, plage",Moyen,10 jours,Facile d’accès en transport public,Zone touristique sécurisée
Marrakech,hotel,Riad Dar Al Hamra,31.6314123,-7.9969218,"https://www.google.com/maps?q=31.6314123,-7.9969218",4.4,Un hébergement proche des attractions principales proposant un excellent rapport qualité-prix.,Été,"musées, gastronomie locale, visite de la médina",Économique,2-3 jours,Proche du centre-ville et des taxis,Quartier calme et bien surveillé
Marrakech,hotel,فنحق الغزالة,31.6234835,-7.9899715,"https://www.google.com/maps?q=31.6234835,-7.9899715",4.3,Un endroit chaleureux adapté aux familles et aux professionnels proposant un excellent rapport qualité-prix.,Été,"découverte culturelle, spa, shopping",Économique,1 semaine,Proche du centre-ville et des taxis,Environnement très sécurisé
Marrakech,hotel,Riad Jona,31.6210482,-7.9855359,"https://www.google.com/maps?q=31.6210482,-7.9855359",3.9,Une adresse appréciée parfait pour un séjour touristique avec un service remarquable.,Été,"shopping, spa, découverte culturelle",Luxe,3-5 jours,Accessible en voiture uniquement,Environnement très sécurisé
Marrakech,hotel,Riad HAYAT,31.6248555,-7.9870031,"https://www.google.com/maps?q=31.6248555,-7.9870031",3.3,Un hébergement conçu pour offrir confort et praticité offrant une vue exceptionnelle.,Automne,"festivals, artisanat local, musique traditionnelle",Moyen,1 semaine,Accessible en voiture uniquement,Quartier calme et bien surveillé
Marrakech,hotel,Riad. Loudaya,31.6126123,-7.9863891,"https://www.google.com/maps?q=31.6126123,-7.9863891",4.2,Un établissement adapté aux familles et aux professionnels offrant une vue exceptionnelle.,Hiver,"visite de la médina, gastronomie locale, musées",Premium,2-3 jours,Proche du centre-ville et des taxis,Environnement très sécurisé
Marrakech,hotel,Savoy Le Grand Hotel,31.6178443,-8.0098503,"https://www.google.com/maps?q=31.6178443,-8.0098503",3.2,Un endroit chaleureux proche des attractions principales réputé pour son ambiance conviviale.,Printemps,"sites historiques, excursions guidées, activités de plein air",Luxe,2-3 jours,Situé près d'une gare ou station,Quartier calme et bien surveillé
Marrakech,hotel,Riad Fairouz,31.6310347,-8.0117723,"https://www.google.com/maps?q=31.6310347,-8.0117723",4.7,Un endroit chaleureux proche des attractions principales réputé pour son ambiance conviviale.,Printemps,"excursions guidées, sites historiques, activités de plein air",Luxe,2-3 jours,Proche du centre-ville et des taxis,Zone touristique sécurisée
Marrakech,hotel,Riad Dar El Boumba,31.6357966,-7.9946074,"https://www.google.com/maps?q=31.6357966,-7.9946074",4.1,Un endroit chaleureux adapté aux familles et aux professionnels réputé pour son ambiance conviviale.,Automne,"randonnées, sports nautiques, plage",Luxe,3-5 jours,Accessible en voiture uniquement,Quartier calme et bien surveillé
Marrakech,hotel,Rhiad Ecila,31.6291375,-7.9861024,"https://www.google.com/maps?q=31.6291375,-7.9861024",3.5,Un hébergement conçu pour offrir confort et praticité avec un service remarquable.,Été,"plage, randonnées, sports nautiques",Économique,3-5 jours,Situé près d'une gare ou station,Zone touristique sécurisée
Marrakech,hotel,Darsur Palais d'hotes,31.6303021,-8.0012869,"https://www.google.com/maps?q=31.6303021,-8.0012869",3.9,Un lieu d’accueil parfait pour un séjour touristique dans un cadre calme et sécurisé.,Hiver,"musique traditionnelle, artisanat local, festivals",Moyen,2-3 jours,Facile d’accès en transport public,Zone modérément sécurisée
Marrakech,hotel,Riad Villa Wenge,31.6282781,-7.9860417,"https://www.google.com/maps?q=31.6282781,-7.9860417",3.6,Un lieu d’accueil idéal pour les voyageurs proposant un excellent rapport qualité-prix.,Printemps,"musique traditionnelle, festivals, artisanat local",Économique,2-3 jours,Facile d’accès en transport public,Quartier calme et bien surveillé
Marrakech,hotel,Riad akka,31.6216602,-7.9827488,"https://www.google.com/maps?q=31.6216602,-7.9827488",4.1,Un établissement adapté aux familles et aux professionnels réputé pour son ambiance conviviale.,Printemps,"festivals, artisanat local, musique traditionnelle",Luxe,10 jours,Facile d’accès en transport public,Zone modérément sécurisée
Marrakech,hotel,Riad Enchanté,31.6309154,-7.9907635,"https://www.google.com/maps?q=31.6309154,-7.9907635",3.0,Un établissement parfait pour un séjour touristique offrant une vue exceptionnelle.,Hiver,"artisanat local, festivals, musique traditionnelle",Luxe,2-3 jours,Situé près d'une gare ou station,Environnement très sécurisé
Marrakech,hotel,Be nomad,31.6282838,-7.982765,"https://www.google.com/maps?q=31.6282838,-7.9827650",3.8,Un établissement idéal pour les voyageurs offrant une vue exceptionnelle.,Automne,"découverte culturelle, spa, shopping",Économique,3-5 jours,Facile d’accès en transport public,Zone modérément sécurisée
Marrakech,hotel,Aubrac,31.6325281,-7.9876441,"https://www.google.com/maps?q=31.6325281,-7.9876441",4.8,Un hébergement adapté aux familles et aux professionnels avec un service remarquable.,Printemps,"festivals, musique traditionnelle, artisanat local",Premium,3-5 jours,Proche du centre-ville et des taxis,Quartier calme et bien surveillé
Marrakech,hotel,Riad BILKIS,31.6339139,-7.996387,"https://www.google.com/maps?q=31.6339139,-7.9963870",3.4,Un endroit chaleureux adapté aux familles et aux professionnels avec un service remarquable.,Hiver,"excursions guidées, sites historiques, activités de plein air",Économique,10 jours,Proche du centre-ville et des taxis,Zone touristique sécurisée
Marrakech,hotel,Riad BOUSSA,31.6272467,-7.9836089,"https://www.google.com/maps?q=31.6272467,-7.9836089",4.3,Un établissement adapté aux familles et aux professionnels dans un cadre calme et sécurisé.,Automne,"artisanat local, festivals, musique traditionnelle",Économique,1 semaine,Facile d’accès en transport public,Zone touristique sécurisée
Marrakech,hotel,Riad Dar Blanche,31.6354861,-7.9916715,"https://www.google.com/maps?q=31.6354861,-7.9916715",3.2,Un établissement adapté aux familles et aux professionnels proposant un excellent rapport qualité-prix.,Été,"spa, shopping, découverte culturelle",Luxe,2-3 jours,Proche du centre-ville et des taxis,Quartier calme et bien surveillé
Marrakech,hotel,Hotel Alcharaf,31.6229324,-7.9903538,"https://www.google.com/maps?q=31.6229324,-7.9903538",3.2,Un endroit chaleureux parfait pour un séjour touristique avec un service remarquable.,Hiver,"artisanat local, festivals, musique traditionnelle",Luxe,2-3 jours,Facile d’accès en transport public,Environnement très sécurisé
Marrakech,hotel,el fenn,31.6273034,-7.9929474,"https://www.google.com/maps?q=31.6273034,-7.9929474",4.0,Une adresse appréciée idéal pour les voyageurs proposant un excellent rapport qualité-prix.,Automne,"sites historiques, activités de plein air, excursions guidées",Économique,2-3 jours,Facile d’accès en transport public,Zone touristique sécurisée
Marrakech,hotel,Riad Omara al Kasbah,31.6154162,-7.9886808,"https://www.google.com/maps?q=31.6154162,-7.9886808",3.9,Un établissement parfait pour un séjour touristique réputé pour son ambiance conviviale.,Printemps,"artisanat local, musique traditionnelle, festivals",Premium,1 semaine,Situé près d'une gare ou station,Environnement très sécurisé
Marrakech,hotel,Riad dar el assafir,31.6300806,-7.9971389,"https://www.google.com/maps?q=31.6300806,-7.9971389",4.7,Un lieu d’accueil conçu pour offrir confort et praticité offrant une vue exceptionnelle.,Printemps,"découverte culturelle, shopping, spa",Luxe,2-3 jours,Proche du centre-ville et des taxis,Quartier calme et bien surveillé
Marrakech,hotel,al Farah,31.6234255,-8.0076893,"https://www.google.com/maps?q=31.6234255,-8.0076893",3.6,Une adresse appréciée idéal pour les voyageurs proposant un excellent rapport qualité-prix.,Hiver,"festivals, musique traditionnelle, artisanat local",Économique,3-5 jours,Proche du centre-ville et des taxis,Environnement très sécurisé
Marrakech,hotel,Hotel Cecil,31.6250832,-7.988559,"https://www.google.com/maps?q=31.6250832,-7.9885590",3.7,Un établissement adapté aux familles et aux professionnels avec un service remarquable.,Printemps,"festivals, artisanat local, musique traditionnelle",Moyen,2-3 jours,Accessible en voiture uniquement,Zone touristique sécurisée
Marrakech,hotel,Riad Elizabeth,31.6341316,-7.9851001,"https://www.google.com/maps?q=31.6341316,-7.9851001",3.9,Un lieu d’accueil idéal pour les voyageurs proposant un excellent rapport qualité-prix.,Printemps,"sports nautiques, plage, randonnées",Moyen,1 semaine,Situé près d'une gare ou station,Quartier calme et bien surveillé
Marrakech,hotel,Appart Hotel,31.6348372,-8.0067225,"https://www.google.com/maps?q=31.6348372,-8.0067225",4.8,Un établissement conçu pour offrir confort et praticité proposant un excellent rapport qualité-prix.,Automne,"plage, sports nautiques, randonnées",Économique,1 semaine,Accessible en voiture uniquement,Zone touristique sécurisée
Marrakech,hotel,Residence Jaouhara,31.635854,-8.0099585,"https://www.google.com/maps?q=31.6358540,-8.0099585",3.6,Un lieu d’accueil conçu pour offrir confort et praticité offrant une vue exceptionnelle.,Printemps,"activités de plein air, sites historiques, excursions guidées",Luxe,1 semaine,Accessible en voiture uniquement,Zone touristique sécurisée
Marrakech,hotel,Hotel du Pacha,31.636037,-8.0105527,"https://www.google.com/maps?q=31.6360370,-8.0105527",4.5,Un lieu d’accueil proche des attractions principales proposant un excellent rapport qualité-prix.,Hiver,"sites historiques, excursions guidées, activités de plein air",Moyen,2-3 jours,Situé près d'une gare ou station,Zone modérément sécurisée
Marrakech,hotel,Hotel La Menara,31.6282812,-8.0029821,"https://www.google.com/maps?q=31.6282812,-8.0029821",3.8,Une adresse appréciée idéal pour les voyageurs proposant un excellent rapport qualité-prix.,Automne,"sites historiques, excursions guidées, activités de plein air",Luxe,3-5 jours,Proche du centre-ville et des taxis,Quartier calme et bien surveillé
Marrakech,hotel,Hotel Le Caspien,31.6363355,-8.0101592,"https://www.google.com/maps?q=31.6363355,-8.0101592",3.2,Une adresse appréciée parfait pour un séjour touristique proposant un excellent rapport qualité-prix.,Automne,"gastronomie locale, visite de la médina, musées",Moyen,1 semaine,Situé près d'une gare ou station,Zone modérément sécurisée
Marrakech,hotel,Riad el walla,31.6210671,-7.9872275,"https://www.google.com/maps?q=31.6210671,-7.9872275",3.9,Un lieu d’accueil adapté aux familles et aux professionnels proposant un excellent rapport qualité-prix.,Printemps,"sites historiques, activités de plein air, excursions guidées",Moyen,3-5 jours,Accessible en voiture uniquement,Zone touristique sécurisée
Marrakech,hotel,Riad  Dar Daoud,31.6290376,-7.9886823,"https://www.google.com/maps?q=31.6290376,-7.9886823",3.6,Un établissement idéal pour les voyageurs avec un service remarquable.,Printemps,"sports nautiques, randonnées, plage",Moyen,1 semaine,Facile d’accès en transport public,Environnement très sécurisé
Marrakech,hotel,Riad Babouchta,31.634775,-7.9926383,"https://www.google.com/maps?q=31.6347750,-7.9926383",4.0,Un lieu d’accueil proche des attractions principales proposant un excellent rapport qualité-prix.,Été,"shopping, spa, découverte culturelle",Économique,1 semaine,Proche du centre-ville et des taxis,Zone touristique sécurisée
Marrakech,hotel,Riad Chafia,31.6339515,-7.9895734,"https://www.google.com/maps?q=31.6339515,-7.9895734",4.8,Un lieu d’accueil proche des attractions principales proposant un excellent rapport qualité-prix.,Hiver,"activités de plein air, sites historiques, excursions guidées",Économique,3-5 jours,Accessible en voiture uniquement,Environnement très sécurisé
Marrakech,hotel,Riad Essaoussan,31.6290229,-7.9889748,"https://www.google.com/maps?q=31.6290229,-7.9889748",3.5,Un établissement idéal pour les voyageurs dans un cadre calme et sécurisé.,Printemps,"visite de la médina, gastronomie locale, musées",Économique,3-5 jours,Accessible en voiture uniquement,Zone touristique sécurisée
Marrakech,hotel,Riad Joya,31.6291785,-7.9890425,"https://www.google.com/maps?q=31.6291785,-7.9890425",3.0,Un hébergement proche des attractions principales avec un service remarquable.,Hiver,"shopping, spa, découverte culturelle",Premium,3-5 jours,Situé près d'une gare ou station,Quartier calme et bien surveillé
Marrakech,hotel,Longue Vie,31.6291817,-8.0180431,"https://www.google.com/maps?q=31.6291817,-8.0180431",4.0,Une adresse appréciée adapté aux familles et aux professionnels dans un cadre calme et sécurisé.,Hiver,"artisanat local, festivals, musique traditionnelle",Moyen,3-5 jours,Proche du centre-ville et des taxis,Zone modérément sécurisée
Marrakech,hotel,riad,31.6220197,-7.9843224,"https://www.google.com/maps?q=31.6220197,-7.9843224",4.9,Un lieu d’accueil parfait pour un séjour touristique dans un cadre calme et sécurisé.,Printemps,"plage, randonnées, sports nautiques",Économique,2-3 jours,Facile d’accès en transport public,Zone modérément sécurisée
Marrakech,hotel,Riad Cherui,31.632359,-7.9939962,"https://www.google.com/maps?q=31.6323590,-7.9939962",3.2,Un établissement conçu pour offrir confort et praticité avec un service remarquable.,Printemps,"musique traditionnelle, festivals, artisanat local",Luxe,1 semaine,Accessible en voiture uniquement,Environnement très sécurisé
Marrakech,hotel,Es Saadi Marrakakesh Resort- Hotel,31.6226379,-8.0043846,"https://www.google.com/maps?q=31.6226379,-8.0043846",4.5,Un établissement proche des attractions principales avec un service remarquable.,Automne,"gastronomie locale, musées, visite de la médina",Moyen,1 semaine,Facile d’accès en transport public,Zone touristique sécurisée
Marrakech,hotel,Riad La Bel Oranger,31.6347204,-7.9897574,"https://www.google.com/maps?q=31.6347204,-7.9897574",4.7,Un hébergement conçu pour offrir confort et praticité dans un cadre calme et sécurisé.,Hiver,"spa, shopping, découverte culturelle",Premium,2-3 jours,Facile d’accès en transport public,Environnement très sécurisé
Marrakech,hotel,Riad Dar Habiba,31.6215514,-7.9857349,"https://www.google.com/maps?q=31.6215514,-7.9857349",4.6,Un établissement idéal pour les voyageurs dans un cadre calme et sécurisé.,Automne,"sites historiques, excursions guidées, activités de plein air",Premium,10 jours,Facile d’accès en transport public,Environnement très sécurisé
Marrakech,hotel,Riad Arabkech,31.6336804,-7.9868426,"https://www.google.com/maps?q=31.6336804,-7.9868426",4.1,Un endroit chaleureux idéal pour les voyageurs proposant un excellent rapport qualité-prix.,Hiver,"sports nautiques, randonnées, plage",Économique,3-5 jours,Proche du centre-ville et des taxis,Quartier calme et bien surveillé
Marrakech,hotel,Riad el Boukhiri,31.6283715,-7.9884207,"https://www.google.com/maps?q=31.6283715,-7.9884207",3.7,Un lieu d’accueil adapté aux familles et aux professionnels proposant un excellent rapport qualité-prix.,Printemps,"activités de plein air, excursions guidées, sites historiques",Premium,1 semaine,Proche du centre-ville et des taxis,Zone modérément sécurisée
Marrakech,hotel,Hôtel Wissam,31.6263064,-7.9863046,"https://www.google.com/maps?q=31.6263064,-7.9863046",3.7,Une adresse appréciée idéal pour les voyageurs réputé pour son ambiance conviviale.,Printemps,"musique traditionnelle, artisanat local, festivals",Économique,3-5 jours,Proche du centre-ville et des taxis,Quartier calme et bien surveillé
Marrakech,hotel,Riad Kenzara,31.6298215,-7.9906057,"https://www.google.com/maps?q=31.6298215,-7.9906057",5.0,Un lieu d’accueil adapté aux familles et aux professionnels dans un cadre calme et sécurisé.,Été,"shopping, découverte culturelle, spa",Moyen,2-3 jours,Facile d’accès en transport public,Quartier calme et bien surveillé
Marrakech,hotel,Riad Sultan Suleiman,31.6185108,-7.9894106,"https://www.google.com/maps?q=31.6185108,-7.9894106",4.7,Un endroit chaleureux idéal pour les voyageurs dans un cadre calme et sécurisé.,Été,"excursions guidées, activités de plein air, sites historiques",Économique,2-3 jours,Accessible en voiture uniquement,Quartier calme et bien surveillé
Marrakech,hotel,Hôtel Imperial Plaza & Spa,31.6459785,-8.0167595,"https://www.google.com/maps?q=31.6459785,-8.0167595",4.0,Une adresse appréciée adapté aux familles et aux professionnels réputé pour son ambiance conviviale.,Été,"visite de la médina, musées, gastronomie locale",Premium,3-5 jours,Facile d’accès en transport public,Zone modérément sécurisée
Marrakech,hotel,Riad DAR AL ASSAD,31.6267326,-7.9843523,"https://www.google.com/maps?q=31.6267326,-7.9843523",5.0,Un établissement conçu pour offrir confort et praticité proposant un excellent rapport qualité-prix.,Automne,"musique traditionnelle, artisanat local, festivals",Luxe,1 semaine,Accessible en voiture uniquement,Zone touristique sécurisée
Marrakech,hotel,Riad Dar Yema,31.6271923,-7.9833116,"https://www.google.com/maps?q=31.6271923,-7.9833116",3.1,Une adresse appréciée parfait pour un séjour touristique réputé pour son ambiance conviviale.,Automne,"randonnées, plage, sports nautiques",Économique,1 semaine,Accessible en voiture uniquement,Quartier calme et bien surveillé
Marrakech,hotel,Riad Dar Daoud,31.6290404,-7.9886367,"https://www.google.com/maps?q=31.6290404,-7.9886367",4.3,Un établissement parfait pour un séjour touristique offrant une vue exceptionnelle.,Printemps,"gastronomie locale, musées, visite de la médina",Premium,2-3 jours,Situé près d'une gare ou station,Zone modérément sécurisée
Marrakech,hotel,Riad dar Daoud,31.6290009,-7.9887517,"https://www.google.com/maps?q=31.6290009,-7.9887517",4.0,Un lieu d’accueil idéal pour les voyageurs avec un service remarquable.,Hiver,"musées, gastronomie locale, visite de la médina",Luxe,1 semaine,Situé près d'une gare ou station,Quartier calme et bien surveillé
Marrakech,hotel,Riad La Cigale,31.6263901,-7.9851119,"https://www.google.com/maps?q=31.6263901,-7.9851119",3.1,Un endroit chaleureux adapté aux familles et aux professionnels offrant une vue exceptionnelle.,Automne,"gastronomie locale, musées, visite de la médina",Luxe,2-3 jours,Facile d’accès en transport public,Environnement très sécurisé
Marrakech,hotel,Riad Atlas Palace,31.6236301,-7.9886164,"https://www.google.com/maps?q=31.6236301,-7.9886164",3.9,Un endroit chaleureux conçu pour offrir confort et praticité réputé pour son ambiance conviviale.,Automne,"randonnées, sports nautiques, plage",Économique,10 jours,Accessible en voiture uniquement,Zone modérément sécurisée
Marrakech,hotel,Ekla Boutique Hotel/Caprice de Marrakech,31.635833,-7.9959293,"https://www.google.com/maps?q=31.6358330,-7.9959293",4.3,Un lieu d’accueil conçu pour offrir confort et praticité proposant un excellent rapport qualité-prix.,Printemps,"musées, visite de la médina, gastronomie locale",Économique,10 jours,Facile d’accès en transport public,Zone touristique sécurisée
Marrakech,hotel,Riad Anysset,31.6365291,-7.9956235,"https://www.google.com/maps?q=31.6365291,-7.9956235",3.1,Un endroit chaleureux conçu pour offrir confort et praticité dans un cadre calme et sécurisé.,Été,"spa, découverte culturelle, shopping",Moyen,10 jours,Accessible en voiture uniquement,Zone modérément sécurisée
Marrakech,hotel,Riad Dar Sido,31.6431,-8.0141336,"https://www.google.com/maps?q=31.6431000,-8.0141336",3.8,Un lieu d’accueil parfait pour un séjour touristique offrant une vue exceptionnelle.,Hiver,"visite de la médina, musées, gastronomie locale",Moyen,1 semaine,Proche du centre-ville et des taxis,Zone touristique sécurisée
Marrakech,hotel,Riad Le Jardin d’Abdou,31.6281053,-7.9734608,"https://www.google.com/maps?q=31.6281053,-7.9734608",5.0,Un endroit chaleureux conçu pour offrir confort et praticité offrant une vue exceptionnelle.,Printemps,"spa, shopping, découverte culturelle",Premium,2-3 jours,Situé près d'une gare ou station,Quartier calme et bien surveillé
Marrakech,hotel,Riad Flamme D'Orient,31.6256651,-7.9862282,"https://www.google.com/maps?q=31.6256651,-7.9862282",3.4,Un lieu d’accueil idéal pour les voyageurs dans un cadre calme et sécurisé.,Hiver,"visite de la médina, musées, gastronomie locale",Économique,2-3 jours,Proche du centre-ville et des taxis,Zone touristique sécurisée
Marrakech,hotel,Riad Lydines,31.6154713,-7.9882155,"https://www.google.com/maps?q=31.6154713,-7.9882155",4.1,Une adresse appréciée idéal pour les voyageurs avec un service remarquable.,Automne,"sports nautiques, randonnées, plage",Premium,10 jours,Facile d’accès en transport public,Zone modérément sécurisée
Marrakech,hotel,Hôtel Aday,31.6239981,-7.9876773,"https://www.google.com/maps?q=31.6239981,-7.9876773",3.8,Un lieu d’accueil adapté aux familles et aux professionnels proposant un excellent rapport qualité-prix.,Automne,"gastronomie locale, musées, visite de la médina",Premium,10 jours,Facile d’accès en transport public,Environnement très sécurisé
Marrakech,hotel,Ari Boutique Hôtel - Adult Only,31.6326961,-8.0128829,"https://www.google.com/maps?q=31.6326961,-8.0128829",4.8,Un endroit chaleureux adapté aux familles et aux professionnels avec un service remarquable.,Automne,"sites historiques, activités de plein air, excursions guidées",Premium,3-5 jours,Proche du centre-ville et des taxis,Zone modérément sécurisée
Marrakech,hotel,Riad Hotel Sherazade,31.6241047,-7.9869172,"https://www.google.com/maps?q=31.6241047,-7.9869172",4.7,Une adresse appréciée parfait pour un séjour touristique proposant un excellent rapport qualité-prix.,Été,"plage, sports nautiques, randonnées",Économique,3-5 jours,Facile d’accès en transport public,Quartier calme et bien surveillé
Marrakech,hotel,Riad Dar Barbi,31.638783,-7.9873676,"https://www.google.com/maps?q=31.6387830,-7.9873676",4.3,Une adresse appréciée proche des attractions principales dans un cadre calme et sécurisé.,Printemps,"découverte culturelle, spa, shopping",Luxe,3-5 jours,Situé près d'une gare ou station,Zone touristique sécurisée
Marrakech,hotel,Dar Moghita,31.6313152,-7.9842343,"https://www.google.com/maps?q=31.6313152,-7.9842343",3.4,Un lieu d’accueil proche des attractions principales proposant un excellent rapport qualité-prix.,Automne,"shopping, spa, découverte culturelle",Économique,2-3 jours,Accessible en voiture uniquement,Environnement très sécurisé
Marrakech,hotel,Riad Elite,31.6136439,-7.9860394,"https://www.google.com/maps?q=31.6136439,-7.9860394",3.7,Un endroit chaleureux adapté aux familles et aux professionnels dans un cadre calme et sécurisé.,Été,"shopping, spa, découverte culturelle",Luxe,2-3 jours,Proche du centre-ville et des taxis,Environnement très sécurisé
Marrakech,hotel,Riad les Rêves d'Amélie,31.6180947,-7.9896712,"https://www.google.com/maps?q=31.6180947,-7.9896712",3.3,Un endroit chaleureux proche des attractions principales offrant une vue exceptionnelle.,Hiver,"musées, gastronomie locale, visite de la médina",Premium,10 jours,Proche du centre-ville et des taxis,Zone touristique sécurisée
Marrakech,hotel,Riad Rosa,31.626632,-7.9795777,"https://www.google.com/maps?q=31.6266320,-7.9795777",3.1,Une adresse appréciée conçu pour offrir confort et praticité réputé pour son ambiance conviviale.,Automne,"musées, gastronomie locale, visite de la médina",Économique,10 jours,Proche du centre-ville et des taxis,Zone modérément sécurisée
Marrakech,hotel,Agnaoue,31.6232302,-7.9893482,"https://www.google.com/maps?q=31.6232302,-7.9893482",4.6,Un hébergement parfait pour un séjour touristique offrant une vue exceptionnelle.,Automne,"musique traditionnelle, festivals, artisanat local",Moyen,1 semaine,Proche du centre-ville et des taxis,Zone modérément sécurisée
Marrakech,hotel,Riad Cherihane,31.6338673,-7.9952796,"https://www.google.com/maps?q=31.6338673,-7.9952796",4.9,Un lieu d’accueil idéal pour les voyageurs offrant une vue exceptionnelle.,Printemps,"sports nautiques, plage, randonnées",Premium,3-5 jours,Facile d’accès en transport public,Zone touristique sécurisée
Marrakech,hotel,B&B Pascale,31.6362382,-8.0104857,"https://www.google.com/maps?q=31.6362382,-8.0104857",3.3,Une adresse appréciée proche des attractions principales dans un cadre calme et sécurisé.,Hiver,"activités de plein air, sites historiques, excursions guidées",Moyen,10 jours,Accessible en voiture uniquement,Environnement très sécurisé
Marrakech,hotel,Riad Villa Berna,31.6302098,-7.9848719,"https://www.google.com/maps?q=31.6302098,-7.9848719",3.4,Un endroit chaleureux adapté aux familles et aux professionnels offrant une vue exceptionnelle.,Hiver,"musées, gastronomie locale, visite de la médina",Moyen,2-3 jours,Accessible en voiture uniquement,Quartier calme et bien surveillé
Marrakech,hotel,Riad Tschaikana,31.6308779,-7.9843569,"https://www.google.com/maps?q=31.6308779,-7.9843569",3.4,Un lieu d’accueil adapté aux familles et aux professionnels dans un cadre calme et sécurisé.,Hiver,"randonnées, sports nautiques, plage",Économique,10 jours,Proche du centre-ville et des taxis,Zone touristique sécurisée
Marrakech,hotel,Hotel DarYoussef 68,31.6241185,-7.9887012,"https://www.google.com/maps?q=31.6241185,-7.9887012",3.9,Un lieu d’accueil parfait pour un séjour touristique dans un cadre calme et sécurisé.,Été,"gastronomie locale, musées, visite de la médina",Moyen,1 semaine,Proche du centre-ville et des taxis,Zone modérément sécurisée
Marrakech,hotel,Riad Andalla Spa,31.6266847,-7.9821414,"https://www.google.com/maps?q=31.6266847,-7.9821414",3.4,Une adresse appréciée adapté aux familles et aux professionnels réputé pour son ambiance conviviale.,Hiver,"festivals, artisanat local, musique traditionnelle",Luxe,10 jours,Accessible en voiture uniquement,Quartier calme et bien surveillé
Marrakech,hotel,Mabrouka,31.6240284,-7.9897085,"https://www.google.com/maps?q=31.6240284,-7.9897085",3.4,Un endroit chaleureux adapté aux familles et aux professionnels offrant une vue exceptionnelle.,Hiver,"sports nautiques, plage, randonnées",Économique,10 jours,Facile d’accès en transport public,Zone modérément sécurisée
Marrakech,hotel,Riad Bab 54,31.6288182,-7.9854455,"https://www.google.com/maps?q=31.6288182,-7.9854455",4.9,Un endroit chaleureux adapté aux familles et aux professionnels offrant une vue exceptionnelle.,Été,"activités de plein air, excursions guidées, sites historiques",Moyen,1 semaine,Proche du centre-ville et des taxis,Zone modérément sécurisée
Marrakech,hotel,Riad Dar Elma & Spa,31.6341593,-7.9944085,"https://www.google.com/maps?q=31.6341593,-7.9944085",5.0,Un lieu d’accueil parfait pour un séjour touristique dans un cadre calme et sécurisé.,Printemps,"shopping, découverte culturelle, spa",Premium,2-3 jours,Proche du centre-ville et des taxis,Quartier calme et bien surveillé
Marrakech,hotel,Riad Le J,31.6291863,-7.9880456,"https://www.google.com/maps?q=31.6291863,-7.9880456",4.5,Un lieu d’accueil parfait pour un séjour touristique avec un service remarquable.,Automne,"excursions guidées, sites historiques, activités de plein air",Moyen,2-3 jours,Facile d’accès en transport public,Zone touristique sécurisée
Marrakech,hotel,Hotel Islane,31.6253798,-7.9933876,"https://www.google.com/maps?q=31.6253798,-7.9933876",4.0,Un endroit chaleureux conçu pour offrir confort et praticité avec un service remarquable.,Automne,"activités de plein air, excursions guidées, sites historiques",Économique,3-5 jours,Facile d’accès en transport public,Environnement très sécurisé
Marrakech,hotel,Meriem,31.6317593,-8.01414,"https://www.google.com/maps?q=31.6317593,-8.0141400",3.4,Une adresse appréciée idéal pour les voyageurs offrant une vue exceptionnelle.,Printemps,"festivals, artisanat local, musique traditionnelle",Luxe,2-3 jours,Proche du centre-ville et des taxis,Zone touristique sécurisée
Marrakech,hotel,Riad Marrakech,31.622244,-7.9908295,"https://www.google.com/maps?q=31.6222440,-7.9908295",3.1,Un hébergement conçu pour offrir confort et praticité dans un cadre calme et sécurisé.,Été,"sites historiques, activités de plein air, excursions guidées",Premium,3-5 jours,Proche du centre-ville et des taxis,Environnement très sécurisé
Marrakech,hotel,Hotel Salma,31.6231993,-7.9899841,"https://www.google.com/maps?q=31.6231993,-7.9899841",4.2,Un lieu d’accueil adapté aux familles et aux professionnels offrant une vue exceptionnelle.,Automne,"découverte culturelle, spa, shopping",Moyen,2-3 jours,Proche du centre-ville et des taxis,Environnement très sécurisé
Marrakech,hotel,Hotel de Ville,31.6284787,-7.9980226,"https://www.google.com/maps?q=31.6284787,-7.9980226",4.8,Un hébergement idéal pour les voyageurs avec un service remarquable.,Automne,"gastronomie locale, musées, visite de la médina",Économique,2-3 jours,Accessible en voiture uniquement,Zone modérément sécurisée
Marrakech,hotel,Kenzi Farah,31.6227584,-8.0062495,"https://www.google.com/maps?q=31.6227584,-8.0062495",3.1,Un endroit chaleureux parfait pour un séjour touristique dans un cadre calme et sécurisé.,Été,"randonnées, plage, sports nautiques",Moyen,3-5 jours,Facile d’accès en transport public,Zone touristique sécurisée
Marrakech,hotel,Hotel Sofitel,31.6214199,-8.0016989,"https://www.google.com/maps?q=31.6214199,-8.0016989",4.7,Un hébergement conçu pour offrir confort et praticité avec un service remarquable.,Été,"festivals, artisanat local, musique traditionnelle",Luxe,1 semaine,Facile d’accès en transport public,Zone modérément sécurisée
Marrakech,hotel,Palace Es Saadi Gardens & Resort,31.6212599,-8.0048339,"https://www.google.com/maps?q=31.6212599,-8.0048339",3.7,Un endroit chaleureux adapté aux familles et aux professionnels offrant une vue exceptionnelle.,Automne,"spa, découverte culturelle, shopping",Premium,2-3 jours,Situé près d'une gare ou station,Zone modérément sécurisée
Marrakech,hotel,Jardins de La Mamounia,31.6198337,-7.9966699,"https://www.google.com/maps?q=31.6198337,-7.9966699",3.3,Un hébergement idéal pour les voyageurs réputé pour son ambiance conviviale.,Hiver,"visite de la médina, musées, gastronomie locale",Luxe,10 jours,Accessible en voiture uniquement,Zone touristique sécurisée
Marrakech,hotel,La Mamounia,31.6213802,-7.9972623,"https://www.google.com/maps?q=31.6213802,-7.9972623",4.6,Une adresse appréciée conçu pour offrir confort et praticité offrant une vue exceptionnelle.,Été,"découverte culturelle, shopping, spa",Moyen,2-3 jours,Accessible en voiture uniquement,Zone modérément sécurisée
Marrakech,hotel,Ryad Mogador Gueliz,31.6274223,-8.0236623,"https://www.google.com/maps?q=31.6274223,-8.0236623",4.4,Un lieu d’accueil proche des attractions principales avec un service remarquable.,Automne,"sites historiques, activités de plein air, excursions guidées",Moyen,10 jours,Proche du centre-ville et des taxis,Quartier calme et bien surveillé
Marrakech,hotel,Four Seasons,31.61981,-8.0173395,"https://www.google.com/maps?q=31.6198100,-8.0173395",5.0,Un lieu d’accueil idéal pour les voyageurs offrant une vue exceptionnelle.,Printemps,"excursions guidées, activités de plein air, sites historiques",Moyen,2-3 jours,Proche du centre-ville et des taxis,Environnement très sécurisé
Marrakech,hotel,Radisson Blu,31.6346913,-8.0116324,"https://www.google.com/maps?q=31.6346913,-8.0116324",5.0,Un hébergement proche des attractions principales avec un service remarquable.,Printemps,"gastronomie locale, musées, visite de la médina",Luxe,1 semaine,Proche du centre-ville et des taxis,Zone touristique sécurisée
Marrakech,hotel,Atlas Asni,31.6224877,-8.012618,"https://www.google.com/maps?q=31.6224877,-8.0126180",3.3,Une adresse appréciée conçu pour offrir confort et praticité offrant une vue exceptionnelle.,Été,"découverte culturelle, shopping, spa",Moyen,1 semaine,Proche du centre-ville et des taxis,Environnement très sécurisé
Marrakech,hotel,Ryad Mogador Menara,31.6236711,-8.0126739,"https://www.google.com/maps?q=31.6236711,-8.0126739",3.1,Un hébergement parfait pour un séjour touristique avec un service remarquable.,Hiver,"plage, randonnées, sports nautiques",Premium,2-3 jours,Proche du centre-ville et des taxis,Quartier calme et bien surveillé
Marrakech,hotel,Nobu Hotel Marrakech,31.6224184,-8.0006511,"https://www.google.com/maps?q=31.6224184,-8.0006511",4.5,Un endroit chaleureux conçu pour offrir confort et praticité proposant un excellent rapport qualité-prix.,Automne,"découverte culturelle, spa, shopping",Luxe,1 semaine,Proche du centre-ville et des taxis,Quartier calme et bien surveillé
Marrakech,hotel,Es Saadi L'Hotel,31.6223163,-8.0044564,"https://www.google.com/maps?q=31.6223163,-8.0044564",3.4,Un lieu d’accueil parfait pour un séjour touristique avec un service remarquable.,Hiver,"artisanat local, musique traditionnelle, festivals",Économique,3-5 jours,Situé près d'une gare ou station,Quartier calme et bien surveillé
Marrakech,hotel,El Borj,31.6228105,-8.0034574,"https://www.google.com/maps?q=31.6228105,-8.0034574",4.5,Un lieu d’accueil adapté aux familles et aux professionnels avec un service remarquable.,Hiver,"artisanat local, musique traditionnelle, festivals",Premium,10 jours,Accessible en voiture uniquement,Quartier calme et bien surveillé
Marrakech,hotel,Suite Novotel Marrakech,31.6229308,-8.0023733,"https://www.google.com/maps?q=31.6229308,-8.0023733",4.0,Une adresse appréciée idéal pour les voyageurs offrant une vue exceptionnelle.,Hiver,"sports nautiques, randonnées, plage",Luxe,10 jours,Proche du centre-ville et des taxis,Environnement très sécurisé
Marrakech,hotel,Hotel Oudaya,31.633081,-8.0161822,"https://www.google.com/maps?q=31.6330810,-8.0161822",4.0,Un hébergement proche des attractions principales proposant un excellent rapport qualité-prix.,Hiver,"shopping, découverte culturelle, spa",Moyen,2-3 jours,Situé près d'une gare ou station,Quartier calme et bien surveillé
Marrakech,hotel,BLUESEA Le Printemps,31.6342926,-8.0154978,"https://www.google.com/maps?q=31.6342926,-8.0154978",4.0,Une adresse appréciée adapté aux familles et aux professionnels réputé pour son ambiance conviviale.,Été,"festivals, musique traditionnelle, artisanat local",Luxe,10 jours,Situé près d'une gare ou station,Zone modérément sécurisée
Marrakech,hotel,El Andalous,31.6207541,-8.0072451,"https://www.google.com/maps?q=31.6207541,-8.0072451",4.7,Un endroit chaleureux conçu pour offrir confort et praticité offrant une vue exceptionnelle.,Hiver,"spa, découverte culturelle, shopping",Moyen,10 jours,Accessible en voiture uniquement,Quartier calme et bien surveillé
Marrakech,hotel,Hôtel les Idrissides,31.6255005,-8.0141452,"https://www.google.com/maps?q=31.6255005,-8.0141452",4.3,Un endroit chaleureux idéal pour les voyageurs offrant une vue exceptionnelle.,Été,"excursions guidées, activités de plein air, sites historiques",Moyen,1 semaine,Facile d’accès en transport public,Zone modérément sécurisée
Marrakech,hotel,Angsana Riad,31.6227096,-7.9838785,"https://www.google.com/maps?q=31.6227096,-7.9838785",3.6,Un hébergement proche des attractions principales proposant un excellent rapport qualité-prix.,Hiver,"artisanat local, musique traditionnelle, festivals",Luxe,3-5 jours,Situé près d'une gare ou station,Zone touristique sécurisée
Marrakech,hotel,Hotel Nassim,31.6350831,-8.0135889,"https://www.google.com/maps?q=31.6350831,-8.0135889",4.0,Un hébergement proche des attractions principales proposant un excellent rapport qualité-prix.,Été,"visite de la médina, gastronomie locale, musées",Moyen,3-5 jours,Proche du centre-ville et des taxis,Quartier calme et bien surveillé
Marrakech,hotel,Afriquia أفريقيا,31.6241949,-7.9887398,"https://www.google.com/maps?q=31.6241949,-7.9887398",3.9,Un lieu d’accueil parfait pour un séjour touristique offrant une vue exceptionnelle.,Été,"artisanat local, musique traditionnelle, festivals",Économique,10 jours,Facile d’accès en transport public,Zone modérément sécurisée
Marrakech,hotel,Hôtel & Ryads Barrière Le Naoura,31.6287028,-7.9967934,"https://www.google.com/maps?q=31.6287028,-7.9967934",5.0,Un endroit chaleureux conçu pour offrir confort et praticité avec un service remarquable.,Été,"gastronomie locale, musées, visite de la médina",Moyen,2-3 jours,Situé près d'une gare ou station,Zone touristique sécurisée
Marrakech,hotel,Palais Riad Lamrani,31.6297949,-7.9902857,"https://www.google.com/maps?q=31.6297949,-7.9902857",3.9,Un établissement conçu pour offrir confort et praticité offrant une vue exceptionnelle.,Automne,"randonnées, plage, sports nautiques",Luxe,10 jours,Proche du centre-ville et des taxis,Environnement très sécurisé
Marrakech,hotel,Hotel Ali,31.6245805,-7.9897794,"https://www.google.com/maps?q=31.6245805,-7.9897794",4.5,Un endroit chaleureux parfait pour un séjour touristique offrant une vue exceptionnelle.,Hiver,"artisanat local, musique traditionnelle, festivals",Premium,1 semaine,Accessible en voiture uniquement,Environnement très sécurisé
Marrakech,hotel,Atlas Medina & Spa,31.6232922,-8.0136122,"https://www.google.com/maps?q=31.6232922,-8.0136122",4.5,Un lieu d’accueil parfait pour un séjour touristique offrant une vue exceptionnelle.,Été,"activités de plein air, excursions guidées, sites historiques",Premium,1 semaine,Situé près d'une gare ou station,Zone modérément sécurisée
Marrakech,hotel,Hivernage Hotel & SPA,31.6223735,-8.0012926,"https://www.google.com/maps?q=31.6223735,-8.0012926",5.0,Une adresse appréciée idéal pour les voyageurs avec un service remarquable.,Été,"visite de la médina, musées, gastronomie locale",Premium,2-3 jours,Proche du centre-ville et des taxis,Zone modérément sécurisée
Marrakech,hotel,Palm Menara Hotel Marrakech,31.6393799,-8.0050698,"https://www.google.com/maps?q=31.6393799,-8.0050698",3.3,Un hébergement conçu pour offrir confort et praticité réputé pour son ambiance conviviale.,Automne,"musique traditionnelle, festivals, artisanat local",Premium,1 semaine,Accessible en voiture uniquement,Quartier calme et bien surveillé
Marrakech,hotel,Hôtel Ayoub,31.643616,-8.012044,"https://www.google.com/maps?q=31.6436160,-8.0120440",3.5,Une adresse appréciée parfait pour un séjour touristique avec un service remarquable.,Printemps,"shopping, découverte culturelle, spa",Moyen,10 jours,Proche du centre-ville et des taxis,Zone touristique sécurisée
Marrakech,hotel,Apart Hotel Mouna,31.6380581,-8.0086444,"https://www.google.com/maps?q=31.6380581,-8.0086444",3.0,Un hébergement proche des attractions principales réputé pour son ambiance conviviale.,Automne,"activités de plein air, excursions guidées, sites historiques",Premium,1 semaine,Situé près d'une gare ou station,Zone modérément sécurisée
Marrakech,hotel,Hôtel Akabar,31.626229,-8.0035189,"https://www.google.com/maps?q=31.6262290,-8.0035189",4.3,Un lieu d’accueil conçu pour offrir confort et praticité avec un service remarquable.,Été,"excursions guidées, activités de plein air, sites historiques",Premium,3-5 jours,Accessible en voiture uniquement,Zone touristique sécurisée
Marrakech,hotel,Hotel Ilyass,31.6235968,-7.9908758,"https://www.google.com/maps?q=31.6235968,-7.9908758",3.8,Un hébergement idéal pour les voyageurs réputé pour son ambiance conviviale.,Hiver,"musées, gastronomie locale, visite de la médina",Moyen,1 semaine,Facile d’accès en transport public,Zone modérément sécurisée
Marrakech,hotel,Hotel de Foucauld,31.6236694,-7.9909375,"https://www.google.com/maps?q=31.6236694,-7.9909375",4.2,Un hébergement adapté aux familles et aux professionnels offrant une vue exceptionnelle.,Été,"gastronomie locale, visite de la médina, musées",Luxe,3-5 jours,Proche du centre-ville et des taxis,Zone touristique sécurisée
Marrakech,hotel,Hotel 2Ciel,31.6292152,-8.0078212,"https://www.google.com/maps?q=31.6292152,-8.0078212",3.8,Un endroit chaleureux proche des attractions principales avec un service remarquable.,Automne,"excursions guidées, sites historiques, activités de plein air",Luxe,2-3 jours,Proche du centre-ville et des taxis,Environnement très sécurisé
Marrakech,hotel,Mövenpick Marrakech,31.6242584,-8.0147679,"https://www.google.com/maps?q=31.6242584,-8.0147679",5.0,Une adresse appréciée proche des attractions principales offrant une vue exceptionnelle.,Été,"artisanat local, musique traditionnelle, festivals",Moyen,2-3 jours,Proche du centre-ville et des taxis,Quartier calme et bien surveillé
Marrakech,hotel,Madarin Oriental Marrakech,31.6043264,-7.9518929,"https://www.google.com/maps?q=31.6043264,-7.9518929",4.2,Un lieu d’accueil proche des attractions principales dans un cadre calme et sécurisé.,Automne,"shopping, découverte culturelle, spa",Moyen,1 semaine,Facile d’accès en transport public,Zone touristique sécurisée
Marrakech,hotel,Hotel Riu Tikida Garden,31.6510884,-7.9791462,"https://www.google.com/maps?q=31.6510884,-7.9791462",4.0,Un lieu d’accueil idéal pour les voyageurs proposant un excellent rapport qualité-prix.,Printemps,"shopping, spa, découverte culturelle",Économique,1 semaine,Accessible en voiture uniquement,Zone touristique sécurisée
Marrakech,hotel,Marrakech Palm Club,31.6405801,-8.0025733,"https://www.google.com/maps?q=31.6405801,-8.0025733",3.1,Un établissement conçu pour offrir confort et praticité réputé pour son ambiance conviviale.,Été,"festivals, artisanat local, musique traditionnelle",Premium,3-5 jours,Facile d’accès en transport public,Zone touristique sécurisée
Marrakech,guest_house,Dar Nimbus,31.6392739,-7.992286,"https://www.google.com/maps?q=31.6392739,-7.9922860",3.8,Un hébergement parfait pour un séjour touristique dans un cadre calme et sécurisé.,Printemps,"découverte culturelle, shopping, spa",Moyen,10 jours,Accessible en voiture uniquement,Zone touristique sécurisée
Marrakech,guest_house,Riad de Vinci,31.6352981,-7.9925295,"https://www.google.com/maps?q=31.6352981,-7.9925295",4.7,Un lieu d’accueil conçu pour offrir confort et praticité proposant un excellent rapport qualité-prix.,Printemps,"spa, découverte culturelle, shopping",Économique,2-3 jours,Situé près d'une gare ou station,Environnement très sécurisé
Marrakech,guest_house,Riad Dar Zaman,31.6358281,-7.9910104,"https://www.google.com/maps?q=31.6358281,-7.9910104",4.0,Un établissement conçu pour offrir confort et praticité réputé pour son ambiance conviviale.,Été,"musique traditionnelle, festivals, artisanat local",Premium,10 jours,Proche du centre-ville et des taxis,Quartier calme et bien surveillé
Marrakech,guest_house,Riad el Az,31.6191376,-7.9951991,"https://www.google.com/maps?q=31.6191376,-7.9951991",3.1,Un endroit chaleureux parfait pour un séjour touristique dans un cadre calme et sécurisé.,Automne,"artisanat local, musique traditionnelle, festivals",Moyen,2-3 jours,Situé près d'une gare ou station,Zone modérément sécurisée
Marrakech,guest_house,Mabrouk Riad & Spa,31.6236709,-7.9894904,"https://www.google.com/maps?q=31.6236709,-7.9894904",4.6,Un lieu d’accueil parfait pour un séjour touristique réputé pour son ambiance conviviale.,Printemps,"festivals, artisanat local, musique traditionnelle",Économique,10 jours,Situé près d'une gare ou station,Zone modérément sécurisée
Marrakech,guest_house,Riad Les Oliviers,31.6225737,-7.9820755,"https://www.google.com/maps?q=31.6225737,-7.9820755",3.4,Un établissement conçu pour offrir confort et praticité offrant une vue exceptionnelle.,Hiver,"gastronomie locale, visite de la médina, musées",Économique,1 semaine,Situé près d'une gare ou station,Zone touristique sécurisée
Marrakech,guest_house,Dar Najat,31.6238891,-7.9834947,"https://www.google.com/maps?q=31.6238891,-7.9834947",4.0,Un établissement idéal pour les voyageurs réputé pour son ambiance conviviale.,Hiver,"plage, sports nautiques, randonnées",Économique,3-5 jours,Situé près d'une gare ou station,Zone touristique sécurisée
Marrakech,guest_house,Riad Bamileke,31.6259972,-7.9851025,"https://www.google.com/maps?q=31.6259972,-7.9851025",3.2,Un lieu d’accueil parfait pour un séjour touristique offrant une vue exceptionnelle.,Printemps,"excursions guidées, activités de plein air, sites historiques",Économique,3-5 jours,Situé près d'une gare ou station,Zone touristique sécurisée
Marrakech,guest_house,Riad Basma,31.6257193,-7.9848921,"https://www.google.com/maps?q=31.6257193,-7.9848921",4.8,Un établissement conçu pour offrir confort et praticité offrant une vue exceptionnelle.,Automne,"shopping, spa, découverte culturelle",Luxe,10 jours,Situé près d'une gare ou station,Zone modérément sécurisée
Marrakech,guest_house,Riad Noga,31.6262966,-7.9833001,"https://www.google.com/maps?q=31.6262966,-7.9833001",3.8,Un établissement adapté aux familles et aux professionnels réputé pour son ambiance conviviale.,Été,"plage, randonnées, sports nautiques",Luxe,1 semaine,Facile d’accès en transport public,Zone touristique sécurisée
Marrakech,guest_house,Riad Papillon,31.6319986,-7.9909393,"https://www.google.com/maps?q=31.6319986,-7.9909393",3.3,Un endroit chaleureux conçu pour offrir confort et praticité réputé pour son ambiance conviviale.,Printemps,"gastronomie locale, visite de la médina, musées",Moyen,3-5 jours,Situé près d'une gare ou station,Quartier calme et bien surveillé
Marrakech,guest_house,Riad Hajra,31.6321861,-7.9879562,"https://www.google.com/maps?q=31.6321861,-7.9879562",5.0,Un établissement conçu pour offrir confort et praticité offrant une vue exceptionnelle.,Été,"artisanat local, festivals, musique traditionnelle",Moyen,3-5 jours,Situé près d'une gare ou station,Environnement très sécurisé
Marrakech,guest_house,Riad Amiris,31.6251452,-7.985873,"https://www.google.com/maps?q=31.6251452,-7.9858730",4.0,Un hébergement idéal pour les voyageurs dans un cadre calme et sécurisé.,Hiver,"visite de la médina, musées, gastronomie locale",Luxe,1 semaine,Situé près d'une gare ou station,Zone touristique sécurisée
Marrakech,guest_house,Riad Al Jazira,31.6368648,-7.9924748,"https://www.google.com/maps?q=31.6368648,-7.9924748",3.8,Une adresse appréciée parfait pour un séjour touristique proposant un excellent rapport qualité-prix.,Hiver,"musées, visite de la médina, gastronomie locale",Premium,10 jours,Proche du centre-ville et des taxis,Environnement très sécurisé
Marrakech,guest_house,Riad Mounia,31.6214956,-7.9852521,"https://www.google.com/maps?q=31.6214956,-7.9852521",3.7,Un hébergement conçu pour offrir confort et praticité proposant un excellent rapport qualité-prix.,Été,"plage, sports nautiques, randonnées",Premium,10 jours,Accessible en voiture uniquement,Environnement très sécurisé
Marrakech,guest_house,Riad Ajmal,31.6304365,-7.9947666,"https://www.google.com/maps?q=31.6304365,-7.9947666",3.3,Un hébergement idéal pour les voyageurs dans un cadre calme et sécurisé.,Hiver,"artisanat local, festivals, musique traditionnelle",Économique,3-5 jours,Proche du centre-ville et des taxis,Zone touristique sécurisée
Marrakech,guest_house,Riad O2,31.6359916,-7.9931284,"https://www.google.com/maps?q=31.6359916,-7.9931284",3.9,Un hébergement conçu pour offrir confort et praticité réputé pour son ambiance conviviale.,Printemps,"festivals, artisanat local, musique traditionnelle",Moyen,10 jours,Situé près d'une gare ou station,Environnement très sécurisé
Marrakech,guest_house,Riyad Chennaoui,31.6226489,-7.9816937,"https://www.google.com/maps?q=31.6226489,-7.9816937",3.1,Une adresse appréciée adapté aux familles et aux professionnels réputé pour son ambiance conviviale.,Printemps,"activités de plein air, sites historiques, excursions guidées",Premium,2-3 jours,Proche du centre-ville et des taxis,Zone modérément sécurisée
Marrakech,guest_house,Riad Amiran,31.6368094,-7.9944782,"https://www.google.com/maps?q=31.6368094,-7.9944782",4.6,Un établissement parfait pour un séjour touristique dans un cadre calme et sécurisé.,Été,"sports nautiques, randonnées, plage",Luxe,3-5 jours,Facile d’accès en transport public,Zone touristique sécurisée
Marrakech,guest_house,Riad Ambre et Épices,31.6299012,-7.9944618,"https://www.google.com/maps?q=31.6299012,-7.9944618",3.1,Un établissement conçu pour offrir confort et praticité réputé pour son ambiance conviviale.,Automne,"randonnées, plage, sports nautiques",Moyen,10 jours,Facile d’accès en transport public,Zone touristique sécurisée
Marrakech,guest_house,Riad Asrari - D house,31.6361669,-7.9938523,"https://www.google.com/maps?q=31.6361669,-7.9938523",4.2,Un établissement parfait pour un séjour touristique offrant une vue exceptionnelle.,Printemps,"spa, découverte culturelle, shopping",Économique,10 jours,Accessible en voiture uniquement,Zone modérément sécurisée
Marrakech,guest_house,Riad Picolina,31.6331337,-7.9959762,"https://www.google.com/maps?q=31.6331337,-7.9959762",3.5,Une adresse appréciée conçu pour offrir confort et praticité offrant une vue exceptionnelle.,Printemps,"artisanat local, festivals, musique traditionnelle",Économique,3-5 jours,Situé près d'une gare ou station,Environnement très sécurisé
Marrakech,guest_house,Riad Altair,31.631427,-7.9971591,"https://www.google.com/maps?q=31.6314270,-7.9971591",4.1,Un lieu d’accueil conçu pour offrir confort et praticité offrant une vue exceptionnelle.,Printemps,"sports nautiques, plage, randonnées",Premium,1 semaine,Accessible en voiture uniquement,Quartier calme et bien surveillé
Marrakech,guest_house,Riad Jomana,31.6307157,-7.9948874,"https://www.google.com/maps?q=31.6307157,-7.9948874",4.7,Une adresse appréciée proche des attractions principales réputé pour son ambiance conviviale.,Printemps,"découverte culturelle, spa, shopping",Moyen,10 jours,Accessible en voiture uniquement,Quartier calme et bien surveillé
Marrakech,guest_house,Riad des Princesses,31.6245633,-7.9861936,"https://www.google.com/maps?q=31.6245633,-7.9861936",4.2,Un hébergement proche des attractions principales proposant un excellent rapport qualité-prix.,Hiver,"sports nautiques, randonnées, plage",Économique,2-3 jours,Proche du centre-ville et des taxis,Zone touristique sécurisée
Marrakech,guest_house,Riad Jnane Mogador,31.6241349,-7.9874721,"https://www.google.com/maps?q=31.6241349,-7.9874721",4.4,Un hébergement proche des attractions principales offrant une vue exceptionnelle.,Automne,"excursions guidées, sites historiques, activités de plein air",Moyen,1 semaine,Accessible en voiture uniquement,Quartier calme et bien surveillé
Marrakech,guest_house,Riad Amin,31.6169135,-7.9893585,"https://www.google.com/maps?q=31.6169135,-7.9893585",3.1,Un lieu d’accueil proche des attractions principales avec un service remarquable.,Été,"activités de plein air, sites historiques, excursions guidées",Économique,1 semaine,Facile d’accès en transport public,Environnement très sécurisé
Marrakech,guest_house,Riad Alamir,31.6272066,-7.9920557,"https://www.google.com/maps?q=31.6272066,-7.9920557",3.3,Un endroit chaleureux proche des attractions principales proposant un excellent rapport qualité-prix.,Été,"sites historiques, activités de plein air, excursions guidées",Premium,2-3 jours,Proche du centre-ville et des taxis,Quartier calme et bien surveillé
Marrakech,guest_house,Riad Al Andaluz,31.6393175,-7.994484,"https://www.google.com/maps?q=31.6393175,-7.9944840",4.2,Un hébergement conçu pour offrir confort et praticité dans un cadre calme et sécurisé.,Été,"plage, randonnées, sports nautiques",Premium,10 jours,Situé près d'une gare ou station,Quartier calme et bien surveillé
Marrakech,guest_house,Riad Veronika,31.6211314,-7.9851364,"https://www.google.com/maps?q=31.6211314,-7.9851364",4.0,Un endroit chaleureux idéal pour les voyageurs offrant une vue exceptionnelle.,Hiver,"artisanat local, musique traditionnelle, festivals",Luxe,1 semaine,Accessible en voiture uniquement,Zone touristique sécurisée
Marrakech,guest_house,Dar Touyir,31.6315644,-7.9972749,"https://www.google.com/maps?q=31.6315644,-7.9972749",4.4,Un établissement parfait pour un séjour touristique réputé pour son ambiance conviviale.,Été,"activités de plein air, sites historiques, excursions guidées",Premium,3-5 jours,Proche du centre-ville et des taxis,Zone touristique sécurisée
Marrakech,guest_house,Angsana Riad Bab Firdaus,31.6224446,-7.9830177,"https://www.google.com/maps?q=31.6224446,-7.9830177",3.3,Un endroit chaleureux adapté aux familles et aux professionnels réputé pour son ambiance conviviale.,Automne,"festivals, musique traditionnelle, artisanat local",Luxe,3-5 jours,Proche du centre-ville et des taxis,Environnement très sécurisé
Marrakech,guest_house,Riad Balkisse,31.6219846,-7.9881122,"https://www.google.com/maps?q=31.6219846,-7.9881122",4.2,Un lieu d’accueil adapté aux familles et aux professionnels dans un cadre calme et sécurisé.,Été,"sites historiques, activités de plein air, excursions guidées",Économique,2-3 jours,Facile d’accès en transport public,Zone modérément sécurisée
Marrakech,guest_house,Riyad Nora,31.6222984,-7.9823321,"https://www.google.com/maps?q=31.6222984,-7.9823321",3.1,Un hébergement idéal pour les voyageurs proposant un excellent rapport qualité-prix.,Automne,"activités de plein air, sites historiques, excursions guidées",Économique,1 semaine,Accessible en voiture uniquement,Zone modérément sécurisée
Marrakech,guest_house,Ryad Noura,31.6355798,-7.9930583,"https://www.google.com/maps?q=31.6355798,-7.9930583",4.2,Un endroit chaleureux idéal pour les voyageurs dans un cadre calme et sécurisé.,Été,"artisanat local, musique traditionnelle, festivals",Luxe,2-3 jours,Accessible en voiture uniquement,Quartier calme et bien surveillé
Marrakech,guest_house,Riad Hamdane,31.6238997,-7.9885024,"https://www.google.com/maps?q=31.6238997,-7.9885024",4.8,Un endroit chaleureux idéal pour les voyageurs offrant une vue exceptionnelle.,Printemps,"gastronomie locale, musées, visite de la médina",Luxe,3-5 jours,Accessible en voiture uniquement,Environnement très sécurisé
Marrakech,guest_house,Riad Cherkaoui,31.6359601,-7.9924288,"https://www.google.com/maps?q=31.6359601,-7.9924288",3.7,Un lieu d’accueil conçu pour offrir confort et praticité dans un cadre calme et sécurisé.,Printemps,"randonnées, plage, sports nautiques",Moyen,2-3 jours,Proche du centre-ville et des taxis,Zone modérément sécurisée
Marrakech,guest_house,Riad Medea,31.6357787,-7.9921255,"https://www.google.com/maps?q=31.6357787,-7.9921255",3.2,Un endroit chaleureux idéal pour les voyageurs proposant un excellent rapport qualité-prix.,Hiver,"excursions guidées, activités de plein air, sites historiques",Premium,1 semaine,Facile d’accès en transport public,Quartier calme et bien surveillé
Marrakech,guest_house,Riad Tamarrakecht,31.6281184,-7.9776212,"https://www.google.com/maps?q=31.6281184,-7.9776212",4.3,Un établissement parfait pour un séjour touristique offrant une vue exceptionnelle.,Printemps,"festivals, musique traditionnelle, artisanat local",Premium,3-5 jours,Accessible en voiture uniquement,Zone touristique sécurisée
Marrakech,guest_house,Riad Darsohane,31.6239671,-7.9858776,"https://www.google.com/maps?q=31.6239671,-7.9858776",3.5,Un hébergement proche des attractions principales avec un service remarquable.,Été,"excursions guidées, activités de plein air, sites historiques",Économique,10 jours,Facile d’accès en transport public,Quartier calme et bien surveillé
Marrakech,guest_house,Riad Noir d'Ivore,31.6335782,-7.9956389,"https://www.google.com/maps?q=31.6335782,-7.9956389",3.6,Un endroit chaleureux adapté aux familles et aux professionnels offrant une vue exceptionnelle.,Printemps,"activités de plein air, sites historiques, excursions guidées",Économique,1 semaine,Facile d’accès en transport public,Zone touristique sécurisée
Marrakech,guest_house,Riad Madina Mayurqa,31.6303229,-7.9864305,"https://www.google.com/maps?q=31.6303229,-7.9864305",3.2,Un établissement proche des attractions principales offrant une vue exceptionnelle.,Hiver,"musique traditionnelle, festivals, artisanat local",Premium,10 jours,Accessible en voiture uniquement,Zone modérément sécurisée
Marrakech,guest_house,Riad Bibtia,31.6290254,-7.9883478,"https://www.google.com/maps?q=31.6290254,-7.9883478",3.3,Un établissement parfait pour un séjour touristique offrant une vue exceptionnelle.,Automne,"visite de la médina, musées, gastronomie locale",Moyen,2-3 jours,Accessible en voiture uniquement,Quartier calme et bien surveillé
Marrakech,guest_house,Riad Casa Mora Shalimar,31.6332688,-7.9912984,"https://www.google.com/maps?q=31.6332688,-7.9912984",3.6,Une adresse appréciée proche des attractions principales avec un service remarquable.,Automne,"musique traditionnelle, artisanat local, festivals",Luxe,1 semaine,Situé près d'une gare ou station,Environnement très sécurisé
Marrakech,guest_house,The Great Getaway,31.6361712,-7.9910262,"https://www.google.com/maps?q=31.6361712,-7.9910262",4.2,Une adresse appréciée idéal pour les voyageurs proposant un excellent rapport qualité-prix.,Été,"sites historiques, excursions guidées, activités de plein air",Luxe,2-3 jours,Accessible en voiture uniquement,Environnement très sécurisé
Marrakech,guest_house,Riad Hiba,31.6239652,-7.987207,"https://www.google.com/maps?q=31.6239652,-7.9872070",3.9,Une adresse appréciée parfait pour un séjour touristique réputé pour son ambiance conviviale.,Printemps,"découverte culturelle, shopping, spa",Premium,3-5 jours,Situé près d'une gare ou station,Environnement très sécurisé
Marrakech,guest_house,Riad Dar Nael,31.6343869,-7.9853459,"https://www.google.com/maps?q=31.6343869,-7.9853459",3.1,Un établissement parfait pour un séjour touristique avec un service remarquable.,Hiver,"sports nautiques, randonnées, plage",Moyen,10 jours,Situé près d'une gare ou station,Zone touristique sécurisée
Marrakech,guest_house,Ryad Jawhar,31.6355753,-7.9931653,"https://www.google.com/maps?q=31.6355753,-7.9931653",4.1,Une adresse appréciée proche des attractions principales proposant un excellent rapport qualité-prix.,Été,"shopping, découverte culturelle, spa",Premium,3-5 jours,Accessible en voiture uniquement,Environnement très sécurisé
Marrakech,guest_house,Riad Douceur Mandarine,31.6229166,-7.9814787,"https://www.google.com/maps?q=31.6229166,-7.9814787",3.2,Un hébergement parfait pour un séjour touristique dans un cadre calme et sécurisé.,Été,"découverte culturelle, shopping, spa",Moyen,3-5 jours,Proche du centre-ville et des taxis,Zone touristique sécurisée
Marrakech,guest_house,Riad Bab Ouch’,31.6318692,-7.9854917,"https://www.google.com/maps?q=31.6318692,-7.9854917",4.4,Un endroit chaleureux adapté aux familles et aux professionnels offrant une vue exceptionnelle.,Printemps,"festivals, artisanat local, musique traditionnelle",Moyen,3-5 jours,Proche du centre-ville et des taxis,Zone touristique sécurisée
Marrakech,guest_house,Riad Christina,31.6267212,-7.9834665,"https://www.google.com/maps?q=31.6267212,-7.9834665",4.2,Un établissement proche des attractions principales dans un cadre calme et sécurisé.,Hiver,"artisanat local, musique traditionnelle, festivals",Économique,3-5 jours,Situé près d'une gare ou station,Zone modérément sécurisée
Marrakech,guest_house,Riad Maison Do,31.6289994,-7.9819205,"https://www.google.com/maps?q=31.6289994,-7.9819205",3.1,Un lieu d’accueil proche des attractions principales offrant une vue exceptionnelle.,Été,"festivals, musique traditionnelle, artisanat local",Luxe,2-3 jours,Accessible en voiture uniquement,Zone touristique sécurisée
Marrakech,guest_house,Riad Maud,31.6245596,-7.9863295,"https://www.google.com/maps?q=31.6245596,-7.9863295",4.3,Une adresse appréciée idéal pour les voyageurs proposant un excellent rapport qualité-prix.,Hiver,"randonnées, plage, sports nautiques",Moyen,10 jours,Proche du centre-ville et des taxis,Quartier calme et bien surveillé
Marrakech,guest_house,Riad 144,31.6377446,-7.9927979,"https://www.google.com/maps?q=31.6377446,-7.9927979",4.8,Une adresse appréciée conçu pour offrir confort et praticité avec un service remarquable.,Hiver,"découverte culturelle, shopping, spa",Premium,2-3 jours,Accessible en voiture uniquement,Quartier calme et bien surveillé
Marrakech,guest_house,Riad Monceau,31.624459,-7.9868487,"https://www.google.com/maps?q=31.6244590,-7.9868487",4.4,Une adresse appréciée idéal pour les voyageurs avec un service remarquable.,Automne,"plage, sports nautiques, randonnées",Premium,2-3 jours,Accessible en voiture uniquement,Quartier calme et bien surveillé
Marrakech,guest_house,Riad Dar Salam,31.6352108,-7.9958746,"https://www.google.com/maps?q=31.6352108,-7.9958746",0.0,Une adresse appréciée idéal pour les voyageurs dans un cadre calme et sécurisé.,Été,"festivals, musique traditionnelle, artisanat local",Économique,3-5 jours,Facile d’accès en transport public,Zone touristique sécurisée
Marrakech,guest_house,Riad Maizie,31.6287072,-7.9844094,"https://www.google.com/maps?q=31.6287072,-7.9844094",5.0,Une adresse appréciée parfait pour un séjour touristique dans un cadre calme et sécurisé.,Automne,"sports nautiques, plage, randonnées",Économique,2-3 jours,Accessible en voiture uniquement,Zone modérément sécurisée
Marrakech,guest_house,Riad Mur Akush,31.6313368,-7.9967174,"https://www.google.com/maps?q=31.6313368,-7.9967174",4.7,Un endroit chaleureux parfait pour un séjour touristique avec un service remarquable.,Printemps,"spa, découverte culturelle, shopping",Luxe,2-3 jours,Proche du centre-ville et des taxis,Zone modérément sécurisée
Marrakech,guest_house,Riad Mboja,31.6326484,-7.9967922,"https://www.google.com/maps?q=31.6326484,-7.9967922",4.9,Un hébergement idéal pour les voyageurs dans un cadre calme et sécurisé.,Été,"activités de plein air, sites historiques, excursions guidées",Économique,1 semaine,Situé près d'une gare ou station,Quartier calme et bien surveillé
Marrakech,guest_house,Riad Jade Or,31.6266587,-7.9831256,"https://www.google.com/maps?q=31.6266587,-7.9831256",5.0,Un établissement proche des attractions principales avec un service remarquable.,Été,"sports nautiques, plage, randonnées",Économique,3-5 jours,Proche du centre-ville et des taxis,Zone modérément sécurisée
Marrakech,guest_house,Riad Lakhdar,31.628057,-7.9945031,"https://www.google.com/maps?q=31.6280570,-7.9945031",4.0,Un endroit chaleureux conçu pour offrir confort et praticité avec un service remarquable.,Printemps,"découverte culturelle, shopping, spa",Premium,2-3 jours,Situé près d'une gare ou station,Environnement très sécurisé
Marrakech,guest_house,Riad Larrouss,31.634787,-7.9934301,"https://www.google.com/maps?q=31.6347870,-7.9934301",3.9,Un établissement proche des attractions principales offrant une vue exceptionnelle.,Été,"randonnées, sports nautiques, plage",Économique,1 semaine,Situé près d'une gare ou station,Quartier calme et bien surveillé
Marrakech,guest_house,Riad La Maison Nomade,31.6376671,-7.9928541,"https://www.google.com/maps?q=31.6376671,-7.9928541",4.6,Un lieu d’accueil conçu pour offrir confort et praticité dans un cadre calme et sécurisé.,Automne,"excursions guidées, sites historiques, activités de plein air",Moyen,3-5 jours,Accessible en voiture uniquement,Environnement très sécurisé
Marrakech,guest_house,Riad El Nour,31.630186,-7.9840325,"https://www.google.com/maps?q=31.6301860,-7.9840325",3.4,Un lieu d’accueil proche des attractions principales dans un cadre calme et sécurisé.,Printemps,"activités de plein air, sites historiques, excursions guidées",Économique,10 jours,Situé près d'une gare ou station,Zone touristique sécurisée
Marrakech,guest_house,Riad Karmela,31.6302726,-7.9841827,"https://www.google.com/maps?q=31.6302726,-7.9841827",4.9,Un établissement adapté aux familles et aux professionnels offrant une vue exceptionnelle.,Printemps,"artisanat local, festivals, musique traditionnelle",Premium,2-3 jours,Facile d’accès en transport public,Quartier calme et bien surveillé
Marrakech,guest_house,Riad Tarik,31.6263311,-7.9850976,"https://www.google.com/maps?q=31.6263311,-7.9850976",4.8,Un hébergement parfait pour un séjour touristique offrant une vue exceptionnelle.,Été,"sites historiques, excursions guidées, activités de plein air",Luxe,1 semaine,Facile d’accès en transport public,Environnement très sécurisé
Marrakech,guest_house,Riad Charlott,31.6306698,-7.9847121,"https://www.google.com/maps?q=31.6306698,-7.9847121",3.4,Un hébergement conçu pour offrir confort et praticité dans un cadre calme et sécurisé.,Hiver,"festivals, musique traditionnelle, artisanat local",Économique,3-5 jours,Proche du centre-ville et des taxis,Zone touristique sécurisée
Marrakech,guest_house,Riad Venezia,31.6281901,-7.984002,"https://www.google.com/maps?q=31.6281901,-7.9840020",4.9,Une adresse appréciée adapté aux familles et aux professionnels proposant un excellent rapport qualité-prix.,Hiver,"shopping, spa, découverte culturelle",Luxe,2-3 jours,Accessible en voiture uniquement,Quartier calme et bien surveillé
Marrakech,guest_house,Riad Signature,31.6249294,-7.9838794,"https://www.google.com/maps?q=31.6249294,-7.9838794",3.6,Un lieu d’accueil proche des attractions principales proposant un excellent rapport qualité-prix.,Été,"shopping, spa, découverte culturelle",Luxe,10 jours,Facile d’accès en transport public,Environnement très sécurisé
Marrakech,guest_house,Riad For S,31.631287,-7.9969477,"https://www.google.com/maps?q=31.6312870,-7.9969477",3.2,Un lieu d’accueil adapté aux familles et aux professionnels offrant une vue exceptionnelle.,Hiver,"découverte culturelle, spa, shopping",Luxe,3-5 jours,Facile d’accès en transport public,Quartier calme et bien surveillé
Marrakech,guest_house,Riad Dar Ourika,31.6321455,-7.9903436,"https://www.google.com/maps?q=31.6321455,-7.9903436",3.2,Un endroit chaleureux idéal pour les voyageurs proposant un excellent rapport qualité-prix.,Printemps,"découverte culturelle, spa, shopping",Luxe,10 jours,Situé près d'une gare ou station,Zone touristique sécurisée
Marrakech,guest_house,Riad Maïalou,31.6280975,-7.9919203,"https://www.google.com/maps?q=31.6280975,-7.9919203",3.6,Un hébergement idéal pour les voyageurs proposant un excellent rapport qualité-prix.,Printemps,"musées, visite de la médina, gastronomie locale",Moyen,3-5 jours,Facile d’accès en transport public,Quartier calme et bien surveillé
Marrakech,guest_house,Riad Aubrac,31.6290482,-7.9833116,"https://www.google.com/maps?q=31.6290482,-7.9833116",4.9,Une adresse appréciée adapté aux familles et aux professionnels avec un service remarquable.,Hiver,"festivals, musique traditionnelle, artisanat local",Économique,10 jours,Facile d’accès en transport public,Zone modérément sécurisée
Marrakech,guest_house,Riad Laora,31.6264262,-7.9820869,"https://www.google.com/maps?q=31.6264262,-7.9820869",4.2,Un endroit chaleureux parfait pour un séjour touristique offrant une vue exceptionnelle.,Printemps,"musées, visite de la médina, gastronomie locale",Moyen,1 semaine,Proche du centre-ville et des taxis,Environnement très sécurisé
Marrakech,guest_house,Riad Karim,31.6152303,-7.9869321,"https://www.google.com/maps?q=31.6152303,-7.9869321",4.2,Un hébergement proche des attractions principales avec un service remarquable.,Printemps,"musées, gastronomie locale, visite de la médina",Premium,2-3 jours,Facile d’accès en transport public,Quartier calme et bien surveillé
Marrakech,guest_house,Riad Louis d'Orient,31.6373682,-7.9898854,"https://www.google.com/maps?q=31.6373682,-7.9898854",3.7,Une adresse appréciée proche des attractions principales offrant une vue exceptionnelle.,Hiver,"gastronomie locale, musées, visite de la médina",Premium,2-3 jours,Proche du centre-ville et des taxis,Quartier calme et bien surveillé
Marrakech,guest_house,Riad Marrabahia,31.6222506,-7.9842586,"https://www.google.com/maps?q=31.6222506,-7.9842586",4.9,Un hébergement parfait pour un séjour touristique proposant un excellent rapport qualité-prix.,Été,"musées, visite de la médina, gastronomie locale",Moyen,1 semaine,Accessible en voiture uniquement,Zone modérément sécurisée
Marrakech,guest_house,Riad L'Harmattan,31.6251477,-7.9844429,"https://www.google.com/maps?q=31.6251477,-7.9844429",3.1,Un hébergement idéal pour les voyageurs avec un service remarquable.,Été,"découverte culturelle, shopping, spa",Moyen,1 semaine,Facile d’accès en transport public,Zone touristique sécurisée
Marrakech,guest_house,Riad Hikaya,31.6132226,-7.9873244,"https://www.google.com/maps?q=31.6132226,-7.9873244",4.9,Un lieu d’accueil parfait pour un séjour touristique réputé pour son ambiance conviviale.,Automne,"excursions guidées, activités de plein air, sites historiques",Moyen,2-3 jours,Proche du centre-ville et des taxis,Environnement très sécurisé
Marrakech,guest_house,Riad Bill Willis,31.6389092,-7.9904127,"https://www.google.com/maps?q=31.6389092,-7.9904127",4.8,Un lieu d’accueil idéal pour les voyageurs offrant une vue exceptionnelle.,Hiver,"randonnées, plage, sports nautiques",Moyen,3-5 jours,Situé près d'une gare ou station,Environnement très sécurisé
Marrakech,guest_house,Riad Abla,31.6354013,-7.9951936,"https://www.google.com/maps?q=31.6354013,-7.9951936",3.9,Un établissement adapté aux familles et aux professionnels offrant une vue exceptionnelle.,Hiver,"musées, visite de la médina, gastronomie locale",Luxe,2-3 jours,Facile d’accès en transport public,Environnement très sécurisé
Marrakech,guest_house,Guest House Ryad Chantaco,31.6281454,-7.9866402,"https://www.google.com/maps?q=31.6281454,-7.9866402",4.4,Un lieu d’accueil proche des attractions principales offrant une vue exceptionnelle.,Hiver,"spa, shopping, découverte culturelle",Luxe,2-3 jours,Accessible en voiture uniquement,Quartier calme et bien surveillé
Marrakech,guest_house,Riad Aicha Marrakech,31.628068,-7.9748736,"https://www.google.com/maps?q=31.6280680,-7.9748736",4.4,Un endroit chaleureux adapté aux familles et aux professionnels avec un service remarquable.,Été,"sports nautiques, randonnées, plage",Moyen,10 jours,Situé près d'une gare ou station,Environnement très sécurisé
Marrakech,guest_house,Riad Medhia,31.6241671,-7.9845939,"https://www.google.com/maps?q=31.6241671,-7.9845939",3.7,Une adresse appréciée adapté aux familles et aux professionnels dans un cadre calme et sécurisé.,Été,"plage, randonnées, sports nautiques",Économique,2-3 jours,Facile d’accès en transport public,Zone modérément sécurisée
Marrakech,guest_house,Riad Amira Vectoria,31.6339995,-7.9852173,"https://www.google.com/maps?q=31.6339995,-7.9852173",4.8,Un endroit chaleureux idéal pour les voyageurs dans un cadre calme et sécurisé.,Hiver,"activités de plein air, excursions guidées, sites historiques",Premium,3-5 jours,Facile d’accès en transport public,Quartier calme et bien surveillé
Marrakech,guest_house,Palais Dar Donab,31.6313513,-7.9914401,"https://www.google.com/maps?q=31.6313513,-7.9914401",4.8,Un lieu d’accueil proche des attractions principales réputé pour son ambiance conviviale.,Automne,"artisanat local, festivals, musique traditionnelle",Économique,2-3 jours,Accessible en voiture uniquement,Zone modérément sécurisée
Marrakech,guest_house,Riad Zayane Atlas,31.6233742,-7.9846524,"https://www.google.com/maps?q=31.6233742,-7.9846524",4.3,Un endroit chaleureux proche des attractions principales dans un cadre calme et sécurisé.,Automne,"activités de plein air, excursions guidées, sites historiques",Luxe,1 semaine,Proche du centre-ville et des taxis,Zone touristique sécurisée
Marrakech,guest_house,Riad Salsabil,31.6259805,-7.9922149,"https://www.google.com/maps?q=31.6259805,-7.9922149",4.1,Un hébergement parfait pour un séjour touristique réputé pour son ambiance conviviale.,Printemps,"artisanat local, festivals, musique traditionnelle",Premium,2-3 jours,Proche du centre-ville et des taxis,Quartier calme et bien surveillé
Marrakech,guest_house,Riad Oasissime,31.6274141,-7.982416,"https://www.google.com/maps?q=31.6274141,-7.9824160",4.8,Un hébergement proche des attractions principales dans un cadre calme et sécurisé.,Automne,"excursions guidées, sites historiques, activités de plein air",Moyen,2-3 jours,Situé près d'une gare ou station,Environnement très sécurisé
Marrakech,guest_house,Riad Dar Khadouj,31.6240013,-7.984497,"https://www.google.com/maps?q=31.6240013,-7.9844970",3.8,Un établissement conçu pour offrir confort et praticité dans un cadre calme et sécurisé.,Printemps,"visite de la médina, musées, gastronomie locale",Premium,10 jours,Accessible en voiture uniquement,Quartier calme et bien surveillé
Marrakech,guest_house,Riad Houdou,31.6319123,-7.9818613,"https://www.google.com/maps?q=31.6319123,-7.9818613",4.0,Une adresse appréciée idéal pour les voyageurs proposant un excellent rapport qualité-prix.,Hiver,"sports nautiques, plage, randonnées",Luxe,1 semaine,Situé près d'une gare ou station,Environnement très sécurisé
Marrakech,guest_house,Riad Cinnamon,31.6321713,-7.9880259,"https://www.google.com/maps?q=31.6321713,-7.9880259",3.1,Un hébergement proche des attractions principales offrant une vue exceptionnelle.,Automne,"visite de la médina, musées, gastronomie locale",Luxe,10 jours,Situé près d'une gare ou station,Environnement très sécurisé
Marrakech,guest_house,Riad Dar Mimouna,31.6191275,-7.9950367,"https://www.google.com/maps?q=31.6191275,-7.9950367",4.9,Une adresse appréciée idéal pour les voyageurs dans un cadre calme et sécurisé.,Printemps,"randonnées, plage, sports nautiques",Premium,10 jours,Facile d’accès en transport public,Environnement très sécurisé
Marrakech,guest_house,Dar Tibibt,31.6314508,-7.9972819,"https://www.google.com/maps?q=31.6314508,-7.9972819",4.8,Une adresse appréciée proche des attractions principales offrant une vue exceptionnelle.,Été,"visite de la médina, gastronomie locale, musées",Premium,3-5 jours,Proche du centre-ville et des taxis,Zone modérément sécurisée
Marrakech,guest_house,Riad Couleur Medina,31.6359274,-7.9912498,"https://www.google.com/maps?q=31.6359274,-7.9912498",4.3,Un hébergement adapté aux familles et aux professionnels proposant un excellent rapport qualité-prix.,Hiver,"découverte culturelle, spa, shopping",Moyen,2-3 jours,Accessible en voiture uniquement,Zone touristique sécurisée
Marrakech,guest_house,Riad Sidi Ayoub,31.6290507,-7.9792092,"https://www.google.com/maps?q=31.6290507,-7.9792092",4.0,Un lieu d’accueil conçu pour offrir confort et praticité offrant une vue exceptionnelle.,Automne,"randonnées, sports nautiques, plage",Luxe,2-3 jours,Facile d’accès en transport public,Zone modérément sécurisée
Marrakech,guest_house,Riad d'Airain,31.6339739,-7.9985004,"https://www.google.com/maps?q=31.6339739,-7.9985004",3.8,Une adresse appréciée proche des attractions principales dans un cadre calme et sécurisé.,Hiver,"festivals, artisanat local, musique traditionnelle",Moyen,2-3 jours,Accessible en voiture uniquement,Zone modérément sécurisée
Marrakech,guest_house,Riad Capaldi,31.6312787,-7.9850249,"https://www.google.com/maps?q=31.6312787,-7.9850249",4.2,Une adresse appréciée parfait pour un séjour touristique dans un cadre calme et sécurisé.,Printemps,"sports nautiques, randonnées, plage",Luxe,10 jours,Accessible en voiture uniquement,Zone touristique sécurisée
Marrakech,guest_house,Riad Alwachma,31.6301519,-7.9960501,"https://www.google.com/maps?q=31.6301519,-7.9960501",3.0,Un établissement parfait pour un séjour touristique avec un service remarquable.,Automne,"découverte culturelle, shopping, spa",Luxe,1 semaine,Accessible en voiture uniquement,Zone modérément sécurisée
Marrakech,guest_house,Riad KaÏss,31.6214429,-7.9855272,"https://www.google.com/maps?q=31.6214429,-7.9855272",5.0,Un lieu d’accueil parfait pour un séjour touristique offrant une vue exceptionnelle.,Hiver,"excursions guidées, sites historiques, activités de plein air",Luxe,1 semaine,Facile d’accès en transport public,Zone touristique sécurisée
Marrakech,guest_house,Riad al Faras,31.624703,-7.9845069,"https://www.google.com/maps?q=31.6247030,-7.9845069",4.0,Un hébergement adapté aux familles et aux professionnels réputé pour son ambiance conviviale.,Automne,"shopping, découverte culturelle, spa",Moyen,10 jours,Proche du centre-ville et des taxis,Zone touristique sécurisée
Marrakech,guest_house,Riad Thycas 2,31.6300382,-7.9865131,"https://www.google.com/maps?q=31.6300382,-7.9865131",4.6,Un lieu d’accueil parfait pour un séjour touristique offrant une vue exceptionnelle.,Hiver,"artisanat local, festivals, musique traditionnelle",Moyen,2-3 jours,Proche du centre-ville et des taxis,Quartier calme et bien surveillé
Marrakech,guest_house,Riad Asna,31.6323762,-7.997007,"https://www.google.com/maps?q=31.6323762,-7.9970070",4.1,Un lieu d’accueil proche des attractions principales proposant un excellent rapport qualité-prix.,Printemps,"artisanat local, musique traditionnelle, festivals",Moyen,10 jours,Accessible en voiture uniquement,Zone touristique sécurisée
Marrakech,guest_house,Riad Rose Meryam,31.6192189,-7.9940462,"https://www.google.com/maps?q=31.6192189,-7.9940462",3.7,Un lieu d’accueil proche des attractions principales dans un cadre calme et sécurisé.,Automne,"gastronomie locale, musées, visite de la médina",Premium,10 jours,Accessible en voiture uniquement,Quartier calme et bien surveillé
Marrakech,guest_house,Riad Alaka,31.6341181,-7.997921,"https://www.google.com/maps?q=31.6341181,-7.9979210",3.4,Un établissement proche des attractions principales dans un cadre calme et sécurisé.,Automne,"excursions guidées, activités de plein air, sites historiques",Premium,1 semaine,Proche du centre-ville et des taxis,Zone touristique sécurisée
Marrakech,guest_house,Riad Barouka,31.6312181,-7.9972408,"https://www.google.com/maps?q=31.6312181,-7.9972408",4.5,Un lieu d’accueil proche des attractions principales avec un service remarquable.,Hiver,"sports nautiques, plage, randonnées",Premium,2-3 jours,Situé près d'une gare ou station,Environnement très sécurisé
Marrakech,guest_house,Riad Bernard / Dar Loula,31.6175536,-7.9829368,"https://www.google.com/maps?q=31.6175536,-7.9829368",3.0,Un hébergement adapté aux familles et aux professionnels réputé pour son ambiance conviviale.,Hiver,"festivals, artisanat local, musique traditionnelle",Économique,1 semaine,Proche du centre-ville et des taxis,Quartier calme et bien surveillé
Marrakech,guest_house,Riad al Badia,31.6174332,-7.9815938,"https://www.google.com/maps?q=31.6174332,-7.9815938",3.6,Un hébergement parfait pour un séjour touristique offrant une vue exceptionnelle.,Hiver,"excursions guidées, activités de plein air, sites historiques",Luxe,2-3 jours,Situé près d'une gare ou station,Environnement très sécurisé
Marrakech,guest_house,Riad Shaloma,31.6179549,-7.9819618,"https://www.google.com/maps?q=31.6179549,-7.9819618",4.9,Une adresse appréciée conçu pour offrir confort et praticité proposant un excellent rapport qualité-prix.,Hiver,"festivals, artisanat local, musique traditionnelle",Premium,2-3 jours,Proche du centre-ville et des taxis,Zone touristique sécurisée
Marrakech,guest_house,Riad des Etoiles,31.6178194,-7.9816617,"https://www.google.com/maps?q=31.6178194,-7.9816617",4.0,Une adresse appréciée parfait pour un séjour touristique proposant un excellent rapport qualité-prix.,Été,"spa, découverte culturelle, shopping",Économique,3-5 jours,Facile d’accès en transport public,Zone modérément sécurisée
Marrakech,guest_house,Riad Moulay Said,31.6216701,-7.9864699,"https://www.google.com/maps?q=31.6216701,-7.9864699",4.9,Un lieu d’accueil conçu pour offrir confort et praticité proposant un excellent rapport qualité-prix.,Hiver,"artisanat local, musique traditionnelle, festivals",Premium,3-5 jours,Proche du centre-ville et des taxis,Zone touristique sécurisée
Marrakech,guest_house,Riad Mouna,31.623991,-7.9866428,"https://www.google.com/maps?q=31.6239910,-7.9866428",4.8,Un établissement adapté aux familles et aux professionnels proposant un excellent rapport qualité-prix.,Été,"spa, découverte culturelle, shopping",Luxe,3-5 jours,Proche du centre-ville et des taxis,Zone modérément sécurisée
Marrakech,guest_house,Riad Safir,31.6285352,-7.977148,"https://www.google.com/maps?q=31.6285352,-7.9771480",5.0,Un établissement proche des attractions principales dans un cadre calme et sécurisé.,Hiver,"visite de la médina, musées, gastronomie locale",Moyen,3-5 jours,Situé près d'une gare ou station,Zone touristique sécurisée
Marrakech,guest_house,Dar Rocmarra,31.6325928,-7.9930315,"https://www.google.com/maps?q=31.6325928,-7.9930315",4.8,Un lieu d’accueil parfait pour un séjour touristique offrant une vue exceptionnelle.,Printemps,"visite de la médina, musées, gastronomie locale",Économique,10 jours,Facile d’accès en transport public,Quartier calme et bien surveillé
Marrakech,guest_house,Riad Les Nuits de Marrakech,31.6265155,-7.9849597,"https://www.google.com/maps?q=31.6265155,-7.9849597",4.0,Un hébergement parfait pour un séjour touristique offrant une vue exceptionnelle.,Printemps,"activités de plein air, excursions guidées, sites historiques",Luxe,3-5 jours,Facile d’accès en transport public,Quartier calme et bien surveillé
Marrakech,guest_house,Riad Jardin Secret,31.6308978,-7.9948285,"https://www.google.com/maps?q=31.6308978,-7.9948285",4.4,Un établissement conçu pour offrir confort et praticité proposant un excellent rapport qualité-prix.,Hiver,"sites historiques, activités de plein air, excursions guidées",Moyen,1 semaine,Facile d’accès en transport public,Zone modérément sécurisée
Marrakech,guest_house,Riad Kniza,31.6329951,-7.9977215,"https://www.google.com/maps?q=31.6329951,-7.9977215",4.1,Un hébergement proche des attractions principales proposant un excellent rapport qualité-prix.,Automne,"sites historiques, excursions guidées, activités de plein air",Moyen,3-5 jours,Proche du centre-ville et des taxis,Quartier calme et bien surveillé
Marrakech,guest_house,Riad Limoun Amara,31.6264483,-7.9760796,"https://www.google.com/maps?q=31.6264483,-7.9760796",3.8,Un lieu d’accueil adapté aux familles et aux professionnels dans un cadre calme et sécurisé.,Été,"plage, sports nautiques, randonnées",Premium,3-5 jours,Situé près d'une gare ou station,Zone touristique sécurisée
Marrakech,guest_house,Riad Alwane,31.640818,-7.9898434,"https://www.google.com/maps?q=31.6408180,-7.9898434",4.7,Un endroit chaleureux adapté aux familles et aux professionnels réputé pour son ambiance conviviale.,Automne,"musées, visite de la médina, gastronomie locale",Moyen,10 jours,Facile d’accès en transport public,Environnement très sécurisé
Marrakech,guest_house,riad dalla santa,31.632885,-7.9895201,"https://www.google.com/maps?q=31.6328850,-7.9895201",4.8,Un endroit chaleureux proche des attractions principales avec un service remarquable.,Hiver,"randonnées, sports nautiques, plage",Moyen,10 jours,Facile d’accès en transport public,Environnement très sécurisé
Marrakech,guest_house,riad dalla santa,31.6320086,-7.9890659,"https://www.google.com/maps?q=31.6320086,-7.9890659",3.2,Un lieu d’accueil idéal pour les voyageurs avec un service remarquable.,Été,"sports nautiques, plage, randonnées",Premium,1 semaine,Facile d’accès en transport public,Zone modérément sécurisée
Marrakech,guest_house,Riad Vania,31.6307235,-7.9848858,"https://www.google.com/maps?q=31.6307235,-7.9848858",4.7,Un hébergement parfait pour un séjour touristique proposant un excellent rapport qualité-prix.,Printemps,"gastronomie locale, visite de la médina, musées",Luxe,10 jours,Situé près d'une gare ou station,Environnement très sécurisé
Marrakech,guest_house,Riad Helen,31.630604,-7.9942314,"https://www.google.com/maps?q=31.6306040,-7.9942314",3.9,Un hébergement idéal pour les voyageurs proposant un excellent rapport qualité-prix.,Printemps,"excursions guidées, activités de plein air, sites historiques",Moyen,2-3 jours,Proche du centre-ville et des taxis,Quartier calme et bien surveillé
Marrakech,guest_house,Riad Dar More,31.6201138,-7.9852474,"https://www.google.com/maps?q=31.6201138,-7.9852474",4.7,Un hébergement parfait pour un séjour touristique proposant un excellent rapport qualité-prix.,Printemps,"sites historiques, excursions guidées, activités de plein air",Luxe,10 jours,Proche du centre-ville et des taxis,Zone touristique sécurisée
Marrakech,guest_house,Riad Hanah,31.6327309,-7.9902727,"https://www.google.com/maps?q=31.6327309,-7.9902727",4.1,Un endroit chaleureux parfait pour un séjour touristique avec un service remarquable.,Automne,"artisanat local, musique traditionnelle, festivals",Premium,2-3 jours,Facile d’accès en transport public,Quartier calme et bien surveillé
Marrakech,guest_house,Riad Al Tainam,31.6268071,-7.9798354,"https://www.google.com/maps?q=31.6268071,-7.9798354",4.0,Une adresse appréciée adapté aux familles et aux professionnels réputé pour son ambiance conviviale.,Hiver,"shopping, découverte culturelle, spa",Moyen,10 jours,Accessible en voiture uniquement,Environnement très sécurisé
Marrakech,guest_house,Riad Yasmine,31.6356974,-7.9895853,"https://www.google.com/maps?q=31.6356974,-7.9895853",4.5,Un endroit chaleureux adapté aux familles et aux professionnels avec un service remarquable.,Printemps,"spa, shopping, découverte culturelle",Moyen,1 semaine,Accessible en voiture uniquement,Quartier calme et bien surveillé
Marrakech,guest_house,Riad Ba Sidi,31.6281536,-7.986147,"https://www.google.com/maps?q=31.6281536,-7.9861470",3.1,Un établissement conçu pour offrir confort et praticité proposant un excellent rapport qualité-prix.,Été,"visite de la médina, gastronomie locale, musées",Premium,1 semaine,Accessible en voiture uniquement,Environnement très sécurisé
Marrakech,guest_house,Riad Al Jana رياض الجنة,31.6329662,-7.9874752,"https://www.google.com/maps?q=31.6329662,-7.9874752",4.0,Un endroit chaleureux conçu pour offrir confort et praticité proposant un excellent rapport qualité-prix.,Printemps,"festivals, musique traditionnelle, artisanat local",Moyen,10 jours,Situé près d'une gare ou station,Environnement très sécurisé
Marrakech,guest_house,Riad Camilia,31.6306629,-7.9853471,"https://www.google.com/maps?q=31.6306629,-7.9853471",3.4,Un hébergement adapté aux familles et aux professionnels proposant un excellent rapport qualité-prix.,Printemps,"excursions guidées, activités de plein air, sites historiques",Premium,3-5 jours,Accessible en voiture uniquement,Environnement très sécurisé
Marrakech,guest_house,Riad Kech Soul & spa,31.6109071,-7.9887634,"https://www.google.com/maps?q=31.6109071,-7.9887634",3.4,Un endroit chaleureux proche des attractions principales dans un cadre calme et sécurisé.,Printemps,"randonnées, sports nautiques, plage",Luxe,10 jours,Situé près d'une gare ou station,Zone modérément sécurisée
Marrakech,guest_house,Riad al Massarah,31.633442,-7.9962297,"https://www.google.com/maps?q=31.6334420,-7.9962297",3.2,Un établissement conçu pour offrir confort et praticité proposant un excellent rapport qualité-prix.,Été,"découverte culturelle, spa, shopping",Premium,10 jours,Facile d’accès en transport public,Environnement très sécurisé
Marrakech,guest_house,Riad Dar Baraka and Karam,31.6322746,-7.9931099,"https://www.google.com/maps?q=31.6322746,-7.9931099",4.9,Un lieu d’accueil conçu pour offrir confort et praticité dans un cadre calme et sécurisé.,Printemps,"sites historiques, excursions guidées, activités de plein air",Premium,1 semaine,Proche du centre-ville et des taxis,Environnement très sécurisé
Marrakech,guest_house,Dar El Kheir,31.6308625,-7.9961919,"https://www.google.com/maps?q=31.6308625,-7.9961919",4.0,Un endroit chaleureux proche des attractions principales réputé pour son ambiance conviviale.,Printemps,"festivals, musique traditionnelle, artisanat local",Premium,2-3 jours,Situé près d'une gare ou station,Quartier calme et bien surveillé
Marrakech,guest_house,Riad Jenan Adam,31.6314749,-7.9891323,"https://www.google.com/maps?q=31.6314749,-7.9891323",3.7,Une adresse appréciée idéal pour les voyageurs réputé pour son ambiance conviviale.,Automne,"activités de plein air, excursions guidées, sites historiques",Luxe,2-3 jours,Proche du centre-ville et des taxis,Quartier calme et bien surveillé
Marrakech,guest_house,Riad Eloise Medina Marrakech,31.6364675,-7.9909585,"https://www.google.com/maps?q=31.6364675,-7.9909585",4.0,Un lieu d’accueil adapté aux familles et aux professionnels offrant une vue exceptionnelle.,Hiver,"musique traditionnelle, artisanat local, festivals",Économique,1 semaine,Facile d’accès en transport public,Zone touristique sécurisée
Marrakech,guest_house,Riad Armelle,31.6327083,-7.9979225,"https://www.google.com/maps?q=31.6327083,-7.9979225",4.0,Un établissement proche des attractions principales réputé pour son ambiance conviviale.,Printemps,"shopping, découverte culturelle, spa",Premium,3-5 jours,Proche du centre-ville et des taxis,Environnement très sécurisé
Marrakech,guest_house,Riad El Grably,31.6227599,-7.9832964,"https://www.google.com/maps?q=31.6227599,-7.9832964",4.2,Un hébergement idéal pour les voyageurs offrant une vue exceptionnelle.,Printemps,"découverte culturelle, spa, shopping",Luxe,3-5 jours,Situé près d'une gare ou station,Zone touristique sécurisée
Marrakech,guest_house,Riad Ta'achchaqa,31.6322647,-7.9901516,"https://www.google.com/maps?q=31.6322647,-7.9901516",4.0,Une adresse appréciée proche des attractions principales dans un cadre calme et sécurisé.,Automne,"visite de la médina, musées, gastronomie locale",Premium,2-3 jours,Accessible en voiture uniquement,Environnement très sécurisé
Marrakech,guest_house,Riad Kheirredine,31.6373525,-7.9933282,"https://www.google.com/maps?q=31.6373525,-7.9933282",3.7,Un hébergement parfait pour un séjour touristique réputé pour son ambiance conviviale.,Printemps,"artisanat local, festivals, musique traditionnelle",Luxe,10 jours,Facile d’accès en transport public,Quartier calme et bien surveillé
Marrakech,guest_house,Riad Pourpre,31.6330403,-7.9840572,"https://www.google.com/maps?q=31.6330403,-7.9840572",3.7,Un endroit chaleureux proche des attractions principales proposant un excellent rapport qualité-prix.,Printemps,"activités de plein air, excursions guidées, sites historiques",Premium,3-5 jours,Accessible en voiture uniquement,Environnement très sécurisé
Marrakech,guest_house,Riad Bousskri,31.6253581,-7.9725678,"https://www.google.com/maps?q=31.6253581,-7.9725678",4.2,Une adresse appréciée adapté aux familles et aux professionnels avec un service remarquable.,Automne,"musique traditionnelle, artisanat local, festivals",Économique,10 jours,Accessible en voiture uniquement,Zone modérément sécurisée
Marrakech,guest_house,Riad Les Trois Mages,31.6352925,-7.9934766,"https://www.google.com/maps?q=31.6352925,-7.9934766",4.8,Une adresse appréciée proche des attractions principales dans un cadre calme et sécurisé.,Été,"visite de la médina, gastronomie locale, musées",Économique,3-5 jours,Accessible en voiture uniquement,Zone touristique sécurisée
Marrakech,guest_house,Riad Moulay,31.6220045,-7.9859468,"https://www.google.com/maps?q=31.6220045,-7.9859468",4.3,Une adresse appréciée parfait pour un séjour touristique avec un service remarquable.,Été,"artisanat local, musique traditionnelle, festivals",Économique,1 semaine,Accessible en voiture uniquement,Quartier calme et bien surveillé
Marrakech,guest_house,Dar Charkia,31.6321608,-7.9937664,"https://www.google.com/maps?q=31.6321608,-7.9937664",4.5,Une adresse appréciée proche des attractions principales proposant un excellent rapport qualité-prix.,Hiver,"gastronomie locale, visite de la médina, musées",Moyen,2-3 jours,Accessible en voiture uniquement,Zone touristique sécurisée
Marrakech,guest_house,Riad Challa,31.623426,-7.9878906,"https://www.google.com/maps?q=31.6234260,-7.9878906",5.0,Un hébergement parfait pour un séjour touristique réputé pour son ambiance conviviale.,Printemps,"artisanat local, musique traditionnelle, festivals",Premium,10 jours,Situé près d'une gare ou station,Quartier calme et bien surveillé
Marrakech,guest_house,Riad Bab Tilila,31.6314243,-7.9970168,"https://www.google.com/maps?q=31.6314243,-7.9970168",4.3,Un endroit chaleureux proche des attractions principales offrant une vue exceptionnelle.,Automne,"découverte culturelle, shopping, spa",Premium,10 jours,Facile d’accès en transport public,Zone modérément sécurisée
Marrakech,guest_house,Riad Chorfa,31.6292508,-7.9900945,"https://www.google.com/maps?q=31.6292508,-7.9900945",3.9,Un hébergement conçu pour offrir confort et praticité réputé pour son ambiance conviviale.,Printemps,"spa, découverte culturelle, shopping",Premium,3-5 jours,Facile d’accès en transport public,Quartier calme et bien surveillé
Marrakech,guest_house,Dar Bassyma,31.6369737,-7.9942005,"https://www.google.com/maps?q=31.6369737,-7.9942005",3.6,Une adresse appréciée adapté aux familles et aux professionnels dans un cadre calme et sécurisé.,Printemps,"musique traditionnelle, festivals, artisanat local",Économique,1 semaine,Situé près d'une gare ou station,Environnement très sécurisé
Marrakech,guest_house,Dar El Mandar,31.6416368,-7.991777,"https://www.google.com/maps?q=31.6416368,-7.9917770",4.8,Une adresse appréciée proche des attractions principales réputé pour son ambiance conviviale.,Printemps,"plage, randonnées, sports nautiques",Économique,1 semaine,Accessible en voiture uniquement,Zone touristique sécurisée
Marrakech,guest_house,Riad Goloboy,31.6208739,-7.9955756,"https://www.google.com/maps?q=31.6208739,-7.9955756",4.5,Un établissement conçu pour offrir confort et praticité réputé pour son ambiance conviviale.,Automne,"visite de la médina, musées, gastronomie locale",Moyen,3-5 jours,Facile d’accès en transport public,Quartier calme et bien surveillé
Marrakech,guest_house,Riad Merstane,31.6386091,-7.9921463,"https://www.google.com/maps?q=31.6386091,-7.9921463",4.6,Un hébergement idéal pour les voyageurs offrant une vue exceptionnelle.,Printemps,"gastronomie locale, visite de la médina, musées",Premium,2-3 jours,Proche du centre-ville et des taxis,Zone touristique sécurisée
Marrakech,guest_house,Riad Les Lauriers Blancs,31.6372232,-7.9965348,"https://www.google.com/maps?q=31.6372232,-7.9965348",3.9,Une adresse appréciée adapté aux familles et aux professionnels avec un service remarquable.,Hiver,"artisanat local, musique traditionnelle, festivals",Luxe,3-5 jours,Situé près d'une gare ou station,Zone touristique sécurisée
Marrakech,guest_house,Riad Dar Coram,31.6305921,-7.9811673,"https://www.google.com/maps?q=31.6305921,-7.9811673",3.0,Un hébergement idéal pour les voyageurs proposant un excellent rapport qualité-prix.,Printemps,"randonnées, plage, sports nautiques",Luxe,1 semaine,Situé près d'une gare ou station,Environnement très sécurisé
Marrakech,guest_house,Riad Nasreen,31.6325791,-7.9952573,"https://www.google.com/maps?q=31.6325791,-7.9952573",4.8,Un établissement proche des attractions principales proposant un excellent rapport qualité-prix.,Automne,"activités de plein air, excursions guidées, sites historiques",Luxe,3-5 jours,Facile d’accès en transport public,Quartier calme et bien surveillé
Marrakech,guest_house,Riad Dar Othmane,31.6311872,-7.9810715,"https://www.google.com/maps?q=31.6311872,-7.9810715",4.6,Une adresse appréciée proche des attractions principales offrant une vue exceptionnelle.,Printemps,"visite de la médina, musées, gastronomie locale",Économique,2-3 jours,Facile d’accès en transport public,Environnement très sécurisé
Marrakech,guest_house,ex Villa el Gada,31.6352213,-8.0106922,"https://www.google.com/maps?q=31.6352213,-8.0106922",3.4,Un endroit chaleureux adapté aux familles et aux professionnels dans un cadre calme et sécurisé.,Printemps,"musées, visite de la médina, gastronomie locale",Premium,3-5 jours,Proche du centre-ville et des taxis,Zone touristique sécurisée
Marrakech,guest_house,Riad Ifoulki,31.6263158,-7.98279,"https://www.google.com/maps?q=31.6263158,-7.9827900",4.5,Un endroit chaleureux conçu pour offrir confort et praticité proposant un excellent rapport qualité-prix.,Automne,"excursions guidées, sites historiques, activités de plein air",Économique,3-5 jours,Accessible en voiture uniquement,Zone modérément sécurisée
Marrakech,guest_house,Riad Amin,31.634623,-7.9921957,"https://www.google.com/maps?q=31.6346230,-7.9921957",3.8,Un endroit chaleureux adapté aux familles et aux professionnels offrant une vue exceptionnelle.,Printemps,"musique traditionnelle, artisanat local, festivals",Luxe,3-5 jours,Situé près d'une gare ou station,Environnement très sécurisé
Marrakech,guest_house,Riad souad,31.628097,-7.9814734,"https://www.google.com/maps?q=31.6280970,-7.9814734",4.1,Une adresse appréciée adapté aux familles et aux professionnels offrant une vue exceptionnelle.,Hiver,"artisanat local, musique traditionnelle, festivals",Premium,10 jours,Situé près d'une gare ou station,Zone touristique sécurisée
Marrakech,guest_house,Riad Dar El Souk,31.6209859,-7.9852546,"https://www.google.com/maps?q=31.6209859,-7.9852546",4.6,Une adresse appréciée conçu pour offrir confort et praticité proposant un excellent rapport qualité-prix.,Hiver,"découverte culturelle, spa, shopping",Premium,1 semaine,Proche du centre-ville et des taxis,Quartier calme et bien surveillé
Marrakech,guest_house,Riad des Drôles,31.6267077,-7.984106,"https://www.google.com/maps?q=31.6267077,-7.9841060",4.3,Un hébergement proche des attractions principales proposant un excellent rapport qualité-prix.,Automne,"festivals, artisanat local, musique traditionnelle",Premium,2-3 jours,Facile d’accès en transport public,Zone modérément sécurisée
Marrakech,guest_house,Riad Tahili & Spa,31.6221966,-7.9875922,"https://www.google.com/maps?q=31.6221966,-7.9875922",3.5,Un lieu d’accueil parfait pour un séjour touristique réputé pour son ambiance conviviale.,Hiver,"gastronomie locale, visite de la médina, musées",Luxe,3-5 jours,Accessible en voiture uniquement,Quartier calme et bien surveillé
Marrakech,guest_house,Dar Seven,31.6374809,-7.9927746,"https://www.google.com/maps?q=31.6374809,-7.9927746",4.4,Un établissement parfait pour un séjour touristique dans un cadre calme et sécurisé.,Hiver,"shopping, découverte culturelle, spa",Moyen,1 semaine,Proche du centre-ville et des taxis,Zone touristique sécurisée
Marrakech,guest_house,Riad des Eaux et des Epices,31.6276325,-7.9869225,"https://www.google.com/maps?q=31.6276325,-7.9869225",4.4,Un hébergement idéal pour les voyageurs réputé pour son ambiance conviviale.,Automne,"visite de la médina, gastronomie locale, musées",Économique,10 jours,Facile d’accès en transport public,Zone modérément sécurisée
Marrakech,guest_house,Riad Soumia,31.6214796,-7.9837978,"https://www.google.com/maps?q=31.6214796,-7.9837978",3.6,Une adresse appréciée parfait pour un séjour touristique dans un cadre calme et sécurisé.,Hiver,"festivals, musique traditionnelle, artisanat local",Premium,1 semaine,Proche du centre-ville et des taxis,Zone modérément sécurisée
Marrakech,guest_house,Riad Dar Attika,31.6219993,-7.9836097,"https://www.google.com/maps?q=31.6219993,-7.9836097",3.8,Un endroit chaleureux proche des attractions principales offrant une vue exceptionnelle.,Hiver,"spa, shopping, découverte culturelle",Moyen,3-5 jours,Proche du centre-ville et des taxis,Environnement très sécurisé
Marrakech,guest_house,Ryad Dar Radya,31.6290486,-7.99055,"https://www.google.com/maps?q=31.6290486,-7.9905500",3.7,Un lieu d’accueil conçu pour offrir confort et praticité proposant un excellent rapport qualité-prix.,Automne,"musées, visite de la médina, gastronomie locale",Luxe,10 jours,Situé près d'une gare ou station,Quartier calme et bien surveillé
Marrakech,guest_house,Maison d'hôtes دار الضيافة,31.639066,-8.047811,"https://www.google.com/maps?q=31.6390660,-8.0478110",3.3,Un hébergement conçu pour offrir confort et praticité offrant une vue exceptionnelle.,Automne,"plage, sports nautiques, randonnées",Premium,2-3 jours,Proche du centre-ville et des taxis,Environnement très sécurisé
Marrakech,guest_house,Riad Ida Ou Balou,31.6372426,-7.9904032,"https://www.google.com/maps?q=31.6372426,-7.9904032",4.7,Une adresse appréciée adapté aux familles et aux professionnels offrant une vue exceptionnelle.,Printemps,"activités de plein air, sites historiques, excursions guidées",Moyen,2-3 jours,Proche du centre-ville et des taxis,Zone modérément sécurisée
Marrakech,guest_house,Riad Dar Andamaure,31.6263364,-7.9848338,"https://www.google.com/maps?q=31.6263364,-7.9848338",3.0,Un endroit chaleureux parfait pour un séjour touristique offrant une vue exceptionnelle.,Printemps,"musées, gastronomie locale, visite de la médina",Moyen,3-5 jours,Situé près d'une gare ou station,Environnement très sécurisé
Marrakech,guest_house,Dar Mirai,31.6333207,-7.9972806,"https://www.google.com/maps?q=31.6333207,-7.9972806",3.0,Un endroit chaleureux conçu pour offrir confort et praticité dans un cadre calme et sécurisé.,Automne,"artisanat local, festivals, musique traditionnelle",Premium,2-3 jours,Accessible en voiture uniquement,Environnement très sécurisé
Marrakech,guest_house,riad Mandalay,31.6156732,-7.9878012,"https://www.google.com/maps?q=31.6156732,-7.9878012",3.6,Une adresse appréciée adapté aux familles et aux professionnels avec un service remarquable.,Hiver,"festivals, musique traditionnelle, artisanat local",Moyen,1 semaine,Proche du centre-ville et des taxis,Zone modérément sécurisée
Marrakech,guest_house,Riad El Cadi,31.6285705,-7.9850401,"https://www.google.com/maps?q=31.6285705,-7.9850401",3.0,Un endroit chaleureux proche des attractions principales réputé pour son ambiance conviviale.,Été,"sites historiques, activités de plein air, excursions guidées",Luxe,3-5 jours,Accessible en voiture uniquement,Quartier calme et bien surveillé
Marrakech,guest_house,Riad Mejbar,31.6347822,-7.9944786,"https://www.google.com/maps?q=31.6347822,-7.9944786",3.5,Une adresse appréciée proche des attractions principales proposant un excellent rapport qualité-prix.,Été,"plage, randonnées, sports nautiques",Économique,3-5 jours,Accessible en voiture uniquement,Zone modérément sécurisée
Marrakech,guest_house,Riad Ralhaya,31.6243938,-7.9848095,"https://www.google.com/maps?q=31.6243938,-7.9848095",4.7,Un hébergement conçu pour offrir confort et praticité réputé pour son ambiance conviviale.,Printemps,"gastronomie locale, visite de la médina, musées",Premium,3-5 jours,Situé près d'une gare ou station,Environnement très sécurisé
Marrakech,guest_house,Riad Cala Medina,31.6217592,-7.9838054,"https://www.google.com/maps?q=31.6217592,-7.9838054",4.0,Un établissement conçu pour offrir confort et praticité réputé pour son ambiance conviviale.,Automne,"activités de plein air, excursions guidées, sites historiques",Luxe,1 semaine,Facile d’accès en transport public,Quartier calme et bien surveillé
Marrakech,guest_house,"Riad ""Oiseau du Paradis""",31.6264404,-7.9806097,"https://www.google.com/maps?q=31.6264404,-7.9806097",3.4,Un endroit chaleureux adapté aux familles et aux professionnels offrant une vue exceptionnelle.,Printemps,"shopping, spa, découverte culturelle",Premium,2-3 jours,Facile d’accès en transport public,Zone modérément sécurisée
Marrakech,guest_house,Riad BB Marrakech,31.6263427,-7.990985,"https://www.google.com/maps?q=31.6263427,-7.9909850",3.2,Un lieu d’accueil conçu pour offrir confort et praticité réputé pour son ambiance conviviale.,Automne,"artisanat local, festivals, musique traditionnelle",Premium,2-3 jours,Accessible en voiture uniquement,Zone touristique sécurisée
Marrakech,guest_house,Riad Les Rêves de Marrakech,31.6156433,-7.9874206,"https://www.google.com/maps?q=31.6156433,-7.9874206",3.5,Un lieu d’accueil proche des attractions principales dans un cadre calme et sécurisé.,Hiver,"excursions guidées, sites historiques, activités de plein air",Luxe,10 jours,Proche du centre-ville et des taxis,Zone touristique sécurisée
Marrakech,guest_house,Dar Nabila,31.6359892,-7.9946513,"https://www.google.com/maps?q=31.6359892,-7.9946513",3.7,Une adresse appréciée proche des attractions principales réputé pour son ambiance conviviale.,Été,"plage, sports nautiques, randonnées",Premium,10 jours,Proche du centre-ville et des taxis,Environnement très sécurisé
Marrakech,guest_house,Riad Palais Delia,31.6374251,-7.9963119,"https://www.google.com/maps?q=31.6374251,-7.9963119",3.7,Un établissement proche des attractions principales réputé pour son ambiance conviviale.,Printemps,"plage, sports nautiques, randonnées",Économique,10 jours,Proche du centre-ville et des taxis,Zone modérément sécurisée
Marrakech,guest_house,Riad Atlas Quatre,31.6191109,-7.9873332,"https://www.google.com/maps?q=31.6191109,-7.9873332",3.9,Un établissement conçu pour offrir confort et praticité proposant un excellent rapport qualité-prix.,Été,"spa, shopping, découverte culturelle",Luxe,1 semaine,Facile d’accès en transport public,Quartier calme et bien surveillé
Marrakech,guest_house,Riad Princesse Du Desert,31.6306447,-7.99126,"https://www.google.com/maps?q=31.6306447,-7.9912600",3.2,Une adresse appréciée adapté aux familles et aux professionnels dans un cadre calme et sécurisé.,Été,"musique traditionnelle, festivals, artisanat local",Économique,3-5 jours,Proche du centre-ville et des taxis,Zone modérément sécurisée
Marrakech,guest_house,Riad Zehar,31.6307112,-7.9901876,"https://www.google.com/maps?q=31.6307112,-7.9901876",4.7,Un endroit chaleureux adapté aux familles et aux professionnels réputé pour son ambiance conviviale.,Automne,"plage, randonnées, sports nautiques",Économique,2-3 jours,Situé près d'une gare ou station,Zone touristique sécurisée
Marrakech,guest_house,Riad Reves D'orient,31.6310614,-7.9911001,"https://www.google.com/maps?q=31.6310614,-7.9911001",3.2,Une adresse appréciée adapté aux familles et aux professionnels avec un service remarquable.,Été,"sports nautiques, randonnées, plage",Économique,2-3 jours,Accessible en voiture uniquement,Quartier calme et bien surveillé
Marrakech,guest_house,Waka waka,31.627373,-7.9923084,"https://www.google.com/maps?q=31.6273730,-7.9923084",3.0,Un lieu d’accueil idéal pour les voyageurs avec un service remarquable.,Printemps,"gastronomie locale, musées, visite de la médina",Premium,10 jours,Situé près d'une gare ou station,Environnement très sécurisé
Marrakech,guest_house,Riad Anjar,31.6288769,-7.9913114,"https://www.google.com/maps?q=31.6288769,-7.9913114",4.8,Une adresse appréciée parfait pour un séjour touristique proposant un excellent rapport qualité-prix.,Été,"excursions guidées, activités de plein air, sites historiques",Premium,1 semaine,Proche du centre-ville et des taxis,Zone modérément sécurisée
Marrakech,guest_house,Hotel Riad Rahba,31.6277667,-7.9861805,"https://www.google.com/maps?q=31.6277667,-7.9861805",4.9,Un endroit chaleureux conçu pour offrir confort et praticité dans un cadre calme et sécurisé.,Automne,"plage, sports nautiques, randonnées",Premium,1 semaine,Accessible en voiture uniquement,Zone modérément sécurisée
Marrakech,guest_house,Dar Basyma,31.6360908,-7.9948936,"https://www.google.com/maps?q=31.6360908,-7.9948936",3.2,Un endroit chaleureux parfait pour un séjour touristique réputé pour son ambiance conviviale.,Été,"sports nautiques, plage, randonnées",Moyen,2-3 jours,Accessible en voiture uniquement,Zone modérément sécurisée
Marrakech,guest_house,فندق دهيا,31.6265682,-7.9839662,"https://www.google.com/maps?q=31.6265682,-7.9839662",5.0,Un hébergement proche des attractions principales avec un service remarquable.,Automne,"festivals, artisanat local, musique traditionnelle",Premium,1 semaine,Accessible en voiture uniquement,Quartier calme et bien surveillé
Marrakech,guest_house,Riad Farnatchi,31.6320852,-7.9854987,"https://www.google.com/maps?q=31.6320852,-7.9854987",3.2,Un endroit chaleureux parfait pour un séjour touristique réputé pour son ambiance conviviale.,Automne,"plage, randonnées, sports nautiques",Premium,1 semaine,Facile d’accès en transport public,Zone touristique sécurisée
Marrakech,guest_house,Riad Bianca,31.6371552,-7.9953618,"https://www.google.com/maps?q=31.6371552,-7.9953618",4.8,Un établissement proche des attractions principales proposant un excellent rapport qualité-prix.,Hiver,"excursions guidées, activités de plein air, sites historiques",Luxe,3-5 jours,Situé près d'une gare ou station,Zone modérément sécurisée
Marrakech,guest_house,Riad 107,31.6266119,-7.9832857,"https://www.google.com/maps?q=31.6266119,-7.9832857",4.8,Un lieu d’accueil conçu pour offrir confort et praticité offrant une vue exceptionnelle.,Hiver,"musées, visite de la médina, gastronomie locale",Luxe,10 jours,Facile d’accès en transport public,Environnement très sécurisé
Marrakech,guest_house,Riad La Famille,31.6376184,-7.9871177,"https://www.google.com/maps?q=31.6376184,-7.9871177",3.0,Un hébergement parfait pour un séjour touristique offrant une vue exceptionnelle.,Été,"musique traditionnelle, artisanat local, festivals",Moyen,2-3 jours,Proche du centre-ville et des taxis,Quartier calme et bien surveillé
Marrakech,guest_house,Appartement 2 chambres moderne,31.6408514,-7.9985634,"https://www.google.com/maps?q=31.6408514,-7.9985634",3.3,Un hébergement parfait pour un séjour touristique proposant un excellent rapport qualité-prix.,Hiver,"activités de plein air, sites historiques, excursions guidées",Luxe,3-5 jours,Situé près d'une gare ou station,Zone modérément sécurisée
Marrakech,guest_house,Riad Chams,31.6334771,-7.9946386,"https://www.google.com/maps?q=31.6334771,-7.9946386",4.2,Une adresse appréciée adapté aux familles et aux professionnels réputé pour son ambiance conviviale.,Automne,"artisanat local, musique traditionnelle, festivals",Premium,3-5 jours,Facile d’accès en transport public,Environnement très sécurisé
Marrakech,guest_house,Les Jardins Riad Laarouss,31.6339936,-7.9940634,"https://www.google.com/maps?q=31.6339936,-7.9940634",4.2,Un endroit chaleureux idéal pour les voyageurs dans un cadre calme et sécurisé.,Printemps,"artisanat local, musique traditionnelle, festivals",Moyen,2-3 jours,Situé près d'une gare ou station,Zone touristique sécurisée
Marrakech,guest_house,Riad Maison Bel Baraka,31.633353,-7.9942678,"https://www.google.com/maps?q=31.6333530,-7.9942678",5.0,Un endroit chaleureux idéal pour les voyageurs dans un cadre calme et sécurisé.,Été,"randonnées, sports nautiques, plage",Premium,10 jours,Accessible en voiture uniquement,Zone modérément sécurisée
Marrakech,guest_house,Riad Samsara,31.639174,-7.992048,"https://www.google.com/maps?q=31.6391740,-7.9920480",3.0,Un lieu d’accueil conçu pour offrir confort et praticité offrant une vue exceptionnelle.,Automne,"shopping, découverte culturelle, spa",Luxe,1 semaine,Situé près d'une gare ou station,Environnement très sécurisé
Marrakech,guest_house,Riad Charaï,31.6391052,-7.993078,"https://www.google.com/maps?q=31.6391052,-7.9930780",4.7,Une adresse appréciée parfait pour un séjour touristique dans un cadre calme et sécurisé.,Automne,"festivals, artisanat local, musique traditionnelle",Premium,1 semaine,Facile d’accès en transport public,Zone touristique sécurisée
Marrakech,guest_house,Riad Tzarra,31.6309566,-7.9830167,"https://www.google.com/maps?q=31.6309566,-7.9830167",4.6,Un endroit chaleureux parfait pour un séjour touristique avec un service remarquable.,Hiver,"artisanat local, musique traditionnelle, festivals",Économique,1 semaine,Proche du centre-ville et des taxis,Zone modérément sécurisée
Marrakech,guest_house,Dar Housnia,31.6313321,-7.9834406,"https://www.google.com/maps?q=31.6313321,-7.9834406",3.2,Une adresse appréciée adapté aux familles et aux professionnels avec un service remarquable.,Été,"randonnées, plage, sports nautiques",Économique,3-5 jours,Situé près d'une gare ou station,Quartier calme et bien surveillé
Marrakech,guest_house,Dar Lbahja,31.625597,-7.9862489,"https://www.google.com/maps?q=31.6255970,-7.9862489",4.3,Un lieu d’accueil adapté aux familles et aux professionnels offrant une vue exceptionnelle.,Printemps,"artisanat local, musique traditionnelle, festivals",Économique,3-5 jours,Proche du centre-ville et des taxis,Quartier calme et bien surveillé
Marrakech,guest_house,Riad Inaka,31.6119307,-7.9886964,"https://www.google.com/maps?q=31.6119307,-7.9886964",3.1,Une adresse appréciée proche des attractions principales dans un cadre calme et sécurisé.,Hiver,"festivals, artisanat local, musique traditionnelle",Luxe,2-3 jours,Facile d’accès en transport public,Zone modérément sécurisée
Marrakech,guest_house,Riad Haj Thami,31.6277983,-7.977302,"https://www.google.com/maps?q=31.6277983,-7.9773020",4.0,Un lieu d’accueil adapté aux familles et aux professionnels proposant un excellent rapport qualité-prix.,Été,"spa, découverte culturelle, shopping",Économique,3-5 jours,Facile d’accès en transport public,Environnement très sécurisé
Marrakech,guest_house,Riad Dar Saba,31.633488,-7.9934059,"https://www.google.com/maps?q=31.6334880,-7.9934059",3.1,Une adresse appréciée idéal pour les voyageurs proposant un excellent rapport qualité-prix.,Printemps,"musées, gastronomie locale, visite de la médina",Premium,1 semaine,Situé près d'une gare ou station,Quartier calme et bien surveillé
Marrakech,guest_house,Dar El Hna,31.6273042,-7.990288,"https://www.google.com/maps?q=31.6273042,-7.9902880",3.1,Une adresse appréciée conçu pour offrir confort et praticité réputé pour son ambiance conviviale.,Automne,"festivals, musique traditionnelle, artisanat local",Moyen,10 jours,Proche du centre-ville et des taxis,Zone modérément sécurisée
Marrakech,guest_house,Riad Elias,31.6288294,-7.9829137,"https://www.google.com/maps?q=31.6288294,-7.9829137",4.5,Un hébergement parfait pour un séjour touristique proposant un excellent rapport qualité-prix.,Été,"excursions guidées, activités de plein air, sites historiques",Économique,10 jours,Proche du centre-ville et des taxis,Zone modérément sécurisée
Marrakech,guest_house,RIAD DAR EL AÏLA,31.6353054,-7.9923967,"https://www.google.com/maps?q=31.6353054,-7.9923967",3.9,Une adresse appréciée parfait pour un séjour touristique offrant une vue exceptionnelle.,Printemps,"découverte culturelle, shopping, spa",Moyen,2-3 jours,Facile d’accès en transport public,Zone touristique sécurisée
Marrakech,guest_house,RIAD ORIGINES,31.63742,-7.992386,"https://www.google.com/maps?q=31.6374200,-7.9923860",3.8,Un lieu d’accueil conçu pour offrir confort et praticité offrant une vue exceptionnelle.,Automne,"gastronomie locale, musées, visite de la médina",Moyen,10 jours,Situé près d'une gare ou station,Environnement très sécurisé
Marrakech,guest_house,Riad Sybil Boutique Hotel,31.6159152,-7.9811153,"https://www.google.com/maps?q=31.6159152,-7.9811153",4.7,Un établissement conçu pour offrir confort et praticité dans un cadre calme et sécurisé.,Printemps,"festivals, artisanat local, musique traditionnelle",Moyen,10 jours,Facile d’accès en transport public,Quartier calme et bien surveillé
Marrakech,guest_house,Dar Margot,31.6270355,-7.979812,"https://www.google.com/maps?q=31.6270355,-7.9798120",4.5,Un établissement idéal pour les voyageurs dans un cadre calme et sécurisé.,Automne,"plage, sports nautiques, randonnées",Luxe,1 semaine,Situé près d'une gare ou station,Environnement très sécurisé
Marrakech,guest_house,Riad Dantella,31.6289997,-7.9831159,"https://www.google.com/maps?q=31.6289997,-7.9831159",3.8,Un lieu d’accueil conçu pour offrir confort et praticité offrant une vue exceptionnelle.,Automne,"randonnées, sports nautiques, plage",Moyen,10 jours,Situé près d'une gare ou station,Quartier calme et bien surveillé
Marrakech,guest_house,الدار,31.6169898,-7.9870066,"https://www.google.com/maps?q=31.6169898,-7.9870066",4.3,Un établissement conçu pour offrir confort et praticité proposant un excellent rapport qualité-prix.,Printemps,"artisanat local, musique traditionnelle, festivals",Premium,2-3 jours,Situé près d'une gare ou station,Environnement très sécurisé
Marrakech,guest_house,Riad Les Ammonites,31.6292369,-7.984663,"https://www.google.com/maps?q=31.6292369,-7.9846630",4.9,Un hébergement idéal pour les voyageurs réputé pour son ambiance conviviale.,Printemps,"artisanat local, festivals, musique traditionnelle",Premium,10 jours,Situé près d'une gare ou station,Zone modérément sécurisée
Marrakech,guest_house,Riad Limouna,31.6248555,-7.9834955,"https://www.google.com/maps?q=31.6248555,-7.9834955",3.4,Un hébergement proche des attractions principales proposant un excellent rapport qualité-prix.,Printemps,"plage, sports nautiques, randonnées",Luxe,2-3 jours,Proche du centre-ville et des taxis,Quartier calme et bien surveillé
Marrakech,guest_house,Riad Oum Ellkhir,31.6370811,-7.9942276,"https://www.google.com/maps?q=31.6370811,-7.9942276",3.2,Un endroit chaleureux idéal pour les voyageurs proposant un excellent rapport qualité-prix.,Automne,"visite de la médina, musées, gastronomie locale",Luxe,3-5 jours,Accessible en voiture uniquement,Zone touristique sécurisée
Marrakech,guest_house,Riad Andalla,31.6260958,-7.987208,"https://www.google.com/maps?q=31.6260958,-7.9872080",4.2,Un hébergement parfait pour un séjour touristique réputé pour son ambiance conviviale.,Automne,"musique traditionnelle, festivals, artisanat local",Luxe,3-5 jours,Proche du centre-ville et des taxis,Quartier calme et bien surveillé
Marrakech,guest_house,Le Riad Jardin Des Reves,31.633137,-7.9961768,"https://www.google.com/maps?q=31.6331370,-7.9961768",4.6,Un établissement proche des attractions principales dans un cadre calme et sécurisé.,Printemps,"musées, gastronomie locale, visite de la médina",Luxe,2-3 jours,Facile d’accès en transport public,Zone touristique sécurisée
Marrakech,guest_house,Riad 117,31.6275269,-7.9858509,"https://www.google.com/maps?q=31.6275269,-7.9858509",4.4,Un lieu d’accueil conçu pour offrir confort et praticité réputé pour son ambiance conviviale.,Automne,"musées, gastronomie locale, visite de la médina",Moyen,2-3 jours,Proche du centre-ville et des taxis,Zone modérément sécurisée
Marrakech,guest_house,Riad Al Mamoune,31.6281066,-7.9867629,"https://www.google.com/maps?q=31.6281066,-7.9867629",3.0,Un hébergement conçu pour offrir confort et praticité offrant une vue exceptionnelle.,Automne,"excursions guidées, sites historiques, activités de plein air",Moyen,10 jours,Facile d’accès en transport public,Environnement très sécurisé
Marrakech,guest_house,Riad Soundouss,31.6339984,-7.9930255,"https://www.google.com/maps?q=31.6339984,-7.9930255",4.9,Un établissement proche des attractions principales avec un service remarquable.,Printemps,"gastronomie locale, visite de la médina, musées",Luxe,3-5 jours,Situé près d'une gare ou station,Zone modérément sécurisée
Marrakech,guest_house,Riad Zanzibar,31.6229469,-7.9838596,"https://www.google.com/maps?q=31.6229469,-7.9838596",3.4,Un établissement adapté aux familles et aux professionnels réputé pour son ambiance conviviale.,Été,"musique traditionnelle, artisanat local, festivals",Économique,3-5 jours,Facile d’accès en transport public,Zone modérément sécurisée
Marrakech,guest_house,MonRiad,31.6228771,-7.9851115,"https://www.google.com/maps?q=31.6228771,-7.9851115",4.7,Un lieu d’accueil adapté aux familles et aux professionnels dans un cadre calme et sécurisé.,Printemps,"spa, découverte culturelle, shopping",Moyen,10 jours,Facile d’accès en transport public,Zone modérément sécurisée
Marrakech,guest_house,Riad Dar Khmissa,31.621614,-7.9874548,"https://www.google.com/maps?q=31.6216140,-7.9874548",4.3,Un hébergement idéal pour les voyageurs proposant un excellent rapport qualité-prix.,Automne,"découverte culturelle, spa, shopping",Moyen,1 semaine,Situé près d'une gare ou station,Environnement très sécurisé
Marrakech,guest_house,Riad Gallery 49,31.6323049,-7.9979817,"https://www.google.com/maps?q=31.6323049,-7.9979817",4.0,Un hébergement proche des attractions principales dans un cadre calme et sécurisé.,Hiver,"activités de plein air, excursions guidées, sites historiques",Premium,3-5 jours,Accessible en voiture uniquement,Environnement très sécurisé
Marrakech,guest_house,Riad Agdim,31.6275533,-7.990503,"https://www.google.com/maps?q=31.6275533,-7.9905030",3.0,Un hébergement idéal pour les voyageurs offrant une vue exceptionnelle.,Hiver,"activités de plein air, sites historiques, excursions guidées",Économique,3-5 jours,Proche du centre-ville et des taxis,Zone touristique sécurisée
Marrakech,guest_house,Riad Belko,31.6154043,-7.9888327,"https://www.google.com/maps?q=31.6154043,-7.9888327",4.0,Un hébergement proche des attractions principales avec un service remarquable.,Automne,"musées, visite de la médina, gastronomie locale",Luxe,10 jours,Facile d’accès en transport public,Zone modérément sécurisée
Marrakech,guest_house,Riad Vert Marrakech,31.6401045,-7.9891061,"https://www.google.com/maps?q=31.6401045,-7.9891061",4.7,Une adresse appréciée idéal pour les voyageurs dans un cadre calme et sécurisé.,Été,"sites historiques, activités de plein air, excursions guidées",Économique,2-3 jours,Situé près d'une gare ou station,Zone touristique sécurisée
Marrakech,guest_house,Riad Shalimar,31.6300843,-7.9744294,"https://www.google.com/maps?q=31.6300843,-7.9744294",4.3,Un endroit chaleureux adapté aux familles et aux professionnels proposant un excellent rapport qualité-prix.,Hiver,"sports nautiques, plage, randonnées",Économique,3-5 jours,Situé près d'une gare ou station,Quartier calme et bien surveillé
Marrakech,guest_house,Riad Bjoujna,31.6161814,-7.9899836,"https://www.google.com/maps?q=31.6161814,-7.9899836",4.3,Un hébergement idéal pour les voyageurs offrant une vue exceptionnelle.,Printemps,"activités de plein air, excursions guidées, sites historiques",Économique,1 semaine,Facile d’accès en transport public,Environnement très sécurisé
Marrakech,guest_house,Riad Marraplace,31.6248431,-7.9883755,"https://www.google.com/maps?q=31.6248431,-7.9883755",3.5,Une adresse appréciée adapté aux familles et aux professionnels réputé pour son ambiance conviviale.,Hiver,"festivals, musique traditionnelle, artisanat local",Moyen,10 jours,Accessible en voiture uniquement,Quartier calme et bien surveillé
Marrakech,guest_house,Riad Akl,31.6310054,-7.990548,"https://www.google.com/maps?q=31.6310054,-7.9905480",4.4,Un lieu d’accueil parfait pour un séjour touristique proposant un excellent rapport qualité-prix.,Été,"visite de la médina, gastronomie locale, musées",Économique,10 jours,Proche du centre-ville et des taxis,Environnement très sécurisé
Marrakech,guest_house,Riad Xenia,31.6296172,-7.9883136,"https://www.google.com/maps?q=31.6296172,-7.9883136",3.5,Un hébergement adapté aux familles et aux professionnels offrant une vue exceptionnelle.,Printemps,"sites historiques, activités de plein air, excursions guidées",Premium,10 jours,Proche du centre-ville et des taxis,Zone touristique sécurisée
Marrakech,guest_house,Riad Slitine Marrakech,31.6232973,-7.9856084,"https://www.google.com/maps?q=31.6232973,-7.9856084",4.5,Une adresse appréciée idéal pour les voyageurs réputé pour son ambiance conviviale.,Été,"découverte culturelle, spa, shopping",Moyen,1 semaine,Proche du centre-ville et des taxis,Quartier calme et bien surveillé
Marrakech,guest_house,Riad Rockech,31.6128899,-7.9892025,"https://www.google.com/maps?q=31.6128899,-7.9892025",3.5,Un endroit chaleureux conçu pour offrir confort et praticité dans un cadre calme et sécurisé.,Automne,"visite de la médina, musées, gastronomie locale",Luxe,1 semaine,Accessible en voiture uniquement,Zone touristique sécurisée
Marrakech,guest_house,Riad Sacr,31.629174,-7.9918426,"https://www.google.com/maps?q=31.6291740,-7.9918426",4.6,Une adresse appréciée proche des attractions principales réputé pour son ambiance conviviale.,Été,"musées, gastronomie locale, visite de la médina",Premium,10 jours,Proche du centre-ville et des taxis,Quartier calme et bien surveillé
Marrakech,guest_house,Dar Nouba,31.6330947,-7.9853245,"https://www.google.com/maps?q=31.6330947,-7.9853245",4.6,Un établissement adapté aux familles et aux professionnels avec un service remarquable.,Automne,"musées, visite de la médina, gastronomie locale",Premium,3-5 jours,Proche du centre-ville et des taxis,Quartier calme et bien surveillé
Marrakech,guest_house,Riad Privatif,31.622681,-7.9838607,"https://www.google.com/maps?q=31.6226810,-7.9838607",4.5,Un endroit chaleureux idéal pour les voyageurs avec un service remarquable.,Automne,"sports nautiques, plage, randonnées",Luxe,1 semaine,Facile d’accès en transport public,Environnement très sécurisé
Marrakech,guest_house,Riad Kao Kao,31.6230277,-7.983276,"https://www.google.com/maps?q=31.6230277,-7.9832760",3.3,Une adresse appréciée idéal pour les voyageurs offrant une vue exceptionnelle.,Été,"spa, shopping, découverte culturelle",Moyen,10 jours,Proche du centre-ville et des taxis,Zone touristique sécurisée
Marrakech,guest_house,Dar Maria,31.6338468,-7.9849146,"https://www.google.com/maps?q=31.6338468,-7.9849146",3.2,Un hébergement parfait pour un séjour touristique réputé pour son ambiance conviviale.,Automne,"sports nautiques, plage, randonnées",Moyen,3-5 jours,Situé près d'une gare ou station,Environnement très sécurisé
Marrakech,guest_house,Dar Vania,31.6307208,-7.9849046,"https://www.google.com/maps?q=31.6307208,-7.9849046",4.3,Un lieu d’accueil conçu pour offrir confort et praticité proposant un excellent rapport qualité-prix.,Automne,"spa, shopping, découverte culturelle",Moyen,2-3 jours,Proche du centre-ville et des taxis,Quartier calme et bien surveillé
Marrakech,guest_house,Riad Sabbah,31.6277969,-7.9892736,"https://www.google.com/maps?q=31.6277969,-7.9892736",3.6,Une adresse appréciée proche des attractions principales avec un service remarquable.,Printemps,"musique traditionnelle, festivals, artisanat local",Moyen,10 jours,Accessible en voiture uniquement,Zone touristique sécurisée
Marrakech,guest_house,Riad Johenna,31.6251843,-7.9867771,"https://www.google.com/maps?q=31.6251843,-7.9867771",4.7,Une adresse appréciée idéal pour les voyageurs proposant un excellent rapport qualité-prix.,Automne,"musées, visite de la médina, gastronomie locale",Économique,3-5 jours,Proche du centre-ville et des taxis,Zone modérément sécurisée
Marrakech,guest_house,Riad Jmya,31.6297311,-7.9840815,"https://www.google.com/maps?q=31.6297311,-7.9840815",3.3,Un lieu d’accueil adapté aux familles et aux professionnels proposant un excellent rapport qualité-prix.,Été,"sites historiques, activités de plein air, excursions guidées",Moyen,10 jours,Situé près d'une gare ou station,Zone touristique sécurisée
Marrakech,guest_house,Riad Awatif 36,31.6359198,-7.9881248,"https://www.google.com/maps?q=31.6359198,-7.9881248",3.9,Une adresse appréciée conçu pour offrir confort et praticité réputé pour son ambiance conviviale.,Hiver,"musées, gastronomie locale, visite de la médina",Premium,1 semaine,Accessible en voiture uniquement,Zone modérément sécurisée
Marrakech,guest_house,Riad Amyra,31.6139281,-7.9784473,"https://www.google.com/maps?q=31.6139281,-7.9784473",5.0,Un établissement adapté aux familles et aux professionnels dans un cadre calme et sécurisé.,Hiver,"artisanat local, festivals, musique traditionnelle",Économique,3-5 jours,Situé près d'une gare ou station,Environnement très sécurisé
Marrakech,guest_house,Riad Abaka,31.6284866,-7.9909545,"https://www.google.com/maps?q=31.6284866,-7.9909545",4.4,Une adresse appréciée proche des attractions principales proposant un excellent rapport qualité-prix.,Automne,"plage, randonnées, sports nautiques",Économique,3-5 jours,Proche du centre-ville et des taxis,Quartier calme et bien surveillé
Marrakech,guest_house,Riad Sabah,31.6134059,-7.9872687,"https://www.google.com/maps?q=31.6134059,-7.9872687",3.7,Une adresse appréciée idéal pour les voyageurs réputé pour son ambiance conviviale.,Été,"plage, randonnées, sports nautiques",Premium,10 jours,Proche du centre-ville et des taxis,Environnement très sécurisé
Marrakech,guest_house,Riad La Porte des 5 Jardins,31.6330891,-7.9903254,"https://www.google.com/maps?q=31.6330891,-7.9903254",4.4,Un lieu d’accueil adapté aux familles et aux professionnels réputé pour son ambiance conviviale.,Hiver,"sports nautiques, plage, randonnées",Premium,3-5 jours,Accessible en voiture uniquement,Zone touristique sécurisée
Marrakech,guest_house,Riad el Bellar,31.6266926,-7.9849009,"https://www.google.com/maps?q=31.6266926,-7.9849009",4.5,Une adresse appréciée idéal pour les voyageurs proposant un excellent rapport qualité-prix.,Printemps,"musique traditionnelle, artisanat local, festivals",Moyen,10 jours,Facile d’accès en transport public,Quartier calme et bien surveillé
Marrakech,guest_house,Riad Lalla Manouch,31.6243253,-7.9836256,"https://www.google.com/maps?q=31.6243253,-7.9836256",4.6,Un établissement proche des attractions principales offrant une vue exceptionnelle.,Automne,"plage, randonnées, sports nautiques",Premium,2-3 jours,Proche du centre-ville et des taxis,Zone touristique sécurisée
Marrakech,guest_house,Riad Lalla Manouch,31.623568,-7.983249,"https://www.google.com/maps?q=31.6235680,-7.9832490",3.2,Un lieu d’accueil idéal pour les voyageurs offrant une vue exceptionnelle.,Automne,"sports nautiques, plage, randonnées",Premium,1 semaine,Proche du centre-ville et des taxis,Environnement très sécurisé
Marrakech,guest_house,Riad Dar Dialkoum,31.6345404,-7.9972133,"https://www.google.com/maps?q=31.6345404,-7.9972133",4.0,Une adresse appréciée idéal pour les voyageurs proposant un excellent rapport qualité-prix.,Été,"gastronomie locale, musées, visite de la médina",Économique,2-3 jours,Proche du centre-ville et des taxis,Quartier calme et bien surveillé
Marrakech,guest_house,Dar Vima,31.6379438,-7.9916821,"https://www.google.com/maps?q=31.6379438,-7.9916821",4.5,Un lieu d’accueil conçu pour offrir confort et praticité offrant une vue exceptionnelle.,Printemps,"gastronomie locale, musées, visite de la médina",Premium,1 semaine,Proche du centre-ville et des taxis,Environnement très sécurisé
Marrakech,guest_house,Riad Adraoui,31.623226,-7.9872837,"https://www.google.com/maps?q=31.6232260,-7.9872837",3.6,Un lieu d’accueil adapté aux familles et aux professionnels proposant un excellent rapport qualité-prix.,Automne,"festivals, artisanat local, musique traditionnelle",Moyen,10 jours,Proche du centre-ville et des taxis,Zone modérément sécurisée
Marrakech,guest_house,Riad Safaa,31.6389914,-7.977276,"https://www.google.com/maps?q=31.6389914,-7.9772760",3.9,Un lieu d’accueil adapté aux familles et aux professionnels réputé pour son ambiance conviviale.,Hiver,"festivals, artisanat local, musique traditionnelle",Économique,3-5 jours,Facile d’accès en transport public,Environnement très sécurisé
Marrakech,guest_house,Riad Andaloussia,31.6387236,-7.991639,"https://www.google.com/maps?q=31.6387236,-7.9916390",3.7,Un hébergement proche des attractions principales proposant un excellent rapport qualité-prix.,Été,"randonnées, plage, sports nautiques",Moyen,2-3 jours,Facile d’accès en transport public,Quartier calme et bien surveillé
Marrakech,guest_house,Riad Hidden,31.6262644,-7.9850812,"https://www.google.com/maps?q=31.6262644,-7.9850812",3.3,Une adresse appréciée parfait pour un séjour touristique dans un cadre calme et sécurisé.,Été,"randonnées, sports nautiques, plage",Moyen,3-5 jours,Proche du centre-ville et des taxis,Quartier calme et bien surveillé
Marrakech,guest_house,Riad Yara,31.6258166,-7.9847884,"https://www.google.com/maps?q=31.6258166,-7.9847884",3.8,Un endroit chaleureux adapté aux familles et aux professionnels dans un cadre calme et sécurisé.,Été,"musées, gastronomie locale, visite de la médina",Économique,2-3 jours,Facile d’accès en transport public,Zone touristique sécurisée
Marrakech,guest_house,Riad Wardate Rita,31.6323741,-7.9971832,"https://www.google.com/maps?q=31.6323741,-7.9971832",4.9,Une adresse appréciée idéal pour les voyageurs réputé pour son ambiance conviviale.,Hiver,"gastronomie locale, visite de la médina, musées",Luxe,3-5 jours,Situé près d'une gare ou station,Environnement très sécurisé
Marrakech,guest_house,Riad John Boy,31.6338758,-7.9983495,"https://www.google.com/maps?q=31.6338758,-7.9983495",3.3,Une adresse appréciée conçu pour offrir confort et praticité offrant une vue exceptionnelle.,Printemps,"plage, sports nautiques, randonnées",Premium,3-5 jours,Situé près d'une gare ou station,Quartier calme et bien surveillé
Marrakech,guest_house,Riad Honey,31.6284456,-7.9759643,"https://www.google.com/maps?q=31.6284456,-7.9759643",4.2,Un endroit chaleureux parfait pour un séjour touristique offrant une vue exceptionnelle.,Hiver,"sites historiques, activités de plein air, excursions guidées",Luxe,3-5 jours,Proche du centre-ville et des taxis,Environnement très sécurisé
Marrakech,guest_house,The ocher city,31.63394,-7.9914669,"https://www.google.com/maps?q=31.6339400,-7.9914669",3.8,Un lieu d’accueil conçu pour offrir confort et praticité dans un cadre calme et sécurisé.,Printemps,"activités de plein air, excursions guidées, sites historiques",Économique,1 semaine,Accessible en voiture uniquement,Zone touristique sécurisée
Marrakech,guest_house,Riad Dar More,31.6204319,-7.9854584,"https://www.google.com/maps?q=31.6204319,-7.9854584",4.2,Un endroit chaleureux idéal pour les voyageurs avec un service remarquable.,Été,"spa, shopping, découverte culturelle",Luxe,3-5 jours,Proche du centre-ville et des taxis,Zone modérément sécurisée
Marrakech,guest_house,Riad Manissa,31.6223343,-7.9859763,"https://www.google.com/maps?q=31.6223343,-7.9859763",3.6,Un hébergement conçu pour offrir confort et praticité réputé pour son ambiance conviviale.,Été,"shopping, découverte culturelle, spa",Moyen,2-3 jours,Proche du centre-ville et des taxis,Zone modérément sécurisée
Marrakech,guest_house,Riad Les Jardins Mandaline,31.6345088,-7.9900043,"https://www.google.com/maps?q=31.6345088,-7.9900043",4.6,Un établissement proche des attractions principales proposant un excellent rapport qualité-prix.,Automne,"musique traditionnelle, artisanat local, festivals",Premium,3-5 jours,Accessible en voiture uniquement,Zone modérément sécurisée
Marrakech,guest_house,Riad Aldiana,31.6398481,-7.9894201,"https://www.google.com/maps?q=31.6398481,-7.9894201",3.3,Un établissement parfait pour un séjour touristique offrant une vue exceptionnelle.,Automne,"randonnées, sports nautiques, plage",Moyen,2-3 jours,Facile d’accès en transport public,Quartier calme et bien surveillé
Marrakech,guest_house,Riad Dar Alhambra,31.6326724,-7.9874297,"https://www.google.com/maps?q=31.6326724,-7.9874297",4.3,Un lieu d’accueil idéal pour les voyageurs avec un service remarquable.,Automne,"découverte culturelle, shopping, spa",Moyen,2-3 jours,Proche du centre-ville et des taxis,Zone modérément sécurisée
Marrakech,guest_house,رياض جوهرة,31.6299793,-7.9851422,"https://www.google.com/maps?q=31.6299793,-7.9851422",3.2,Une adresse appréciée parfait pour un séjour touristique proposant un excellent rapport qualité-prix.,Printemps,"sites historiques, activités de plein air, excursions guidées",Économique,1 semaine,Proche du centre-ville et des taxis,Environnement très sécurisé
Marrakech,guest_house,Riad Marana,31.6268752,-7.9906015,"https://www.google.com/maps?q=31.6268752,-7.9906015",3.3,Un endroit chaleureux conçu pour offrir confort et praticité proposant un excellent rapport qualité-prix.,Hiver,"sites historiques, excursions guidées, activités de plein air",Luxe,1 semaine,Proche du centre-ville et des taxis,Zone touristique sécurisée
Marrakech,guest_house,Riad Le Secret de Zoraida,31.6224961,-7.9814529,"https://www.google.com/maps?q=31.6224961,-7.9814529",4.7,Un endroit chaleureux proche des attractions principales avec un service remarquable.,Printemps,"shopping, découverte culturelle, spa",Économique,10 jours,Accessible en voiture uniquement,Zone modérément sécurisée
Marrakech,guest_house,Riad Lamzia,31.6269544,-7.9857541,"https://www.google.com/maps?q=31.6269544,-7.9857541",4.7,Un endroit chaleureux idéal pour les voyageurs dans un cadre calme et sécurisé.,Hiver,"sports nautiques, plage, randonnées",Économique,2-3 jours,Facile d’accès en transport public,Environnement très sécurisé
Marrakech,guest_house,Riad Lamzia,31.6266312,-7.9844942,"https://www.google.com/maps?q=31.6266312,-7.9844942",3.7,Un endroit chaleureux parfait pour un séjour touristique dans un cadre calme et sécurisé.,Été,"shopping, spa, découverte culturelle",Premium,2-3 jours,Situé près d'une gare ou station,Zone touristique sécurisée
Marrakech,guest_house,Riad Oumaima,31.6322721,-7.989836,"https://www.google.com/maps?q=31.6322721,-7.9898360",3.8,Un endroit chaleureux conçu pour offrir confort et praticité proposant un excellent rapport qualité-prix.,Hiver,"spa, shopping, découverte culturelle",Premium,2-3 jours,Situé près d'une gare ou station,Environnement très sécurisé
Marrakech,guest_house,Riad Kifkif,31.6324514,-7.9790354,"https://www.google.com/maps?q=31.6324514,-7.9790354",4.8,Un endroit chaleureux conçu pour offrir confort et praticité offrant une vue exceptionnelle.,Été,"activités de plein air, sites historiques, excursions guidées",Luxe,10 jours,Proche du centre-ville et des taxis,Zone modérément sécurisée
Marrakech,guest_house,Riad Dar Thalge,31.628551,-7.9795918,"https://www.google.com/maps?q=31.6285510,-7.9795918",3.4,Un lieu d’accueil proche des attractions principales avec un service remarquable.,Automne,"festivals, artisanat local, musique traditionnelle",Économique,10 jours,Situé près d'une gare ou station,Quartier calme et bien surveillé
Marrakech,guest_house,Riad Samara 48,31.6320858,-7.998178,"https://www.google.com/maps?q=31.6320858,-7.9981780",4.8,Un lieu d’accueil idéal pour les voyageurs avec un service remarquable.,Printemps,"musées, visite de la médina, gastronomie locale",Premium,2-3 jours,Facile d’accès en transport public,Environnement très sécurisé
Marrakech,guest_house,Riad Wardate Rita,31.6324787,-7.9970195,"https://www.google.com/maps?q=31.6324787,-7.9970195",3.3,Un lieu d’accueil proche des attractions principales dans un cadre calme et sécurisé.,Printemps,"activités de plein air, excursions guidées, sites historiques",Luxe,2-3 jours,Situé près d'une gare ou station,Zone touristique sécurisée
Marrakech,guest_house,Riad Simon,31.6273827,-7.9845311,"https://www.google.com/maps?q=31.6273827,-7.9845311",4.5,Une adresse appréciée adapté aux familles et aux professionnels proposant un excellent rapport qualité-prix.,Hiver,"festivals, artisanat local, musique traditionnelle",Économique,2-3 jours,Proche du centre-ville et des taxis,Zone modérément sécurisée
Marrakech,guest_house,RIAD DAR ELGNAOUIA,31.6260875,-7.9856157,"https://www.google.com/maps?q=31.6260875,-7.9856157",4.8,Un établissement conçu pour offrir confort et praticité proposant un excellent rapport qualité-prix.,Hiver,"visite de la médina, musées, gastronomie locale",Luxe,2-3 jours,Accessible en voiture uniquement,Zone touristique sécurisée
Marrakech,guest_house,Riad Maamora,31.6385611,-7.9943221,"https://www.google.com/maps?q=31.6385611,-7.9943221",3.6,Un lieu d’accueil parfait pour un séjour touristique dans un cadre calme et sécurisé.,Automne,"artisanat local, festivals, musique traditionnelle",Premium,10 jours,Situé près d'une gare ou station,Quartier calme et bien surveillé
Marrakech,guest_house,Riad Riva,31.631645,-7.9890954,"https://www.google.com/maps?q=31.6316450,-7.9890954",4.1,Une adresse appréciée parfait pour un séjour touristique offrant une vue exceptionnelle.,Hiver,"visite de la médina, musées, gastronomie locale",Premium,2-3 jours,Situé près d'une gare ou station,Quartier calme et bien surveillé
Marrakech,guest_house,Riad Arjan,31.6278765,-7.9872326,"https://www.google.com/maps?q=31.6278765,-7.9872326",3.5,Une adresse appréciée adapté aux familles et aux professionnels réputé pour son ambiance conviviale.,Été,"sites historiques, activités de plein air, excursions guidées",Premium,2-3 jours,Facile d’accès en transport public,Quartier calme et bien surveillé
Marrakech,guest_house,Riad Djemanna,31.632697,-7.9936817,"https://www.google.com/maps?q=31.6326970,-7.9936817",3.9,Une adresse appréciée adapté aux familles et aux professionnels réputé pour son ambiance conviviale.,Été,"randonnées, plage, sports nautiques",Économique,3-5 jours,Facile d’accès en transport public,Quartier calme et bien surveillé
Marrakech,guest_house,Riad Dar Nakous,31.6233508,-7.9847461,"https://www.google.com/maps?q=31.6233508,-7.9847461",4.0,Un hébergement proche des attractions principales proposant un excellent rapport qualité-prix.,Hiver,"artisanat local, festivals, musique traditionnelle",Luxe,1 semaine,Facile d’accès en transport public,Quartier calme et bien surveillé
Marrakech,guest_house,Dar Simo Hy Zayton,31.6415232,-8.0398597,"https://www.google.com/maps?q=31.6415232,-8.0398597",4.6,Un endroit chaleureux adapté aux familles et aux professionnels proposant un excellent rapport qualité-prix.,Été,"visite de la médina, gastronomie locale, musées",Moyen,3-5 jours,Facile d’accès en transport public,Zone modérément sécurisée
Marrakech,guest_house,Riad Palmier,31.6194356,-7.9855645,"https://www.google.com/maps?q=31.6194356,-7.9855645",4.3,Un endroit chaleureux adapté aux familles et aux professionnels dans un cadre calme et sécurisé.,Été,"excursions guidées, sites historiques, activités de plein air",Premium,10 jours,Facile d’accès en transport public,Environnement très sécurisé
Marrakech,guest_house,Riad Diana,31.6223364,-7.9858051,"https://www.google.com/maps?q=31.6223364,-7.9858051",4.5,Un établissement conçu pour offrir confort et praticité proposant un excellent rapport qualité-prix.,Printemps,"découverte culturelle, spa, shopping",Luxe,10 jours,Proche du centre-ville et des taxis,Zone modérément sécurisée
Marrakech,guest_house,Riad Zinoun,31.623658,-7.9865612,"https://www.google.com/maps?q=31.6236580,-7.9865612",4.3,Un établissement conçu pour offrir confort et praticité avec un service remarquable.,Automne,"musées, gastronomie locale, visite de la médina",Moyen,2-3 jours,Facile d’accès en transport public,Environnement très sécurisé
Marrakech,guest_house,Riad Todra,31.6238037,-7.9863544,"https://www.google.com/maps?q=31.6238037,-7.9863544",4.9,Un lieu d’accueil parfait pour un séjour touristique avec un service remarquable.,Été,"plage, sports nautiques, randonnées",Premium,1 semaine,Proche du centre-ville et des taxis,Quartier calme et bien surveillé
Marrakech,guest_house,Riad Hotel Espagne,31.6238254,-7.9875989,"https://www.google.com/maps?q=31.6238254,-7.9875989",4.3,Un hébergement conçu pour offrir confort et praticité offrant une vue exceptionnelle.,Automne,"artisanat local, musique traditionnelle, festivals",Moyen,3-5 jours,Proche du centre-ville et des taxis,Zone modérément sécurisée
Marrakech,guest_house,Le Riad Lorsya,31.6288569,-7.9886341,"https://www.google.com/maps?q=31.6288569,-7.9886341",3.5,Une adresse appréciée idéal pour les voyageurs réputé pour son ambiance conviviale.,Été,"sports nautiques, randonnées, plage",Luxe,3-5 jours,Accessible en voiture uniquement,Quartier calme et bien surveillé
Marrakech,guest_house,Riad Enchanté,31.6311633,-7.9908755,"https://www.google.com/maps?q=31.6311633,-7.9908755",4.0,Une adresse appréciée parfait pour un séjour touristique offrant une vue exceptionnelle.,Hiver,"musique traditionnelle, artisanat local, festivals",Premium,2-3 jours,Facile d’accès en transport public,Quartier calme et bien surveillé
Marrakech,guest_house,Riad Magda & Spa,31.6327586,-7.9941374,"https://www.google.com/maps?q=31.6327586,-7.9941374",3.6,Un établissement parfait pour un séjour touristique proposant un excellent rapport qualité-prix.,Hiver,"visite de la médina, gastronomie locale, musées",Économique,3-5 jours,Proche du centre-ville et des taxis,Quartier calme et bien surveillé
Marrakech,guest_house,Dar Narjis,31.6339706,-7.9930605,"https://www.google.com/maps?q=31.6339706,-7.9930605",3.3,Un endroit chaleureux parfait pour un séjour touristique dans un cadre calme et sécurisé.,Automne,"festivals, musique traditionnelle, artisanat local",Premium,1 semaine,Facile d’accès en transport public,Zone modérément sécurisée
Marrakech,guest_house,Riad Ariha,31.6365387,-7.9928063,"https://www.google.com/maps?q=31.6365387,-7.9928063",3.6,Un hébergement proche des attractions principales dans un cadre calme et sécurisé.,Hiver,"plage, randonnées, sports nautiques",Luxe,10 jours,Facile d’accès en transport public,Zone touristique sécurisée
Marrakech,guest_house,Riad Amanouz,31.6330643,-7.9893247,"https://www.google.com/maps?q=31.6330643,-7.9893247",4.2,Un hébergement adapté aux familles et aux professionnels avec un service remarquable.,Automne,"artisanat local, festivals, musique traditionnelle",Premium,1 semaine,Accessible en voiture uniquement,Zone touristique sécurisée
Marrakech,guest_house,Riad Oumaima,31.6325231,-7.9888795,"https://www.google.com/maps?q=31.6325231,-7.9888795",3.6,Un endroit chaleureux proche des attractions principales dans un cadre calme et sécurisé.,Hiver,"activités de plein air, sites historiques, excursions guidées",Luxe,3-5 jours,Situé près d'une gare ou station,Quartier calme et bien surveillé
Marrakech,guest_house,Dar El Haoud,31.6311629,-7.9843007,"https://www.google.com/maps?q=31.6311629,-7.9843007",3.0,Un établissement idéal pour les voyageurs proposant un excellent rapport qualité-prix.,Automne,"plage, sports nautiques, randonnées",Économique,1 semaine,Facile d’accès en transport public,Zone touristique sécurisée
Marrakech,guest_house,riad lalla aicha,31.6285356,-7.9867109,"https://www.google.com/maps?q=31.6285356,-7.9867109",3.5,Un établissement adapté aux familles et aux professionnels proposant un excellent rapport qualité-prix.,Hiver,"festivals, musique traditionnelle, artisanat local",Luxe,10 jours,Situé près d'une gare ou station,Zone touristique sécurisée
Marrakech,guest_house,Riad Light of Sun,31.6280091,-7.9861282,"https://www.google.com/maps?q=31.6280091,-7.9861282",3.1,Un hébergement parfait pour un séjour touristique réputé pour son ambiance conviviale.,Été,"excursions guidées, sites historiques, activités de plein air",Économique,10 jours,Facile d’accès en transport public,Environnement très sécurisé
Marrakech,guest_house,Riad Le Rihani,31.6256378,-7.9855399,"https://www.google.com/maps?q=31.6256378,-7.9855399",3.2,Un lieu d’accueil parfait pour un séjour touristique réputé pour son ambiance conviviale.,Hiver,"plage, sports nautiques, randonnées",Luxe,2-3 jours,Proche du centre-ville et des taxis,Environnement très sécurisé
Marrakech,guest_house,Riad House13,31.6271075,-7.9798787,"https://www.google.com/maps?q=31.6271075,-7.9798787",4.5,Un hébergement conçu pour offrir confort et praticité proposant un excellent rapport qualité-prix.,Été,"randonnées, sports nautiques, plage",Luxe,2-3 jours,Proche du centre-ville et des taxis,Quartier calme et bien surveillé
Marrakech,guest_house,Riad Siad Rijane,31.6283682,-7.9832677,"https://www.google.com/maps?q=31.6283682,-7.9832677",3.3,Un endroit chaleureux conçu pour offrir confort et praticité dans un cadre calme et sécurisé.,Automne,"excursions guidées, activités de plein air, sites historiques",Luxe,3-5 jours,Proche du centre-ville et des taxis,Zone modérément sécurisée
Marrakech,guest_house,Riad Dar En-Nawat,31.6245362,-7.9863878,"https://www.google.com/maps?q=31.6245362,-7.9863878",4.9,Un lieu d’accueil conçu pour offrir confort et praticité avec un service remarquable.,Automne,"gastronomie locale, musées, visite de la médina",Premium,10 jours,Accessible en voiture uniquement,Environnement très sécurisé
Marrakech,guest_house,Riad Haraka,31.6368571,-7.993021,"https://www.google.com/maps?q=31.6368571,-7.9930210",4.8,Un hébergement parfait pour un séjour touristique réputé pour son ambiance conviviale.,Automne,"sites historiques, excursions guidées, activités de plein air",Économique,3-5 jours,Accessible en voiture uniquement,Quartier calme et bien surveillé
Marrakech,guest_house,Riad Dar Bastia,31.6267074,-7.9807762,"https://www.google.com/maps?q=31.6267074,-7.9807762",4.4,Un endroit chaleureux adapté aux familles et aux professionnels dans un cadre calme et sécurisé.,Été,"sites historiques, excursions guidées, activités de plein air",Premium,1 semaine,Accessible en voiture uniquement,Environnement très sécurisé
Marrakech,guest_house,Riad Dar Lilas,31.6376213,-7.9933556,"https://www.google.com/maps?q=31.6376213,-7.9933556",3.8,Un établissement proche des attractions principales réputé pour son ambiance conviviale.,Hiver,"spa, découverte culturelle, shopping",Premium,2-3 jours,Facile d’accès en transport public,Zone touristique sécurisée
Marrakech,guest_house,رياض إيتري,31.6347627,-7.9958062,"https://www.google.com/maps?q=31.6347627,-7.9958062",3.7,Un hébergement proche des attractions principales réputé pour son ambiance conviviale.,Printemps,"plage, randonnées, sports nautiques",Premium,2-3 jours,Proche du centre-ville et des taxis,Quartier calme et bien surveillé
Marrakech,guest_house,Riad Kech,31.6215604,-7.988021,"https://www.google.com/maps?q=31.6215604,-7.9880210",4.8,Une adresse appréciée parfait pour un séjour touristique offrant une vue exceptionnelle.,Été,"artisanat local, festivals, musique traditionnelle",Moyen,3-5 jours,Situé près d'une gare ou station,Zone modérément sécurisée
Marrakech,guest_house,Riad Hassina,31.6348471,-7.990432,"https://www.google.com/maps?q=31.6348471,-7.9904320",4.2,Un hébergement conçu pour offrir confort et praticité offrant une vue exceptionnelle.,Été,"musées, visite de la médina, gastronomie locale",Économique,2-3 jours,Situé près d'une gare ou station,Environnement très sécurisé
Marrakech,guest_house,Riad Sassa Finda,31.6372987,-7.9915912,"https://www.google.com/maps?q=31.6372987,-7.9915912",3.8,Un hébergement idéal pour les voyageurs avec un service remarquable.,Été,"festivals, artisanat local, musique traditionnelle",Économique,3-5 jours,Facile d’accès en transport public,Zone modérément sécurisée
Marrakech,guest_house,Gnawa Acadamy,31.6340581,-7.995387,"https://www.google.com/maps?q=31.6340581,-7.9953870",4.6,Un hébergement idéal pour les voyageurs réputé pour son ambiance conviviale.,Printemps,"sites historiques, excursions guidées, activités de plein air",Premium,1 semaine,Proche du centre-ville et des taxis,Environnement très sécurisé
Marrakech,guest_house,Riad Albatoul Marrakech,31.6282521,-7.9837037,"https://www.google.com/maps?q=31.6282521,-7.9837037",4.3,Un lieu d’accueil idéal pour les voyageurs réputé pour son ambiance conviviale.,Printemps,"festivals, musique traditionnelle, artisanat local",Premium,1 semaine,Situé près d'une gare ou station,Environnement très sécurisé
Marrakech,guest_house,رياض البتول,31.6281724,-7.9838142,"https://www.google.com/maps?q=31.6281724,-7.9838142",4.4,Un lieu d’accueil proche des attractions principales proposant un excellent rapport qualité-prix.,Été,"gastronomie locale, musées, visite de la médina",Économique,2-3 jours,Situé près d'une gare ou station,Zone modérément sécurisée
Marrakech,guest_house,Medina House Mimoune,31.6199093,-7.9927542,"https://www.google.com/maps?q=31.6199093,-7.9927542",3.4,Un établissement idéal pour les voyageurs proposant un excellent rapport qualité-prix.,Automne,"sports nautiques, randonnées, plage",Luxe,3-5 jours,Proche du centre-ville et des taxis,Environnement très sécurisé
Marrakech,guest_house,Evelyne Airbnb,31.6307215,-7.9843748,"https://www.google.com/maps?q=31.6307215,-7.9843748",3.7,Une adresse appréciée parfait pour un séjour touristique réputé pour son ambiance conviviale.,Été,"shopping, spa, découverte culturelle",Économique,1 semaine,Facile d’accès en transport public,Environnement très sécurisé
Marrakech,guest_house,Riad Ariha,31.6377543,-7.9925256,"https://www.google.com/maps?q=31.6377543,-7.9925256",3.5,Un lieu d’accueil proche des attractions principales avec un service remarquable.,Hiver,"musées, visite de la médina, gastronomie locale",Premium,3-5 jours,Situé près d'une gare ou station,Environnement très sécurisé
Marrakech,guest_house,Boho27,31.6250355,-7.9836594,"https://www.google.com/maps?q=31.6250355,-7.9836594",3.7,Un endroit chaleureux conçu pour offrir confort et praticité offrant une vue exceptionnelle.,Hiver,"artisanat local, festivals, musique traditionnelle",Moyen,10 jours,Accessible en voiture uniquement,Quartier calme et bien surveillé
Marrakech,guest_house,AIRBNB HIROKI,31.6200271,-7.9952713,"https://www.google.com/maps?q=31.6200271,-7.9952713",4.6,Un établissement parfait pour un séjour touristique offrant une vue exceptionnelle.,Hiver,"festivals, artisanat local, musique traditionnelle",Premium,3-5 jours,Proche du centre-ville et des taxis,Zone touristique sécurisée
Marrakech,guest_house,Riad Ajebel,31.6110888,-7.9879373,"https://www.google.com/maps?q=31.6110888,-7.9879373",3.7,Un lieu d’accueil proche des attractions principales dans un cadre calme et sécurisé.,Automne,"randonnées, plage, sports nautiques",Économique,2-3 jours,Situé près d'une gare ou station,Zone modérément sécurisée
Marrakech,guest_house,Riad El Borj,31.6278073,-7.985452,"https://www.google.com/maps?q=31.6278073,-7.9854520",4.6,Une adresse appréciée parfait pour un séjour touristique réputé pour son ambiance conviviale.,Été,"sites historiques, activités de plein air, excursions guidées",Premium,1 semaine,Accessible en voiture uniquement,Zone touristique sécurisée
Marrakech,guest_house,Riad Makene Mouchkill,31.6311592,-7.9837587,"https://www.google.com/maps?q=31.6311592,-7.9837587",4.7,Un établissement idéal pour les voyageurs proposant un excellent rapport qualité-prix.,Printemps,"festivals, artisanat local, musique traditionnelle",Moyen,3-5 jours,Facile d’accès en transport public,Zone touristique sécurisée
Marrakech,guest_house,Riad Alqimam,31.6339579,-7.9888878,"https://www.google.com/maps?q=31.6339579,-7.9888878",3.5,Un établissement parfait pour un séjour touristique proposant un excellent rapport qualité-prix.,Été,"découverte culturelle, spa, shopping",Luxe,1 semaine,Proche du centre-ville et des taxis,Quartier calme et bien surveillé
Marrakech,guest_house,رياض بوبي مراكش,31.6309277,-7.994829,"https://www.google.com/maps?q=31.6309277,-7.9948290",4.9,Un endroit chaleureux adapté aux familles et aux professionnels proposant un excellent rapport qualité-prix.,Printemps,"activités de plein air, excursions guidées, sites historiques",Moyen,2-3 jours,Situé près d'une gare ou station,Zone touristique sécurisée
Marrakech,guest_house,hannah house,31.6264982,-7.9801851,"https://www.google.com/maps?q=31.6264982,-7.9801851",4.2,Un endroit chaleureux proche des attractions principales offrant une vue exceptionnelle.,Hiver,"shopping, spa, découverte culturelle",Économique,10 jours,Accessible en voiture uniquement,Quartier calme et bien surveillé
Marrakech,guest_house,RIAD L'EMIR,31.6256174,-7.9857894,"https://www.google.com/maps?q=31.6256174,-7.9857894",3.6,Un hébergement parfait pour un séjour touristique avec un service remarquable.,Hiver,"activités de plein air, sites historiques, excursions guidées",Économique,10 jours,Facile d’accès en transport public,Quartier calme et bien surveillé
Marrakech,guest_house,Riad D'ari,31.6289658,-7.9946227,"https://www.google.com/maps?q=31.6289658,-7.9946227",4.3,Un établissement adapté aux familles et aux professionnels réputé pour son ambiance conviviale.,Été,"sports nautiques, randonnées, plage",Moyen,10 jours,Accessible en voiture uniquement,Zone modérément sécurisée
Marrakech,guest_house,Résidence Miramare,31.6203401,-7.9861715,"https://www.google.com/maps?q=31.6203401,-7.9861715",4.9,Un lieu d’accueil idéal pour les voyageurs offrant une vue exceptionnelle.,Été,"musique traditionnelle, festivals, artisanat local",Luxe,3-5 jours,Situé près d'une gare ou station,Zone touristique sécurisée
Marrakech,guest_house,Radi Residence,31.6343549,-8.0105106,"https://www.google.com/maps?q=31.6343549,-8.0105106",4.7,Un endroit chaleureux adapté aux familles et aux professionnels réputé pour son ambiance conviviale.,Printemps,"sports nautiques, plage, randonnées",Économique,3-5 jours,Situé près d'une gare ou station,Quartier calme et bien surveillé
Marrakech,guest_house,Rak Liberte,31.6346537,-8.0131279,"https://www.google.com/maps?q=31.6346537,-8.0131279",3.1,Un établissement parfait pour un séjour touristique proposant un excellent rapport qualité-prix.,Printemps,"excursions guidées, sites historiques, activités de plein air",Premium,1 semaine,Facile d’accès en transport public,Zone touristique sécurisée
Marrakech,guest_house,Riad Miral,31.6241283,-7.9840192,"https://www.google.com/maps?q=31.6241283,-7.9840192",4.7,Un établissement conçu pour offrir confort et praticité avec un service remarquable.,Hiver,"plage, sports nautiques, randonnées",Moyen,10 jours,Facile d’accès en transport public,Quartier calme et bien surveillé
Marrakech,guest_house,Riad,31.6262592,-7.9811634,"https://www.google.com/maps?q=31.6262592,-7.9811634",3.2,Un hébergement parfait pour un séjour touristique proposant un excellent rapport qualité-prix.,Printemps,"excursions guidées, sites historiques, activités de plein air",Luxe,3-5 jours,Proche du centre-ville et des taxis,Environnement très sécurisé
Marrakech,guest_house,Riad Feng Shui,31.632328,-7.9908654,"https://www.google.com/maps?q=31.6323280,-7.9908654",3.7,Un établissement proche des attractions principales proposant un excellent rapport qualité-prix.,Hiver,"musées, gastronomie locale, visite de la médina",Premium,10 jours,Situé près d'une gare ou station,Quartier calme et bien surveillé
Marrakech,guest_house,Riad L'aziza,31.6291496,-7.9838964,"https://www.google.com/maps?q=31.6291496,-7.9838964",3.6,Un établissement adapté aux familles et aux professionnels réputé pour son ambiance conviviale.,Printemps,"plage, randonnées, sports nautiques",Premium,2-3 jours,Accessible en voiture uniquement,Quartier calme et bien surveillé
Marrakech,guest_house,Riad Fatouma,31.6122353,-7.9884229,"https://www.google.com/maps?q=31.6122353,-7.9884229",4.4,Un lieu d’accueil conçu pour offrir confort et praticité offrant une vue exceptionnelle.,Printemps,"festivals, musique traditionnelle, artisanat local",Luxe,10 jours,Accessible en voiture uniquement,Quartier calme et bien surveillé
Marrakech,guest_house,Riad Noor Charana,31.6281992,-7.9838646,"https://www.google.com/maps?q=31.6281992,-7.9838646",3.8,Un hébergement adapté aux familles et aux professionnels dans un cadre calme et sécurisé.,Printemps,"randonnées, plage, sports nautiques",Premium,2-3 jours,Proche du centre-ville et des taxis,Zone touristique sécurisée
Marrakech,guest_house,Riad Parfum d'Orient,31.6292234,-7.9836464,"https://www.google.com/maps?q=31.6292234,-7.9836464",3.9,Un établissement conçu pour offrir confort et praticité réputé pour son ambiance conviviale.,Hiver,"musique traditionnelle, artisanat local, festivals",Économique,1 semaine,Accessible en voiture uniquement,Zone touristique sécurisée
Marrakech,guest_house,riad minami,31.62197,-7.9880435,"https://www.google.com/maps?q=31.6219700,-7.9880435",4.1,Un endroit chaleureux adapté aux familles et aux professionnels proposant un excellent rapport qualité-prix.,Été,"musique traditionnelle, artisanat local, festivals",Économique,3-5 jours,Facile d’accès en transport public,Zone touristique sécurisée
Marrakech,guest_house,Riad Daria,31.6125491,-7.9868685,"https://www.google.com/maps?q=31.6125491,-7.9868685",3.6,Une adresse appréciée idéal pour les voyageurs offrant une vue exceptionnelle.,Printemps,"shopping, découverte culturelle, spa",Premium,3-5 jours,Proche du centre-ville et des taxis,Environnement très sécurisé
Marrakech,guest_house,Riad Azalia,31.624324,-7.9869092,"https://www.google.com/maps?q=31.6243240,-7.9869092",3.9,Une adresse appréciée adapté aux familles et aux professionnels réputé pour son ambiance conviviale.,Automne,"visite de la médina, musées, gastronomie locale",Moyen,1 semaine,Proche du centre-ville et des taxis,Quartier calme et bien surveillé
Marrakech,guest_house,Numa Marrakech,31.6277993,-7.9872773,"https://www.google.com/maps?q=31.6277993,-7.9872773",3.4,Un hébergement idéal pour les voyageurs réputé pour son ambiance conviviale.,Été,"visite de la médina, musées, gastronomie locale",Premium,10 jours,Accessible en voiture uniquement,Quartier calme et bien surveillé
Marrakech,guest_house,Riad Jnan El Cadi,31.628905,-7.9852262,"https://www.google.com/maps?q=31.6289050,-7.9852262",3.4,Un hébergement adapté aux familles et aux professionnels proposant un excellent rapport qualité-prix.,Été,"visite de la médina, gastronomie locale, musées",Moyen,2-3 jours,Situé près d'une gare ou station,Zone modérément sécurisée
Marrakech,guest_house,Riad Jnan El Cadi,31.6288585,-7.9852185,"https://www.google.com/maps?q=31.6288585,-7.9852185",3.3,Une adresse appréciée adapté aux familles et aux professionnels proposant un excellent rapport qualité-prix.,Automne,"sites historiques, excursions guidées, activités de plein air",Moyen,10 jours,Facile d’accès en transport public,Quartier calme et bien surveillé
Marrakech,guest_house,Riad Jnan El Cadi,31.6286358,-7.9849973,"https://www.google.com/maps?q=31.6286358,-7.9849973",4.9,Un endroit chaleureux proche des attractions principales avec un service remarquable.,Automne,"gastronomie locale, visite de la médina, musées",Moyen,3-5 jours,Facile d’accès en transport public,Quartier calme et bien surveillé
Marrakech,guest_house,Riad Al Rimal,31.627243,-7.9915357,"https://www.google.com/maps?q=31.6272430,-7.9915357",3.1,Un lieu d’accueil conçu pour offrir confort et praticité réputé pour son ambiance conviviale.,Été,"artisanat local, musique traditionnelle, festivals",Luxe,3-5 jours,Situé près d'une gare ou station,Environnement très sécurisé
Marrakech,guest_house,Riad Massin,31.6326955,-7.9984309,"https://www.google.com/maps?q=31.6326955,-7.9984309",5.0,Un hébergement conçu pour offrir confort et praticité proposant un excellent rapport qualité-prix.,Été,"sites historiques, excursions guidées, activités de plein air",Premium,3-5 jours,Situé près d'une gare ou station,Zone modérément sécurisée
Marrakech,guest_house,Riad Jeremy,31.6217515,-7.9876192,"https://www.google.com/maps?q=31.6217515,-7.9876192",3.6,Un lieu d’accueil conçu pour offrir confort et praticité dans un cadre calme et sécurisé.,Été,"découverte culturelle, shopping, spa",Économique,3-5 jours,Accessible en voiture uniquement,Zone touristique sécurisée
Marrakech,guest_house,Riad Casa Sophia,31.6235786,-7.9882431,"https://www.google.com/maps?q=31.6235786,-7.9882431",3.4,Un lieu d’accueil idéal pour les voyageurs réputé pour son ambiance conviviale.,Printemps,"activités de plein air, sites historiques, excursions guidées",Luxe,10 jours,Accessible en voiture uniquement,Environnement très sécurisé
Marrakech,guest_house,riad les ammonites,31.6292749,-7.9846733,"https://www.google.com/maps?q=31.6292749,-7.9846733",4.1,Un hébergement parfait pour un séjour touristique réputé pour son ambiance conviviale.,Printemps,"gastronomie locale, musées, visite de la médina",Luxe,2-3 jours,Accessible en voiture uniquement,Quartier calme et bien surveillé
Marrakech,guest_house,Riad Palau Marrakech,31.6367933,-7.9913068,"https://www.google.com/maps?q=31.6367933,-7.9913068",4.5,Un endroit chaleureux proche des attractions principales proposant un excellent rapport qualité-prix.,Printemps,"sports nautiques, randonnées, plage",Économique,2-3 jours,Accessible en voiture uniquement,Quartier calme et bien surveillé
Marrakech,guest_house,Riad Dar Sirine,31.6182851,-7.9932367,"https://www.google.com/maps?q=31.6182851,-7.9932367",3.5,Un lieu d’accueil adapté aux familles et aux professionnels proposant un excellent rapport qualité-prix.,Automne,"artisanat local, festivals, musique traditionnelle",Premium,2-3 jours,Proche du centre-ville et des taxis,Quartier calme et bien surveillé
Marrakech,guest_house,Riad Palmarys,31.6182662,-7.9934085,"https://www.google.com/maps?q=31.6182662,-7.9934085",4.7,Une adresse appréciée idéal pour les voyageurs offrant une vue exceptionnelle.,Été,"visite de la médina, gastronomie locale, musées",Premium,2-3 jours,Proche du centre-ville et des taxis,Environnement très sécurisé
Marrakech,guest_house,Riad Mylaya,31.6361751,-7.9956955,"https://www.google.com/maps?q=31.6361751,-7.9956955",4.8,Un établissement adapté aux familles et aux professionnels proposant un excellent rapport qualité-prix.,Hiver,"randonnées, plage, sports nautiques",Économique,3-5 jours,Facile d’accès en transport public,Zone modérément sécurisée
Marrakech,guest_house,Riad Mahjouba,31.6361294,-7.9953902,"https://www.google.com/maps?q=31.6361294,-7.9953902",3.2,Un établissement parfait pour un séjour touristique proposant un excellent rapport qualité-prix.,Été,"sports nautiques, randonnées, plage",Luxe,2-3 jours,Facile d’accès en transport public,Environnement très sécurisé
Marrakech,guest_house,RIAD ANYSSATES,31.6364623,-7.9955757,"https://www.google.com/maps?q=31.6364623,-7.9955757",4.0,Un lieu d’accueil parfait pour un séjour touristique réputé pour son ambiance conviviale.,Printemps,"découverte culturelle, shopping, spa",Premium,10 jours,Situé près d'une gare ou station,Zone modérément sécurisée
Marrakech,guest_house,Riad Muarid,31.6378783,-7.9919217,"https://www.google.com/maps?q=31.6378783,-7.9919217",4.9,Un endroit chaleureux idéal pour les voyageurs offrant une vue exceptionnelle.,Printemps,"randonnées, plage, sports nautiques",Luxe,1 semaine,Proche du centre-ville et des taxis,Zone touristique sécurisée
Marrakech,guest_house,Riad Roca,31.6249732,-7.9846506,"https://www.google.com/maps?q=31.6249732,-7.9846506",4.4,Un hébergement proche des attractions principales proposant un excellent rapport qualité-prix.,Automne,"activités de plein air, sites historiques, excursions guidées",Premium,1 semaine,Proche du centre-ville et des taxis,Zone touristique sécurisée
Marrakech,guest_house,Riad Star,31.6314612,-7.9852782,"https://www.google.com/maps?q=31.6314612,-7.9852782",3.1,Un endroit chaleureux parfait pour un séjour touristique avec un service remarquable.,Printemps,"découverte culturelle, spa, shopping",Moyen,3-5 jours,Facile d’accès en transport public,Zone modérément sécurisée
Marrakech,guest_house,Riad Dar Yassine,31.6331717,-7.992547,"https://www.google.com/maps?q=31.6331717,-7.9925470",4.2,Une adresse appréciée proche des attractions principales proposant un excellent rapport qualité-prix.,Hiver,"artisanat local, musique traditionnelle, festivals",Moyen,1 semaine,Proche du centre-ville et des taxis,Zone modérément sécurisée
Marrakech,guest_house,Riad Lalla Jihane,31.63127,-7.981039,"https://www.google.com/maps?q=31.6312700,-7.9810390",4.4,Un établissement parfait pour un séjour touristique dans un cadre calme et sécurisé.,Été,"festivals, artisanat local, musique traditionnelle",Moyen,3-5 jours,Accessible en voiture uniquement,Zone touristique sécurisée
Marrakech,guest_house,Riad Zarka,31.6281396,-7.9867567,"https://www.google.com/maps?q=31.6281396,-7.9867567",3.9,Un établissement conçu pour offrir confort et praticité proposant un excellent rapport qualité-prix.,Printemps,"spa, shopping, découverte culturelle",Luxe,2-3 jours,Facile d’accès en transport public,Quartier calme et bien surveillé
Marrakech,guest_house,Riad Miliana,31.6279833,-7.9767196,"https://www.google.com/maps?q=31.6279833,-7.9767196",4.9,Un lieu d’accueil conçu pour offrir confort et praticité dans un cadre calme et sécurisé.,Printemps,"plage, sports nautiques, randonnées",Luxe,10 jours,Proche du centre-ville et des taxis,Zone modérément sécurisée
Marrakech,guest_house,Riad Hafidi,31.6221705,-7.9887899,"https://www.google.com/maps?q=31.6221705,-7.9887899",4.5,Un endroit chaleureux proche des attractions principales dans un cadre calme et sécurisé.,Été,"découverte culturelle, shopping, spa",Moyen,2-3 jours,Facile d’accès en transport public,Zone touristique sécurisée
Marrakech,guest_house,Riad Rose Mati,31.6265641,-7.9866404,"https://www.google.com/maps?q=31.6265641,-7.9866404",3.9,Un endroit chaleureux idéal pour les voyageurs réputé pour son ambiance conviviale.,Hiver,"randonnées, sports nautiques, plage",Premium,3-5 jours,Accessible en voiture uniquement,Zone touristique sécurisée
Marrakech,guest_house,Riad Livia Marrakech,31.6288109,-7.9798127,"https://www.google.com/maps?q=31.6288109,-7.9798127",3.4,Un hébergement proche des attractions principales avec un service remarquable.,Hiver,"artisanat local, musique traditionnelle, festivals",Moyen,1 semaine,Facile d’accès en transport public,Environnement très sécurisé
Marrakech,guest_house,Riad Selma Marrakech,31.6288594,-7.9796303,"https://www.google.com/maps?q=31.6288594,-7.9796303",4.2,Un lieu d’accueil adapté aux familles et aux professionnels avec un service remarquable.,Hiver,"musées, gastronomie locale, visite de la médina",Économique,2-3 jours,Facile d’accès en transport public,Zone modérément sécurisée
Marrakech,guest_house,Riad ayada,31.6289275,-7.9815011,"https://www.google.com/maps?q=31.6289275,-7.9815011",3.2,Une adresse appréciée conçu pour offrir confort et praticité offrant une vue exceptionnelle.,Automne,"spa, découverte culturelle, shopping",Moyen,1 semaine,Situé près d'une gare ou station,Quartier calme et bien surveillé
Marrakech,guest_house,Riad Ago,31.6233259,-7.9872152,"https://www.google.com/maps?q=31.6233259,-7.9872152",4.8,Une adresse appréciée adapté aux familles et aux professionnels offrant une vue exceptionnelle.,Été,"activités de plein air, excursions guidées, sites historiques",Luxe,10 jours,Situé près d'une gare ou station,Quartier calme et bien surveillé
Marrakech,guest_house,Riad Smara,31.6273914,-7.9805964,"https://www.google.com/maps?q=31.6273914,-7.9805964",4.6,Une adresse appréciée adapté aux familles et aux professionnels proposant un excellent rapport qualité-prix.,Été,"musique traditionnelle, artisanat local, festivals",Économique,2-3 jours,Proche du centre-ville et des taxis,Zone touristique sécurisée
Marrakech,guest_house,Riad Kaya & Spa,31.6236159,-7.9847554,"https://www.google.com/maps?q=31.6236159,-7.9847554",3.3,Un hébergement parfait pour un séjour touristique proposant un excellent rapport qualité-prix.,Printemps,"gastronomie locale, visite de la médina, musées",Économique,2-3 jours,Facile d’accès en transport public,Environnement très sécurisé
Marrakech,guest_house,Riad Dar Mar‘ouka,31.6261226,-7.981782,"https://www.google.com/maps?q=31.6261226,-7.9817820",3.2,Un endroit chaleureux parfait pour un séjour touristique réputé pour son ambiance conviviale.,Automne,"musées, visite de la médina, gastronomie locale",Économique,1 semaine,Facile d’accès en transport public,Quartier calme et bien surveillé
Marrakech,guest_house,Riad Jamaique,31.6253351,-7.984621,"https://www.google.com/maps?q=31.6253351,-7.9846210",4.8,Un lieu d’accueil parfait pour un séjour touristique réputé pour son ambiance conviviale.,Automne,"musées, visite de la médina, gastronomie locale",Économique,3-5 jours,Accessible en voiture uniquement,Quartier calme et bien surveillé
Marrakech,guest_house,Riad Darnooz,31.6394412,-7.9769362,"https://www.google.com/maps?q=31.6394412,-7.9769362",3.5,Un endroit chaleureux adapté aux familles et aux professionnels avec un service remarquable.,Hiver,"visite de la médina, musées, gastronomie locale",Luxe,2-3 jours,Proche du centre-ville et des taxis,Zone modérément sécurisée
Marrakech,guest_house,Riad Columns,31.6367058,-7.9927816,"https://www.google.com/maps?q=31.6367058,-7.9927816",3.4,Un endroit chaleureux proche des attractions principales réputé pour son ambiance conviviale.,Printemps,"excursions guidées, activités de plein air, sites historiques",Moyen,3-5 jours,Situé près d'une gare ou station,Zone modérément sécurisée
Marrakech,guest_house,Riad Sadaka,31.6363628,-7.9928394,"https://www.google.com/maps?q=31.6363628,-7.9928394",5.0,Un établissement parfait pour un séjour touristique avec un service remarquable.,Automne,"musées, gastronomie locale, visite de la médina",Luxe,1 semaine,Facile d’accès en transport public,Zone touristique sécurisée
Marrakech,guest_house,Hotel Eddakhla,31.6243308,-7.9885806,"https://www.google.com/maps?q=31.6243308,-7.9885806",4.7,Un établissement adapté aux familles et aux professionnels avec un service remarquable.,Printemps,"sports nautiques, plage, randonnées",Moyen,3-5 jours,Facile d’accès en transport public,Environnement très sécurisé
Marrakech,guest_house,Riad The Ocher City,31.6344282,-7.9919328,"https://www.google.com/maps?q=31.6344282,-7.9919328",4.1,Un endroit chaleureux adapté aux familles et aux professionnels avec un service remarquable.,Été,"musées, visite de la médina, gastronomie locale",Économique,3-5 jours,Situé près d'une gare ou station,Environnement très sécurisé
Marrakech,guest_house,Riad Jnane d'O,31.6310928,-7.994893,"https://www.google.com/maps?q=31.6310928,-7.9948930",3.3,Un établissement proche des attractions principales proposant un excellent rapport qualité-prix.,Printemps,"spa, shopping, découverte culturelle",Économique,2-3 jours,Situé près d'une gare ou station,Quartier calme et bien surveillé
Marrakech,guest_house,Riad Dar Arwa,31.6249124,-7.9852146,"https://www.google.com/maps?q=31.6249124,-7.9852146",4.9,Un hébergement parfait pour un séjour touristique dans un cadre calme et sécurisé.,Automne,"shopping, découverte culturelle, spa",Moyen,2-3 jours,Facile d’accès en transport public,Environnement très sécurisé
Marrakech,guest_house,RIAD SOUS LE SOLEIL,31.6276736,-7.9920702,"https://www.google.com/maps?q=31.6276736,-7.9920702",4.7,Un lieu d’accueil proche des attractions principales proposant un excellent rapport qualité-prix.,Printemps,"randonnées, plage, sports nautiques",Économique,2-3 jours,Facile d’accès en transport public,Zone touristique sécurisée
Marrakech,guest_house,Riad 2 Chambres,31.6333632,-7.9914406,"https://www.google.com/maps?q=31.6333632,-7.9914406",4.6,Un endroit chaleureux proche des attractions principales réputé pour son ambiance conviviale.,Hiver,"festivals, artisanat local, musique traditionnelle",Moyen,1 semaine,Accessible en voiture uniquement,Zone touristique sécurisée
Marrakech,guest_house,Riad des Rêves,31.6279449,-7.986705,"https://www.google.com/maps?q=31.6279449,-7.9867050",3.7,Un établissement proche des attractions principales avec un service remarquable.,Été,"festivals, artisanat local, musique traditionnelle",Premium,2-3 jours,Facile d’accès en transport public,Zone touristique sécurisée
Marrakech,guest_house,Dar Tasnime,31.6280345,-7.9944426,"https://www.google.com/maps?q=31.6280345,-7.9944426",4.8,Un lieu d’accueil proche des attractions principales avec un service remarquable.,Printemps,"musées, gastronomie locale, visite de la médina",Premium,2-3 jours,Accessible en voiture uniquement,Quartier calme et bien surveillé
Marrakech,guest_house,Riad Fabiola,31.6262505,-7.9767289,"https://www.google.com/maps?q=31.6262505,-7.9767289",4.6,Un endroit chaleureux parfait pour un séjour touristique offrant une vue exceptionnelle.,Automne,"randonnées, plage, sports nautiques",Premium,10 jours,Accessible en voiture uniquement,Environnement très sécurisé
Marrakech,hostel,Amour d'Auberge,31.6243973,-7.9871209,"https://www.google.com/maps?q=31.6243973,-7.9871209",3.8,Un hébergement idéal pour les voyageurs réputé pour son ambiance conviviale.,Été,"randonnées, sports nautiques, plage",Moyen,1 semaine,Situé près d'une gare ou station,Quartier calme et bien surveillé
Marrakech,hostel,Trip and Friends,31.6258792,-7.987062,"https://www.google.com/maps?q=31.6258792,-7.9870620",3.9,Une adresse appréciée conçu pour offrir confort et praticité dans un cadre calme et sécurisé.,Hiver,"excursions guidées, activités de plein air, sites historiques",Économique,3-5 jours,Situé près d'une gare ou station,Quartier calme et bien surveillé
Marrakech,hostel,Riad La Casa Del Sol,31.6284761,-7.9892681,"https://www.google.com/maps?q=31.6284761,-7.9892681",3.7,Un établissement proche des attractions principales réputé pour son ambiance conviviale.,Été,"randonnées, sports nautiques, plage",Économique,1 semaine,Proche du centre-ville et des taxis,Quartier calme et bien surveillé
Marrakech,hostel,Riad dar Alfarah,31.6184632,-7.9876141,"https://www.google.com/maps?q=31.6184632,-7.9876141",4.3,Un lieu d’accueil proche des attractions principales dans un cadre calme et sécurisé.,Automne,"gastronomie locale, visite de la médina, musées",Économique,1 semaine,Situé près d'une gare ou station,Zone touristique sécurisée
Marrakech,hostel,Riad Itry,31.6347575,-7.9956625,"https://www.google.com/maps?q=31.6347575,-7.9956625",3.9,Un hébergement idéal pour les voyageurs avec un service remarquable.,Printemps,"festivals, artisanat local, musique traditionnelle",Luxe,10 jours,Accessible en voiture uniquement,Environnement très sécurisé
Marrakech,hostel,Bed Square,31.6266846,-7.9867765,"https://www.google.com/maps?q=31.6266846,-7.9867765",3.5,Un hébergement idéal pour les voyageurs proposant un excellent rapport qualité-prix.,Été,"gastronomie locale, musées, visite de la médina",Moyen,2-3 jours,Proche du centre-ville et des taxis,Zone touristique sécurisée
Marrakech,hostel,Riad Marrakech Rouge 2,31.6281414,-7.9906898,"https://www.google.com/maps?q=31.6281414,-7.9906898",3.7,Un établissement adapté aux familles et aux professionnels offrant une vue exceptionnelle.,Été,"sports nautiques, randonnées, plage",Économique,2-3 jours,Situé près d'une gare ou station,Quartier calme et bien surveillé
Marrakech,hostel,Riad Marrakech Rouge,31.6236197,-7.9853618,"https://www.google.com/maps?q=31.6236197,-7.9853618",4.1,Un établissement idéal pour les voyageurs proposant un excellent rapport qualité-prix.,Printemps,"visite de la médina, musées, gastronomie locale",Luxe,3-5 jours,Facile d’accès en transport public,Environnement très sécurisé
Marrakech,hostel,Purple Camel Hostel,31.6247109,-7.9879559,"https://www.google.com/maps?q=31.6247109,-7.9879559",4.8,Un hébergement parfait pour un séjour touristique dans un cadre calme et sécurisé.,Hiver,"musées, gastronomie locale, visite de la médina",Moyen,10 jours,Facile d’accès en transport public,Environnement très sécurisé
Marrakech,hostel,The Madrassa,31.6246232,-7.9835307,"https://www.google.com/maps?q=31.6246232,-7.9835307",4.1,Un lieu d’accueil proche des attractions principales proposant un excellent rapport qualité-prix.,Printemps,"shopping, spa, découverte culturelle",Premium,3-5 jours,Proche du centre-ville et des taxis,Zone modérément sécurisée
Marrakech,hostel,Riad Bamboo,31.6270548,-7.9847698,"https://www.google.com/maps?q=31.6270548,-7.9847698",4.3,Un lieu d’accueil proche des attractions principales proposant un excellent rapport qualité-prix.,Automne,"shopping, découverte culturelle, spa",Moyen,2-3 jours,Situé près d'une gare ou station,Zone modérément sécurisée
Marrakech,hostel,Hostel Kif-Kif,31.6278608,-7.9909177,"https://www.google.com/maps?q=31.6278608,-7.9909177",3.4,Un lieu d’accueil proche des attractions principales proposant un excellent rapport qualité-prix.,Été,"musées, visite de la médina, gastronomie locale",Économique,10 jours,Situé près d'une gare ou station,Zone modérément sécurisée
Marrakech,hostel,ماجوريل هوستل,31.6275744,-7.9854799,"https://www.google.com/maps?q=31.6275744,-7.9854799",3.2,Une adresse appréciée conçu pour offrir confort et praticité avec un service remarquable.,Été,"activités de plein air, excursions guidées, sites historiques",Luxe,1 semaine,Situé près d'une gare ou station,Zone modérément sécurisée
Marrakech,hostel,Riad Hugo,31.6172949,-7.9869045,"https://www.google.com/maps?q=31.6172949,-7.9869045",4.4,Un établissement conçu pour offrir confort et praticité avec un service remarquable.,Hiver,"festivals, artisanat local, musique traditionnelle",Moyen,1 semaine,Accessible en voiture uniquement,Environnement très sécurisé
Marrakech,hostel,Riad La Calèche (رياض لا كاليش),31.6252816,-7.9867528,"https://www.google.com/maps?q=31.6252816,-7.9867528",5.0,Un lieu d’accueil adapté aux familles et aux professionnels proposant un excellent rapport qualité-prix.,Été,"musique traditionnelle, festivals, artisanat local",Premium,10 jours,Situé près d'une gare ou station,Zone modérément sécurisée
Marrakech,hostel,Kaktus Hostel,31.6258266,-7.9871308,"https://www.google.com/maps?q=31.6258266,-7.9871308",4.1,Un lieu d’accueil parfait pour un séjour touristique réputé pour son ambiance conviviale.,Hiver,"découverte culturelle, spa, shopping",Premium,3-5 jours,Proche du centre-ville et des taxis,Environnement très sécurisé
Marrakech,hostel,Jennah Rouge,31.6278915,-7.9934562,"https://www.google.com/maps?q=31.6278915,-7.9934562",3.8,Un établissement parfait pour un séjour touristique offrant une vue exceptionnelle.,Hiver,"musées, gastronomie locale, visite de la médina",Premium,3-5 jours,Proche du centre-ville et des taxis,Environnement très sécurisé
Marrakech,hostel,Priscilla Queen of the Medina,31.630665,-7.9845088,"https://www.google.com/maps?q=31.6306650,-7.9845088",4.5,Un hébergement conçu pour offrir confort et praticité réputé pour son ambiance conviviale.,Hiver,"festivals, musique traditionnelle, artisanat local",Luxe,3-5 jours,Facile d’accès en transport public,Environnement très sécurisé
Marrakech,hostel,Riad Dia,31.6266826,-7.9910025,"https://www.google.com/maps?q=31.6266826,-7.9910025",3.6,Une adresse appréciée conçu pour offrir confort et praticité offrant une vue exceptionnelle.,Été,"shopping, spa, découverte culturelle",Moyen,1 semaine,Facile d’accès en transport public,Environnement très sécurisé
Marrakech,hostel,Riad Quara,31.6328518,-7.990491,"https://www.google.com/maps?q=31.6328518,-7.9904910",4.1,Un hébergement parfait pour un séjour touristique dans un cadre calme et sécurisé.,Été,"spa, shopping, découverte culturelle",Luxe,10 jours,Facile d’accès en transport public,Quartier calme et bien surveillé
Marrakech,hostel,Sun Hostel,31.6231137,-7.9825772,"https://www.google.com/maps?q=31.6231137,-7.9825772",4.7,Une adresse appréciée idéal pour les voyageurs réputé pour son ambiance conviviale.,Été,"shopping, découverte culturelle, spa",Moyen,1 semaine,Accessible en voiture uniquement,Zone modérément sécurisée
Marrakech,hostel,Hostel Dream Belko,31.6168848,-7.987408,"https://www.google.com/maps?q=31.6168848,-7.9874080",4.7,Un hébergement parfait pour un séjour touristique dans un cadre calme et sécurisé.,Été,"artisanat local, festivals, musique traditionnelle",Luxe,1 semaine,Proche du centre-ville et des taxis,Quartier calme et bien surveillé
Marrakech,hostel,Sun Hostel,31.6341987,-7.9906781,"https://www.google.com/maps?q=31.6341987,-7.9906781",4.0,Un lieu d’accueil proche des attractions principales réputé pour son ambiance conviviale.,Printemps,"musées, visite de la médina, gastronomie locale",Économique,2-3 jours,Proche du centre-ville et des taxis,Zone modérément sécurisée
Marrakech,hostel,Riad Lhena,31.6276037,-7.9853094,"https://www.google.com/maps?q=31.6276037,-7.9853094",4.1,Un hébergement adapté aux familles et aux professionnels réputé pour son ambiance conviviale.,Hiver,"spa, shopping, découverte culturelle",Premium,1 semaine,Situé près d'une gare ou station,Quartier calme et bien surveillé
Marrakech,hostel,Riad Lhena,31.6284026,-7.9854253,"https://www.google.com/maps?q=31.6284026,-7.9854253",4.3,Un endroit chaleureux adapté aux familles et aux professionnels dans un cadre calme et sécurisé.,Hiver,"activités de plein air, sites historiques, excursions guidées",Économique,10 jours,Proche du centre-ville et des taxis,Environnement très sécurisé
Marrakech,hostel,Be Nomad Hostel,31.6282578,-7.9827738,"https://www.google.com/maps?q=31.6282578,-7.9827738",3.2,Un établissement proche des attractions principales dans un cadre calme et sécurisé.,Printemps,"activités de plein air, excursions guidées, sites historiques",Économique,2-3 jours,Accessible en voiture uniquement,Environnement très sécurisé
Marrakech,hostel,N12 Hostel,31.62767,-7.98278,"https://www.google.com/maps?q=31.6276700,-7.9827800",3.2,Un établissement idéal pour les voyageurs offrant une vue exceptionnelle.,Hiver,"randonnées, sports nautiques, plage",Moyen,1 semaine,Situé près d'une gare ou station,Environnement très sécurisé
Marrakech,hostel,6q5qqqqq,31.6122647,-7.9892942,"https://www.google.com/maps?q=31.6122647,-7.9892942",3.2,Une adresse appréciée parfait pour un séjour touristique proposant un excellent rapport qualité-prix.,Printemps,"musique traditionnelle, festivals, artisanat local",Luxe,10 jours,Accessible en voiture uniquement,Environnement très sécurisé
Marrakech,hostel,Riad Safa,31.6310239,-7.9827997,"https://www.google.com/maps?q=31.6310239,-7.9827997",5.0,Un hébergement adapté aux familles et aux professionnels avec un service remarquable.,Automne,"activités de plein air, excursions guidées, sites historiques",Économique,1 semaine,Situé près d'une gare ou station,Quartier calme et bien surveillé
Marrakech,hostel,Hostel,31.640429,-7.9918596,"https://www.google.com/maps?q=31.6404290,-7.9918596",3.1,Un endroit chaleureux adapté aux familles et aux professionnels dans un cadre calme et sécurisé.,Automne,"visite de la médina, musées, gastronomie locale",Luxe,10 jours,Proche du centre-ville et des taxis,Zone modérément sécurisée
Marrakech,hostel,Hostel Kech Vibe,31.6280007,-7.9790865,"https://www.google.com/maps?q=31.6280007,-7.9790865",3.3,Une adresse appréciée conçu pour offrir confort et praticité avec un service remarquable.,Hiver,"découverte culturelle, shopping, spa",Économique,3-5 jours,Accessible en voiture uniquement,Zone touristique sécurisée
Marrakech,hostel,Riad Dar Ten,31.627747,-7.9905922,"https://www.google.com/maps?q=31.6277470,-7.9905922",4.9,Un établissement parfait pour un séjour touristique proposant un excellent rapport qualité-prix.,Automne,"randonnées, sports nautiques, plage",Économique,3-5 jours,Proche du centre-ville et des taxis,Quartier calme et bien surveillé
Marrakech,hostel,hostel nelya kech,31.6313627,-7.9814116,"https://www.google.com/maps?q=31.6313627,-7.9814116",3.9,Un hébergement adapté aux familles et aux professionnels réputé pour son ambiance conviviale.,Automne,"randonnées, sports nautiques, plage",Moyen,2-3 jours,Accessible en voiture uniquement,Zone touristique sécurisée
Marrakech,hostel,Caravanserai Marrakech Gueliz,31.6324367,-8.0121076,"https://www.google.com/maps?q=31.6324367,-8.0121076",3.3,Un établissement proche des attractions principales offrant une vue exceptionnelle.,Hiver,"plage, randonnées, sports nautiques",Moyen,3-5 jours,Situé près d'une gare ou station,Environnement très sécurisé
Marrakech,hostel,Riad Dar Zarbia,31.6310651,-7.9853029,"https://www.google.com/maps?q=31.6310651,-7.9853029",3.4,Un établissement conçu pour offrir confort et praticité proposant un excellent rapport qualité-prix.,Été,"visite de la médina, musées, gastronomie locale",Premium,10 jours,Proche du centre-ville et des taxis,Environnement très sécurisé
Marrakech,hostel,Dar Sarsar,31.6020152,-8.0348629,"https://www.google.com/maps?q=31.6020152,-8.0348629",3.9,Un établissement parfait pour un séjour touristique avec un service remarquable.,Automne,"excursions guidées, sites historiques, activités de plein air",Économique,1 semaine,Situé près d'une gare ou station,Zone modérément sécurisée
Marrakech,hostel,Riad Hostel Jad Ziad,31.6276449,-7.9794888,"https://www.google.com/maps?q=31.6276449,-7.9794888",4.8,Un établissement proche des attractions principales dans un cadre calme et sécurisé.,Été,"excursions guidées, sites historiques, activités de plein air",Économique,3-5 jours,Situé près d'une gare ou station,Zone modérément sécurisée
Marrakech,hostel,Dar Suncial,31.6157837,-7.9898906,"https://www.google.com/maps?q=31.6157837,-7.9898906",4.6,Un endroit chaleureux proche des attractions principales avec un service remarquable.,Automne,"randonnées, plage, sports nautiques",Luxe,1 semaine,Proche du centre-ville et des taxis,Quartier calme et bien surveillé
Marrakech,hostel,Equity Point,31.6294348,-7.9881858,"https://www.google.com/maps?q=31.6294348,-7.9881858",4.1,Un lieu d’accueil parfait pour un séjour touristique réputé pour son ambiance conviviale.,Printemps,"découverte culturelle, shopping, spa",Premium,10 jours,Situé près d'une gare ou station,Zone touristique sécurisée
Marrakech,apartment,Dar Marghita,31.6312859,-7.9842253,"https://www.google.com/maps?q=31.6312859,-7.9842253",3.1,Un hébergement adapté aux familles et aux professionnels proposant un excellent rapport qualité-prix.,Automne,"artisanat local, festivals, musique traditionnelle",Luxe,10 jours,Accessible en voiture uniquement,Quartier calme et bien surveillé
Marrakech,apartment,Euphorbe,31.6273248,-7.9814905,"https://www.google.com/maps?q=31.6273248,-7.9814905",3.9,Un lieu d’accueil parfait pour un séjour touristique réputé pour son ambiance conviviale.,Automne,"sites historiques, activités de plein air, excursions guidées",Premium,1 semaine,Proche du centre-ville et des taxis,Zone touristique sécurisée
Marrakech,apartment,Riad Sierra,31.6342832,-7.9868994,"https://www.google.com/maps?q=31.6342832,-7.9868994",3.6,Un endroit chaleureux idéal pour les voyageurs avec un service remarquable.,Été,"sites historiques, activités de plein air, excursions guidées",Économique,10 jours,Accessible en voiture uniquement,Zone touristique sécurisée
Marrakech,apartment,3W Residence,31.6242021,-8.0316683,"https://www.google.com/maps?q=31.6242021,-8.0316683",3.5,Un hébergement conçu pour offrir confort et praticité réputé pour son ambiance conviviale.,Automne,"découverte culturelle, shopping, spa",Premium,10 jours,Situé près d'une gare ou station,Quartier calme et bien surveillé
Marrakech,apartment,Riad Dar Al hamra,31.6313826,-7.996916,"https://www.google.com/maps?q=31.6313826,-7.9969160",3.7,Un établissement parfait pour un séjour touristique avec un service remarquable.,Hiver,"musique traditionnelle, artisanat local, festivals",Moyen,10 jours,Proche du centre-ville et des taxis,Quartier calme et bien surveillé
Marrakech,apartment,terrassa Riad,31.6325702,-7.9967733,"https://www.google.com/maps?q=31.6325702,-7.9967733",3.4,Un hébergement conçu pour offrir confort et praticité avec un service remarquable.,Été,"spa, découverte culturelle, shopping",Luxe,10 jours,Accessible en voiture uniquement,Zone touristique sécurisée
Marrakech,apartment,Riad dar El Arsa,31.6389967,-7.992057,"https://www.google.com/maps?q=31.6389967,-7.9920570",3.5,Une adresse appréciée idéal pour les voyageurs proposant un excellent rapport qualité-prix.,Été,"gastronomie locale, visite de la médina, musées",Luxe,1 semaine,Situé près d'une gare ou station,Environnement très sécurisé
Marrakech,apartment,Airbnb,31.6377145,-7.9951555,"https://www.google.com/maps?q=31.6377145,-7.9951555",4.6,Un établissement conçu pour offrir confort et praticité réputé pour son ambiance conviviale.,Été,"shopping, spa, découverte culturelle",Économique,1 semaine,Proche du centre-ville et des taxis,Zone modérément sécurisée
Marrakech,apartment,Riad Alize 🏫,31.6326563,-7.9943119,"https://www.google.com/maps?q=31.6326563,-7.9943119",3.0,Un établissement conçu pour offrir confort et praticité offrant une vue exceptionnelle.,Hiver,"sports nautiques, randonnées, plage",Luxe,2-3 jours,Accessible en voiture uniquement,Quartier calme et bien surveillé
Marrakech,apartment,Chez Mounir,31.611211,-7.9978278,"https://www.google.com/maps?q=31.6112110,-7.9978278",4.5,Un hébergement proche des attractions principales proposant un excellent rapport qualité-prix.,Hiver,"spa, découverte culturelle, shopping",Économique,10 jours,Proche du centre-ville et des taxis,Zone touristique sécurisée
Marrakech,apartment,Loué 01.25,31.6366399,-8.0106954,"https://www.google.com/maps?q=31.6366399,-8.0106954",3.1,Un lieu d’accueil proche des attractions principales avec un service remarquable.,Automne,"spa, découverte culturelle, shopping",Économique,10 jours,Facile d’accès en transport public,Zone modérément sécurisée
Fès,hotel,Palais Jamai,34.0692166,-4.9741942,"https://www.google.com/maps?q=34.0692166,-4.9741942",5.0,Un hébergement parfait pour un séjour touristique proposant un excellent rapport qualité-prix.,Automne,"gastronomie locale, musées, visite de la médina",Premium,2-3 jours,Proche du centre-ville et des taxis,Quartier calme et bien surveillé
Fès,hotel,Hôtel Mounia,34.0363086,-4.9967841,"https://www.google.com/maps?q=34.0363086,-4.9967841",4.1,Une adresse appréciée proche des attractions principales proposant un excellent rapport qualité-prix.,Printemps,"activités de plein air, sites historiques, excursions guidées",Luxe,10 jours,Accessible en voiture uniquement,Environnement très sécurisé
Fès,hotel,Hôtel Volubilis,34.0352784,-5.0034243,"https://www.google.com/maps?q=34.0352784,-5.0034243",4.0,Un établissement adapté aux familles et aux professionnels réputé pour son ambiance conviviale.,Hiver,"festivals, artisanat local, musique traditionnelle",Moyen,1 semaine,Accessible en voiture uniquement,Zone modérément sécurisée
Fès,hotel,Hotel Royal,34.0430735,-5.0011278,"https://www.google.com/maps?q=34.0430735,-5.0011278",4.6,Une adresse appréciée adapté aux familles et aux professionnels proposant un excellent rapport qualité-prix.,Automne,"musique traditionnelle, artisanat local, festivals",Luxe,1 semaine,Situé près d'une gare ou station,Environnement très sécurisé
Fès,hotel,Hotel Cascade,34.0617972,-4.9837364,"https://www.google.com/maps?q=34.0617972,-4.9837364",3.0,Un hébergement conçu pour offrir confort et praticité proposant un excellent rapport qualité-prix.,Hiver,"artisanat local, musique traditionnelle, festivals",Luxe,1 semaine,Situé près d'une gare ou station,Quartier calme et bien surveillé
Fès,hotel,Menzeh Zalagh,34.0417077,-4.9946752,"https://www.google.com/maps?q=34.0417077,-4.9946752",3.0,Un établissement idéal pour les voyageurs avec un service remarquable.,Printemps,"sports nautiques, plage, randonnées",Économique,2-3 jours,Accessible en voiture uniquement,Environnement très sécurisé
Fès,hotel,Hotel Zalagh Parc Palace,34.052244,-5.0323491,"https://www.google.com/maps?q=34.0522440,-5.0323491",5.0,Un établissement idéal pour les voyageurs dans un cadre calme et sécurisé.,Hiver,"excursions guidées, sites historiques, activités de plein air",Premium,1 semaine,Facile d’accès en transport public,Zone touristique sécurisée
Fès,hotel,Campini,34.0580549,-4.9836516,"https://www.google.com/maps?q=34.0580549,-4.9836516",3.4,Un établissement conçu pour offrir confort et praticité offrant une vue exceptionnelle.,Printemps,"spa, shopping, découverte culturelle",Premium,2-3 jours,Proche du centre-ville et des taxis,Quartier calme et bien surveillé
Fès,hotel,Hotel sofia,34.0404036,-5.0019849,"https://www.google.com/maps?q=34.0404036,-5.0019849",4.0,Un endroit chaleureux parfait pour un séjour touristique réputé pour son ambiance conviviale.,Automne,"musique traditionnelle, artisanat local, festivals",Premium,1 semaine,Proche du centre-ville et des taxis,Zone modérément sécurisée
Fès,hotel,Hôtel Tijani,34.0676474,-4.9722382,"https://www.google.com/maps?q=34.0676474,-4.9722382",3.8,Un établissement parfait pour un séjour touristique offrant une vue exceptionnelle.,Printemps,"sites historiques, excursions guidées, activités de plein air",Économique,2-3 jours,Situé près d'une gare ou station,Zone touristique sécurisée
Fès,hotel,Hotel Bab Boujloud,34.0612879,-4.9837741,"https://www.google.com/maps?q=34.0612879,-4.9837741",3.0,Un lieu d’accueil idéal pour les voyageurs dans un cadre calme et sécurisé.,Été,"sites historiques, excursions guidées, activités de plein air",Économique,3-5 jours,Accessible en voiture uniquement,Environnement très sécurisé
Fès,hotel,Palais Faraj,34.0574076,-4.9761393,"https://www.google.com/maps?q=34.0574076,-4.9761393",5.0,Un établissement proche des attractions principales proposant un excellent rapport qualité-prix.,Automne,"sports nautiques, plage, randonnées",Luxe,2-3 jours,Situé près d'une gare ou station,Zone modérément sécurisée
Fès,hotel,Hôtel Batha,34.0601753,-4.9819166,"https://www.google.com/maps?q=34.0601753,-4.9819166",3.4,Un endroit chaleureux proche des attractions principales dans un cadre calme et sécurisé.,Automne,"activités de plein air, sites historiques, excursions guidées",Moyen,2-3 jours,Proche du centre-ville et des taxis,Zone modérément sécurisée
Fès,hotel,Hotel Olympic,34.0397431,-4.9985678,"https://www.google.com/maps?q=34.0397431,-4.9985678",4.1,Un lieu d’accueil parfait pour un séjour touristique dans un cadre calme et sécurisé.,Automne,"sites historiques, activités de plein air, excursions guidées",Moyen,10 jours,Proche du centre-ville et des taxis,Zone modérément sécurisée
Fès,hotel,Hotel de la Paix,34.0427436,-4.9989594,"https://www.google.com/maps?q=34.0427436,-4.9989594",4.2,Un hébergement parfait pour un séjour touristique offrant une vue exceptionnelle.,Hiver,"plage, randonnées, sports nautiques",Premium,1 semaine,Facile d’accès en transport public,Quartier calme et bien surveillé
Fès,hotel,Grand Hôtel,34.0388052,-4.9975324,"https://www.google.com/maps?q=34.0388052,-4.9975324",3.1,Un établissement conçu pour offrir confort et praticité réputé pour son ambiance conviviale.,Été,"musique traditionnelle, artisanat local, festivals",Moyen,1 semaine,Proche du centre-ville et des taxis,Zone touristique sécurisée
Fès,hotel,Nouzha,34.0328624,-4.9934725,"https://www.google.com/maps?q=34.0328624,-4.9934725",3.2,Un établissement parfait pour un séjour touristique dans un cadre calme et sécurisé.,Hiver,"excursions guidées, activités de plein air, sites historiques",Luxe,1 semaine,Situé près d'une gare ou station,Zone touristique sécurisée
Fès,hotel,Palais Medina Spa,34.04765,-4.9929539,"https://www.google.com/maps?q=34.0476500,-4.9929539",3.8,Un endroit chaleureux adapté aux familles et aux professionnels réputé pour son ambiance conviviale.,Automne,"sports nautiques, plage, randonnées",Moyen,10 jours,Proche du centre-ville et des taxis,Zone modérément sécurisée
Fès,hotel,La Maison Verte,34.0611614,-4.9713122,"https://www.google.com/maps?q=34.0611614,-4.9713122",3.5,Un hébergement adapté aux familles et aux professionnels avec un service remarquable.,Hiver,"plage, sports nautiques, randonnées",Luxe,3-5 jours,Proche du centre-ville et des taxis,Quartier calme et bien surveillé
Fès,hotel,Menzeh Zalagh,34.0433479,-4.9960802,"https://www.google.com/maps?q=34.0433479,-4.9960802",3.9,Un endroit chaleureux proche des attractions principales dans un cadre calme et sécurisé.,Été,"festivals, musique traditionnelle, artisanat local",Luxe,10 jours,Accessible en voiture uniquement,Zone modérément sécurisée
Fès,hotel,dar seffarine,34.0640972,-4.9728407,"https://www.google.com/maps?q=34.0640972,-4.9728407",3.4,Un hébergement adapté aux familles et aux professionnels réputé pour son ambiance conviviale.,Printemps,"musique traditionnelle, festivals, artisanat local",Premium,2-3 jours,Situé près d'une gare ou station,Quartier calme et bien surveillé
Fès,hotel,Maison famille Tazi,34.0627957,-4.97723,"https://www.google.com/maps?q=34.0627957,-4.9772300",4.9,Une adresse appréciée adapté aux familles et aux professionnels avec un service remarquable.,Été,"activités de plein air, excursions guidées, sites historiques",Économique,1 semaine,Situé près d'une gare ou station,Quartier calme et bien surveillé
Fès,hotel,Hotel Wassim,34.0389629,-5.0026432,"https://www.google.com/maps?q=34.0389629,-5.0026432",4.9,Un endroit chaleureux idéal pour les voyageurs dans un cadre calme et sécurisé.,Été,"découverte culturelle, shopping, spa",Économique,1 semaine,Facile d’accès en transport public,Zone modérément sécurisée
Fès,hotel,Hôtel Amour,34.0413468,-5.0012068,"https://www.google.com/maps?q=34.0413468,-5.0012068",4.3,Un lieu d’accueil idéal pour les voyageurs dans un cadre calme et sécurisé.,Été,"shopping, spa, découverte culturelle",Moyen,10 jours,Situé près d'une gare ou station,Quartier calme et bien surveillé
Fès,hotel,Hotel Nous Plazza,34.0323136,-5.0061868,"https://www.google.com/maps?q=34.0323136,-5.0061868",4.2,Un lieu d’accueil conçu pour offrir confort et praticité dans un cadre calme et sécurisé.,Automne,"spa, shopping, découverte culturelle",Premium,1 semaine,Proche du centre-ville et des taxis,Environnement très sécurisé
Fès,hotel,Hotel Savoy,34.0404394,-4.9969605,"https://www.google.com/maps?q=34.0404394,-4.9969605",4.3,Un hébergement parfait pour un séjour touristique réputé pour son ambiance conviviale.,Printemps,"découverte culturelle, spa, shopping",Moyen,10 jours,Facile d’accès en transport public,Environnement très sécurisé
Fès,hotel,Hotel Zahrat Aljabal,34.0383304,-5.005345,"https://www.google.com/maps?q=34.0383304,-5.0053450",4.9,Un établissement parfait pour un séjour touristique offrant une vue exceptionnelle.,Automne,"activités de plein air, sites historiques, excursions guidées",Premium,1 semaine,Proche du centre-ville et des taxis,Quartier calme et bien surveillé
Fès,hotel,Hotel al Fath,34.0388811,-4.9986323,"https://www.google.com/maps?q=34.0388811,-4.9986323",3.1,Un lieu d’accueil idéal pour les voyageurs proposant un excellent rapport qualité-prix.,Printemps,"musées, visite de la médina, gastronomie locale",Premium,10 jours,Facile d’accès en transport public,Zone modérément sécurisée
Fès,hotel,Hotel Splendid,34.0378501,-5.0004358,"https://www.google.com/maps?q=34.0378501,-5.0004358",3.0,Un établissement conçu pour offrir confort et praticité dans un cadre calme et sécurisé.,Automne,"activités de plein air, sites historiques, excursions guidées",Économique,1 semaine,Accessible en voiture uniquement,Environnement très sécurisé
Fès,hotel,Hotel splendid,34.0379987,-5.0005085,"https://www.google.com/maps?q=34.0379987,-5.0005085",3.9,Un lieu d’accueil parfait pour un séjour touristique offrant une vue exceptionnelle.,Hiver,"randonnées, sports nautiques, plage",Luxe,1 semaine,Accessible en voiture uniquement,Quartier calme et bien surveillé
Fès,hotel,Hotel Renaissance,34.0381979,-4.9994375,"https://www.google.com/maps?q=34.0381979,-4.9994375",3.1,Un établissement idéal pour les voyageurs réputé pour son ambiance conviviale.,Été,"sites historiques, excursions guidées, activités de plein air",Économique,10 jours,Proche du centre-ville et des taxis,Zone touristique sécurisée
Fès,hotel,Golden Tulip,34.0396383,-5.007896,"https://www.google.com/maps?q=34.0396383,-5.0078960",4.0,Un endroit chaleureux idéal pour les voyageurs avec un service remarquable.,Été,"musées, gastronomie locale, visite de la médina",Luxe,1 semaine,Facile d’accès en transport public,Environnement très sécurisé
Fès,hotel,Hotel central,34.0370835,-4.9979499,"https://www.google.com/maps?q=34.0370835,-4.9979499",3.7,Un lieu d’accueil adapté aux familles et aux professionnels avec un service remarquable.,Automne,"shopping, découverte culturelle, spa",Économique,1 semaine,Situé près d'une gare ou station,Quartier calme et bien surveillé
Fès,hotel,Palais Bahia Riad,34.0645047,-4.9690859,"https://www.google.com/maps?q=34.0645047,-4.9690859",4.8,Un endroit chaleureux adapté aux familles et aux professionnels proposant un excellent rapport qualité-prix.,Été,"activités de plein air, excursions guidées, sites historiques",Économique,2-3 jours,Proche du centre-ville et des taxis,Zone modérément sécurisée
Fès,hotel,Hôtel Perla,34.0446667,-5.0046628,"https://www.google.com/maps?q=34.0446667,-5.0046628",4.1,Un hébergement idéal pour les voyageurs offrant une vue exceptionnelle.,Printemps,"visite de la médina, gastronomie locale, musées",Luxe,2-3 jours,Proche du centre-ville et des taxis,Quartier calme et bien surveillé
Fès,hotel,Ibis Budget Fes,34.0511773,-5.0360553,"https://www.google.com/maps?q=34.0511773,-5.0360553",3.5,Un lieu d’accueil proche des attractions principales réputé pour son ambiance conviviale.,Hiver,"plage, randonnées, sports nautiques",Luxe,10 jours,Facile d’accès en transport public,Environnement très sécurisé
Fès,hotel,Maghreb Hôtel,34.0373407,-4.9990984,"https://www.google.com/maps?q=34.0373407,-4.9990984",3.5,Un établissement proche des attractions principales offrant une vue exceptionnelle.,Printemps,"gastronomie locale, musées, visite de la médina",Moyen,1 semaine,Situé près d'une gare ou station,Zone modérément sécurisée
Fès,hotel,le cèdre d'argent,34.0673526,-4.9736651,"https://www.google.com/maps?q=34.0673526,-4.9736651",3.0,Une adresse appréciée adapté aux familles et aux professionnels avec un service remarquable.,Été,"festivals, artisanat local, musique traditionnelle",Luxe,10 jours,Accessible en voiture uniquement,Environnement très sécurisé
Fès,hotel,le cèdre d'argent,34.0675647,-4.9738224,"https://www.google.com/maps?q=34.0675647,-4.9738224",4.9,Un lieu d’accueil conçu pour offrir confort et praticité avec un service remarquable.,Été,"artisanat local, festivals, musique traditionnelle",Économique,1 semaine,Accessible en voiture uniquement,Zone touristique sécurisée
Fès,hotel,tombouktoo,34.0677824,-4.9723014,"https://www.google.com/maps?q=34.0677824,-4.9723014",4.9,Une adresse appréciée conçu pour offrir confort et praticité réputé pour son ambiance conviviale.,Printemps,"shopping, spa, découverte culturelle",Luxe,10 jours,Accessible en voiture uniquement,Zone modérément sécurisée
Fès,hotel,Dar Alian,34.0370791,-4.9942756,"https://www.google.com/maps?q=34.0370791,-4.9942756",4.7,Une adresse appréciée idéal pour les voyageurs avec un service remarquable.,Été,"activités de plein air, sites historiques, excursions guidées",Luxe,10 jours,Accessible en voiture uniquement,Zone modérément sécurisée
Fès,hotel,Hôtel l'Escale,34.0381439,-5.0050647,"https://www.google.com/maps?q=34.0381439,-5.0050647",4.6,Une adresse appréciée adapté aux familles et aux professionnels dans un cadre calme et sécurisé.,Automne,"activités de plein air, sites historiques, excursions guidées",Économique,1 semaine,Facile d’accès en transport public,Quartier calme et bien surveillé
Fès,hotel,Hotel Errabie,34.0281491,-4.9915876,"https://www.google.com/maps?q=34.0281491,-4.9915876",3.8,Un lieu d’accueil adapté aux familles et aux professionnels proposant un excellent rapport qualité-prix.,Hiver,"spa, shopping, découverte culturelle",Premium,10 jours,Accessible en voiture uniquement,Zone touristique sécurisée
Fès,hotel,Hotel Rex,34.032464,-4.9952554,"https://www.google.com/maps?q=34.0324640,-4.9952554",3.4,Un lieu d’accueil adapté aux familles et aux professionnels proposant un excellent rapport qualité-prix.,Été,"visite de la médina, gastronomie locale, musées",Premium,1 semaine,Situé près d'une gare ou station,Quartier calme et bien surveillé
Fès,hotel,Dar R'cif,34.0616325,-4.9744932,"https://www.google.com/maps?q=34.0616325,-4.9744932",3.8,Un hébergement adapté aux familles et aux professionnels réputé pour son ambiance conviviale.,Hiver,"sports nautiques, plage, randonnées",Luxe,2-3 jours,Accessible en voiture uniquement,Zone touristique sécurisée
Fès,hotel,Dar Hodou,34.0622404,-4.9811848,"https://www.google.com/maps?q=34.0622404,-4.9811848",4.8,Un endroit chaleureux adapté aux familles et aux professionnels offrant une vue exceptionnelle.,Été,"activités de plein air, excursions guidées, sites historiques",Premium,10 jours,Facile d’accès en transport public,Environnement très sécurisé
Fès,hotel,Hotel zahrat al jabal,34.0382624,-5.0053168,"https://www.google.com/maps?q=34.0382624,-5.0053168",4.5,Une adresse appréciée proche des attractions principales avec un service remarquable.,Été,"spa, découverte culturelle, shopping",Luxe,2-3 jours,Situé près d'une gare ou station,Environnement très sécurisé
Fès,hotel,famille Enouina,34.0627945,-4.9821303,"https://www.google.com/maps?q=34.0627945,-4.9821303",4.1,Un hébergement idéal pour les voyageurs offrant une vue exceptionnelle.,Automne,"spa, découverte culturelle, shopping",Premium,2-3 jours,Proche du centre-ville et des taxis,Zone modérément sécurisée
Fès,hotel,Hotel Lamrani,34.0618142,-4.9830748,"https://www.google.com/maps?q=34.0618142,-4.9830748",4.8,Une adresse appréciée parfait pour un séjour touristique offrant une vue exceptionnelle.,Hiver,"festivals, artisanat local, musique traditionnelle",Premium,1 semaine,Situé près d'une gare ou station,Quartier calme et bien surveillé
Fès,hotel,riad les chirifi,34.0608376,-4.9844594,"https://www.google.com/maps?q=34.0608376,-4.9844594",4.9,Un endroit chaleureux conçu pour offrir confort et praticité dans un cadre calme et sécurisé.,Été,"musique traditionnelle, festivals, artisanat local",Luxe,3-5 jours,Accessible en voiture uniquement,Zone modérément sécurisée
Fès,hotel,Hotel JARDIN,34.0608683,-4.9845586,"https://www.google.com/maps?q=34.0608683,-4.9845586",3.0,Un établissement conçu pour offrir confort et praticité dans un cadre calme et sécurisé.,Hiver,"artisanat local, musique traditionnelle, festivals",Moyen,1 semaine,Situé près d'une gare ou station,Quartier calme et bien surveillé
Fès,hotel,maison moi anan,34.0648155,-4.9789054,"https://www.google.com/maps?q=34.0648155,-4.9789054",3.9,Un hébergement adapté aux familles et aux professionnels offrant une vue exceptionnelle.,Automne,"sports nautiques, plage, randonnées",Premium,1 semaine,Proche du centre-ville et des taxis,Quartier calme et bien surveillé
Fès,hotel,Palais des mérinides,34.0652356,-4.9778261,"https://www.google.com/maps?q=34.0652356,-4.9778261",4.1,Un hébergement idéal pour les voyageurs avec un service remarquable.,Automne,"shopping, découverte culturelle, spa",Économique,3-5 jours,Accessible en voiture uniquement,Zone touristique sécurisée
Fès,hotel,Hôtel Ibis budget,34.0511836,-5.0360619,"https://www.google.com/maps?q=34.0511836,-5.0360619",3.1,Un hébergement conçu pour offrir confort et praticité proposant un excellent rapport qualité-prix.,Automne,"festivals, musique traditionnelle, artisanat local",Premium,1 semaine,Facile d’accès en transport public,Zone modérément sécurisée
Fès,hotel,Hotel Sahrai,34.0436358,-4.9922166,"https://www.google.com/maps?q=34.0436358,-4.9922166",3.4,Un lieu d’accueil idéal pour les voyageurs avec un service remarquable.,Printemps,"artisanat local, musique traditionnelle, festivals",Économique,3-5 jours,Proche du centre-ville et des taxis,Zone modérément sécurisée
Fès,hotel,Messi Elli Asja,34.0580797,-4.9763147,"https://www.google.com/maps?q=34.0580797,-4.9763147",4.7,Un hébergement proche des attractions principales réputé pour son ambiance conviviale.,Printemps,"activités de plein air, sites historiques, excursions guidées",Luxe,2-3 jours,Facile d’accès en transport public,Zone modérément sécurisée
Fès,hotel,Le Grand Alcazar - Riad,34.0599344,-4.9800488,"https://www.google.com/maps?q=34.0599344,-4.9800488",3.8,Un hébergement proche des attractions principales dans un cadre calme et sécurisé.,Été,"shopping, spa, découverte culturelle",Économique,2-3 jours,Situé près d'une gare ou station,Zone touristique sécurisée
Fès,hotel,Palais Sheherazade & spa,34.0589883,-4.9787833,"https://www.google.com/maps?q=34.0589883,-4.9787833",3.7,Un établissement adapté aux familles et aux professionnels offrant une vue exceptionnelle.,Printemps,"gastronomie locale, musées, visite de la médina",Moyen,3-5 jours,Situé près d'une gare ou station,Environnement très sécurisé
Fès,hotel,Riad Al Assala Fes,34.0596886,-4.9780884,"https://www.google.com/maps?q=34.0596886,-4.9780884",3.2,Une adresse appréciée conçu pour offrir confort et praticité proposant un excellent rapport qualité-prix.,Été,"visite de la médina, gastronomie locale, musées",Premium,1 semaine,Accessible en voiture uniquement,Quartier calme et bien surveillé
Fès,hotel,Dar Mayssae,34.0633969,-4.98337,"https://www.google.com/maps?q=34.0633969,-4.9833700",4.4,Un lieu d’accueil adapté aux familles et aux professionnels offrant une vue exceptionnelle.,Automne,"musique traditionnelle, festivals, artisanat local",Moyen,3-5 jours,Accessible en voiture uniquement,Zone modérément sécurisée
Fès,hotel,Riad Attajalli,34.0657899,-4.9772193,"https://www.google.com/maps?q=34.0657899,-4.9772193",4.1,Un hébergement parfait pour un séjour touristique proposant un excellent rapport qualité-prix.,Été,"gastronomie locale, musées, visite de la médina",Luxe,2-3 jours,Situé près d'une gare ou station,Zone touristique sécurisée
Fès,hotel,Dar Rumi,34.0643797,-4.9772331,"https://www.google.com/maps?q=34.0643797,-4.9772331",3.9,Une adresse appréciée conçu pour offrir confort et praticité réputé pour son ambiance conviviale.,Été,"sports nautiques, plage, randonnées",Moyen,2-3 jours,Situé près d'une gare ou station,Zone touristique sécurisée
Fès,hotel,Bab Jdid,34.0588067,-4.9739169,"https://www.google.com/maps?q=34.0588067,-4.9739169",4.7,Une adresse appréciée idéal pour les voyageurs proposant un excellent rapport qualité-prix.,Automne,"randonnées, plage, sports nautiques",Luxe,10 jours,Facile d’accès en transport public,Zone modérément sécurisée
Fès,hotel,باب المدينة,34.0686448,-4.9696181,"https://www.google.com/maps?q=34.0686448,-4.9696181",3.5,Un endroit chaleureux parfait pour un séjour touristique réputé pour son ambiance conviviale.,Automne,"sites historiques, excursions guidées, activités de plein air",Premium,3-5 jours,Situé près d'une gare ou station,Zone touristique sécurisée
Fès,hotel,Fes Heritage,34.059833,-4.981209,"https://www.google.com/maps?q=34.0598330,-4.9812090",4.7,Un établissement proche des attractions principales dans un cadre calme et sécurisé.,Automne,"musées, gastronomie locale, visite de la médina",Premium,2-3 jours,Accessible en voiture uniquement,Quartier calme et bien surveillé
Fès,hotel,Hôtel Glacier,34.0519225,-4.9928861,"https://www.google.com/maps?q=34.0519225,-4.9928861",4.1,Un endroit chaleureux parfait pour un séjour touristique proposant un excellent rapport qualité-prix.,Hiver,"shopping, spa, découverte culturelle",Luxe,2-3 jours,Proche du centre-ville et des taxis,Quartier calme et bien surveillé
Fès,hotel,Dar Merzouga,34.0622338,-4.9822635,"https://www.google.com/maps?q=34.0622338,-4.9822635",3.1,Un hébergement idéal pour les voyageurs proposant un excellent rapport qualité-prix.,Hiver,"plage, sports nautiques, randonnées",Économique,1 semaine,Facile d’accès en transport public,Quartier calme et bien surveillé
Fès,hotel,Riad Fes El Kaid,34.0630462,-4.9719244,"https://www.google.com/maps?q=34.0630462,-4.9719244",5.0,Un établissement conçu pour offrir confort et praticité dans un cadre calme et sécurisé.,Printemps,"randonnées, sports nautiques, plage",Premium,1 semaine,Proche du centre-ville et des taxis,Zone modérément sécurisée
Fès,hotel,Riad Salam Fès,34.0586237,-4.978311,"https://www.google.com/maps?q=34.0586237,-4.9783110",3.1,Un endroit chaleureux idéal pour les voyageurs réputé pour son ambiance conviviale.,Hiver,"sites historiques, activités de plein air, excursions guidées",Premium,3-5 jours,Situé près d'une gare ou station,Zone touristique sécurisée
Fès,hotel,Dar panoramic,34.0590456,-4.971047,"https://www.google.com/maps?q=34.0590456,-4.9710470",3.1,Un établissement conçu pour offrir confort et praticité proposant un excellent rapport qualité-prix.,Automne,"spa, shopping, découverte culturelle",Luxe,2-3 jours,Proche du centre-ville et des taxis,Environnement très sécurisé
Fès,hotel,"Palais de Fès, Dar Tari",34.059966,-4.9718487,"https://www.google.com/maps?q=34.0599660,-4.9718487",5.0,Une adresse appréciée proche des attractions principales avec un service remarquable.,Automne,"musique traditionnelle, festivals, artisanat local",Luxe,3-5 jours,Facile d’accès en transport public,Quartier calme et bien surveillé
Fès,hotel,Jnan sbil,34.0599386,-4.9880517,"https://www.google.com/maps?q=34.0599386,-4.9880517",3.7,Un lieu d’accueil proche des attractions principales proposant un excellent rapport qualité-prix.,Hiver,"randonnées, sports nautiques, plage",Économique,1 semaine,Accessible en voiture uniquement,Environnement très sécurisé
Fès,hotel,Riad Dar Barae,34.0634059,-4.9806437,"https://www.google.com/maps?q=34.0634059,-4.9806437",3.8,Un établissement proche des attractions principales proposant un excellent rapport qualité-prix.,Printemps,"festivals, musique traditionnelle, artisanat local",Premium,3-5 jours,Situé près d'une gare ou station,Zone touristique sécurisée
Fès,hotel,Riad Dar Skalli,34.0601385,-4.9797185,"https://www.google.com/maps?q=34.0601385,-4.9797185",4.2,Une adresse appréciée parfait pour un séjour touristique réputé pour son ambiance conviviale.,Hiver,"visite de la médina, gastronomie locale, musées",Économique,10 jours,Facile d’accès en transport public,Environnement très sécurisé
Fès,hotel,Riad Skillfo,34.0626402,-4.9829957,"https://www.google.com/maps?q=34.0626402,-4.9829957",4.3,Un hébergement proche des attractions principales proposant un excellent rapport qualité-prix.,Automne,"shopping, découverte culturelle, spa",Moyen,10 jours,Accessible en voiture uniquement,Zone touristique sécurisée
Fès,hotel,Riad Nass Zmane,34.0600236,-4.9784871,"https://www.google.com/maps?q=34.0600236,-4.9784871",3.2,Un lieu d’accueil adapté aux familles et aux professionnels dans un cadre calme et sécurisé.,Hiver,"sites historiques, excursions guidées, activités de plein air",Luxe,2-3 jours,Proche du centre-ville et des taxis,Zone touristique sécurisée
Fès,hotel,Riad Rocco Alfredo,34.0624838,-4.9799137,"https://www.google.com/maps?q=34.0624838,-4.9799137",3.9,Un hébergement idéal pour les voyageurs dans un cadre calme et sécurisé.,Hiver,"activités de plein air, excursions guidées, sites historiques",Premium,3-5 jours,Proche du centre-ville et des taxis,Environnement très sécurisé
Fès,hotel,Dar El Ouedghiri,34.0613623,-4.977892,"https://www.google.com/maps?q=34.0613623,-4.9778920",4.9,Une adresse appréciée proche des attractions principales dans un cadre calme et sécurisé.,Hiver,"sports nautiques, plage, randonnées",Économique,3-5 jours,Facile d’accès en transport public,Quartier calme et bien surveillé
Fès,hotel,Dar Borj,34.063073,-4.9830398,"https://www.google.com/maps?q=34.0630730,-4.9830398",4.5,Un établissement conçu pour offrir confort et praticité dans un cadre calme et sécurisé.,Automne,"visite de la médina, musées, gastronomie locale",Moyen,10 jours,Facile d’accès en transport public,Environnement très sécurisé
Fès,hotel,Dar Faracha,34.0611074,-4.9743571,"https://www.google.com/maps?q=34.0611074,-4.9743571",3.3,Un endroit chaleureux proche des attractions principales dans un cadre calme et sécurisé.,Été,"découverte culturelle, spa, shopping",Économique,1 semaine,Accessible en voiture uniquement,Zone touristique sécurisée
Fès,hotel,Riad Diamant De Fes,34.0637621,-4.9781771,"https://www.google.com/maps?q=34.0637621,-4.9781771",4.2,Un endroit chaleureux proche des attractions principales avec un service remarquable.,Printemps,"gastronomie locale, visite de la médina, musées",Économique,1 semaine,Proche du centre-ville et des taxis,Quartier calme et bien surveillé
Fès,hotel,Hôtel Royal Mirage,34.03686,-5.0042418,"https://www.google.com/maps?q=34.0368600,-5.0042418",3.2,Un endroit chaleureux adapté aux familles et aux professionnels dans un cadre calme et sécurisé.,Hiver,"shopping, découverte culturelle, spa",Moyen,10 jours,Situé près d'une gare ou station,Environnement très sécurisé
Fès,hotel,Ibis Fès إيبس فاس,34.046783,-5.0041596,"https://www.google.com/maps?q=34.0467830,-5.0041596",3.2,Un hébergement adapté aux familles et aux professionnels offrant une vue exceptionnelle.,Automne,"découverte culturelle, shopping, spa",Moyen,3-5 jours,Proche du centre-ville et des taxis,Quartier calme et bien surveillé
Fès,hotel,Fes Marriott Hotel Jnan Palace فندق ماريوت,34.03186,-5.002709,"https://www.google.com/maps?q=34.0318600,-5.0027090",4.2,Un endroit chaleureux idéal pour les voyageurs proposant un excellent rapport qualité-prix.,Printemps,"musique traditionnelle, artisanat local, festivals",Premium,2-3 jours,Proche du centre-ville et des taxis,Zone touristique sécurisée
Fès,hotel,Hotel Perla فندق بيرلا,34.0437889,-5.0052347,"https://www.google.com/maps?q=34.0437889,-5.0052347",4.3,Une adresse appréciée conçu pour offrir confort et praticité offrant une vue exceptionnelle.,Hiver,"musique traditionnelle, festivals, artisanat local",Premium,3-5 jours,Accessible en voiture uniquement,Quartier calme et bien surveillé
Fès,hotel,Palais Amani,34.0674714,-4.9720574,"https://www.google.com/maps?q=34.0674714,-4.9720574",4.2,Un endroit chaleureux conçu pour offrir confort et praticité avec un service remarquable.,Hiver,"sports nautiques, plage, randonnées",Luxe,10 jours,Accessible en voiture uniquement,Zone modérément sécurisée
Fès,hotel,Les Merinides,34.0695925,-4.9815809,"https://www.google.com/maps?q=34.0695925,-4.9815809",5.0,Un établissement proche des attractions principales offrant une vue exceptionnelle.,Automne,"excursions guidées, sites historiques, activités de plein air",Luxe,10 jours,Proche du centre-ville et des taxis,Zone touristique sécurisée
Fès,guest_house,Riad Dar Chrifa,34.057838,-4.9765925,"https://www.google.com/maps?q=34.0578380,-4.9765925",4.8,Une adresse appréciée idéal pour les voyageurs réputé pour son ambiance conviviale.,Printemps,"sports nautiques, randonnées, plage",Premium,2-3 jours,Accessible en voiture uniquement,Zone modérément sécurisée
Fès,guest_house,Dar Gzira,34.061982,-4.9710285,"https://www.google.com/maps?q=34.0619820,-4.9710285",3.8,Un lieu d’accueil proche des attractions principales avec un service remarquable.,Été,"randonnées, plage, sports nautiques",Économique,1 semaine,Situé près d'une gare ou station,Zone modérément sécurisée
Fès,guest_house,Riad Rmila,34.066117,-4.9699662,"https://www.google.com/maps?q=34.0661170,-4.9699662",4.6,Un établissement conçu pour offrir confort et praticité dans un cadre calme et sécurisé.,Hiver,"visite de la médina, musées, gastronomie locale",Moyen,2-3 jours,Situé près d'une gare ou station,Zone modérément sécurisée
Fès,guest_house,Riad Dar Mystere,34.0622567,-4.9815211,"https://www.google.com/maps?q=34.0622567,-4.9815211",4.5,Un hébergement parfait pour un séjour touristique dans un cadre calme et sécurisé.,Automne,"sites historiques, activités de plein air, excursions guidées",Luxe,1 semaine,Proche du centre-ville et des taxis,Zone modérément sécurisée
Fès,guest_house,Riad Kawtar,34.0623389,-4.9815372,"https://www.google.com/maps?q=34.0623389,-4.9815372",4.6,Un endroit chaleureux proche des attractions principales offrant une vue exceptionnelle.,Hiver,"shopping, spa, découverte culturelle",Économique,10 jours,Facile d’accès en transport public,Zone modérément sécurisée
Fès,guest_house,Riad Louna,34.0616504,-4.9823319,"https://www.google.com/maps?q=34.0616504,-4.9823319",3.3,Un établissement adapté aux familles et aux professionnels offrant une vue exceptionnelle.,Automne,"activités de plein air, sites historiques, excursions guidées",Économique,1 semaine,Facile d’accès en transport public,Quartier calme et bien surveillé
Fès,guest_house,Dar Fès Medina,34.058278,-4.9762186,"https://www.google.com/maps?q=34.0582780,-4.9762186",4.5,Un établissement adapté aux familles et aux professionnels offrant une vue exceptionnelle.,Été,"activités de plein air, sites historiques, excursions guidées",Moyen,1 semaine,Situé près d'une gare ou station,Zone modérément sécurisée
Fès,guest_house,Riad Numero 9,34.0637896,-4.9788215,"https://www.google.com/maps?q=34.0637896,-4.9788215",4.3,Un endroit chaleureux idéal pour les voyageurs offrant une vue exceptionnelle.,Hiver,"randonnées, sports nautiques, plage",Luxe,2-3 jours,Situé près d'une gare ou station,Quartier calme et bien surveillé
Fès,guest_house,Dar Bouânania,34.062993,-4.9833,"https://www.google.com/maps?q=34.0629930,-4.9833000",4.7,Un hébergement proche des attractions principales avec un service remarquable.,Hiver,"shopping, spa, découverte culturelle",Luxe,3-5 jours,Situé près d'une gare ou station,Zone touristique sécurisée
Fès,guest_house,Riad Laila,34.0628223,-4.9772409,"https://www.google.com/maps?q=34.0628223,-4.9772409",3.3,Un hébergement proche des attractions principales avec un service remarquable.,Été,"shopping, spa, découverte culturelle",Luxe,2-3 jours,Facile d’accès en transport public,Environnement très sécurisé
Fès,guest_house,Riad Les Idrissides,34.0633532,-4.9834406,"https://www.google.com/maps?q=34.0633532,-4.9834406",3.4,Un hébergement conçu pour offrir confort et praticité réputé pour son ambiance conviviale.,Été,"découverte culturelle, spa, shopping",Premium,1 semaine,Facile d’accès en transport public,Zone modérément sécurisée
Fès,guest_house,Riad Al Bartal,34.0575859,-4.9774089,"https://www.google.com/maps?q=34.0575859,-4.9774089",4.5,Un hébergement parfait pour un séjour touristique avec un service remarquable.,Été,"sports nautiques, plage, randonnées",Luxe,3-5 jours,Accessible en voiture uniquement,Quartier calme et bien surveillé
Fès,guest_house,Riad Adarissa,34.0636435,-4.9827303,"https://www.google.com/maps?q=34.0636435,-4.9827303",4.6,Un établissement conçu pour offrir confort et praticité dans un cadre calme et sécurisé.,Printemps,"musées, visite de la médina, gastronomie locale",Premium,10 jours,Facile d’accès en transport public,Environnement très sécurisé
Fès,guest_house,Riad Medina,34.0658764,-4.9697298,"https://www.google.com/maps?q=34.0658764,-4.9697298",4.5,Un établissement adapté aux familles et aux professionnels proposant un excellent rapport qualité-prix.,Automne,"excursions guidées, sites historiques, activités de plein air",Économique,3-5 jours,Facile d’accès en transport public,Environnement très sécurisé
Fès,guest_house,Dar Roumana,34.0668985,-4.9781907,"https://www.google.com/maps?q=34.0668985,-4.9781907",3.3,Un lieu d’accueil conçu pour offrir confort et praticité réputé pour son ambiance conviviale.,Hiver,"shopping, spa, découverte culturelle",Luxe,2-3 jours,Accessible en voiture uniquement,Zone modérément sécurisée
Fès,guest_house,Dar Rbab,34.0664091,-4.9767912,"https://www.google.com/maps?q=34.0664091,-4.9767912",4.5,Un lieu d’accueil idéal pour les voyageurs dans un cadre calme et sécurisé.,Hiver,"shopping, spa, découverte culturelle",Premium,10 jours,Situé près d'une gare ou station,Zone touristique sécurisée
Fès,guest_house,Riad Layla,34.0594023,-4.9784257,"https://www.google.com/maps?q=34.0594023,-4.9784257",4.3,Un hébergement conçu pour offrir confort et praticité proposant un excellent rapport qualité-prix.,Automne,"randonnées, plage, sports nautiques",Moyen,3-5 jours,Situé près d'une gare ou station,Zone touristique sécurisée
Fès,guest_house,Dar Allouch,34.0622611,-4.9810812,"https://www.google.com/maps?q=34.0622611,-4.9810812",4.4,Un établissement proche des attractions principales proposant un excellent rapport qualité-prix.,Printemps,"sports nautiques, randonnées, plage",Moyen,2-3 jours,Facile d’accès en transport public,Zone modérément sécurisée
Fès,guest_house,Dar Kenza,34.060216,-4.9796142,"https://www.google.com/maps?q=34.0602160,-4.9796142",4.5,Un hébergement proche des attractions principales proposant un excellent rapport qualité-prix.,Hiver,"festivals, musique traditionnelle, artisanat local",Premium,2-3 jours,Accessible en voiture uniquement,Environnement très sécurisé
Fès,guest_house,Riad Damia,34.0577688,-4.9778236,"https://www.google.com/maps?q=34.0577688,-4.9778236",3.2,Un hébergement parfait pour un séjour touristique réputé pour son ambiance conviviale.,Printemps,"musique traditionnelle, artisanat local, festivals",Économique,1 semaine,Situé près d'une gare ou station,Zone touristique sécurisée
Fès,guest_house,Riad Norma,34.0578843,-4.9782473,"https://www.google.com/maps?q=34.0578843,-4.9782473",3.2,Un endroit chaleureux parfait pour un séjour touristique réputé pour son ambiance conviviale.,Automne,"artisanat local, musique traditionnelle, festivals",Économique,1 semaine,Situé près d'une gare ou station,Environnement très sécurisé
Fès,guest_house,Palais des Hôtes,34.0578799,-4.9778182,"https://www.google.com/maps?q=34.0578799,-4.9778182",3.5,Un établissement idéal pour les voyageurs proposant un excellent rapport qualité-prix.,Automne,"découverte culturelle, shopping, spa",Moyen,2-3 jours,Proche du centre-ville et des taxis,Environnement très sécurisé
Fès,guest_house,Dar Lalla Kenza,34.0592135,-4.9732234,"https://www.google.com/maps?q=34.0592135,-4.9732234",5.0,Un hébergement idéal pour les voyageurs réputé pour son ambiance conviviale.,Été,"shopping, spa, découverte culturelle",Luxe,10 jours,Proche du centre-ville et des taxis,Environnement très sécurisé
Fès,guest_house,Riad Laayoun,34.0616571,-4.9744447,"https://www.google.com/maps?q=34.0616571,-4.9744447",5.0,Un établissement idéal pour les voyageurs réputé pour son ambiance conviviale.,Hiver,"découverte culturelle, shopping, spa",Moyen,3-5 jours,Proche du centre-ville et des taxis,Zone touristique sécurisée
Fès,guest_house,Riad Sabah,34.0633167,-4.9834578,"https://www.google.com/maps?q=34.0633167,-4.9834578",3.6,Une adresse appréciée proche des attractions principales dans un cadre calme et sécurisé.,Automne,"excursions guidées, activités de plein air, sites historiques",Économique,3-5 jours,Facile d’accès en transport public,Zone touristique sécurisée
Fès,guest_house,Riad Sara,34.0600122,-4.9798027,"https://www.google.com/maps?q=34.0600122,-4.9798027",4.7,Un endroit chaleureux proche des attractions principales proposant un excellent rapport qualité-prix.,Automne,"gastronomie locale, musées, visite de la médina",Moyen,10 jours,Situé près d'une gare ou station,Zone touristique sécurisée
Fès,guest_house,Riad Andalib,34.0605509,-4.9722829,"https://www.google.com/maps?q=34.0605509,-4.9722829",3.8,Une adresse appréciée parfait pour un séjour touristique avec un service remarquable.,Printemps,"festivals, musique traditionnelle, artisanat local",Économique,1 semaine,Situé près d'une gare ou station,Zone touristique sécurisée
Fès,guest_house,Riad La Clé de Fes,34.0601689,-4.9798325,"https://www.google.com/maps?q=34.0601689,-4.9798325",3.4,Un hébergement conçu pour offrir confort et praticité avec un service remarquable.,Automne,"randonnées, sports nautiques, plage",Luxe,10 jours,Accessible en voiture uniquement,Zone modérément sécurisée
Fès,guest_house,Riad Khouloud,34.0645076,-4.9631926,"https://www.google.com/maps?q=34.0645076,-4.9631926",4.8,Un hébergement parfait pour un séjour touristique dans un cadre calme et sécurisé.,Automne,"artisanat local, festivals, musique traditionnelle",Économique,2-3 jours,Situé près d'une gare ou station,Zone touristique sécurisée
Fès,guest_house,PALAIS TARIANA,34.062311,-4.9820647,"https://www.google.com/maps?q=34.0623110,-4.9820647",3.2,Un lieu d’accueil proche des attractions principales proposant un excellent rapport qualité-prix.,Été,"randonnées, plage, sports nautiques",Moyen,10 jours,Proche du centre-ville et des taxis,Zone touristique sécurisée
Fès,guest_house,Riad Doha,34.0595217,-4.9743685,"https://www.google.com/maps?q=34.0595217,-4.9743685",3.7,Un endroit chaleureux adapté aux familles et aux professionnels réputé pour son ambiance conviviale.,Printemps,"découverte culturelle, spa, shopping",Économique,1 semaine,Facile d’accès en transport public,Zone touristique sécurisée
Fès,guest_house,Riad Noujoum Medina,34.0636873,-4.9803793,"https://www.google.com/maps?q=34.0636873,-4.9803793",3.1,Un établissement idéal pour les voyageurs proposant un excellent rapport qualité-prix.,Automne,"excursions guidées, sites historiques, activités de plein air",Économique,1 semaine,Proche du centre-ville et des taxis,Zone touristique sécurisée
Fès,guest_house,Riad Methaf,34.0612472,-4.9825866,"https://www.google.com/maps?q=34.0612472,-4.9825866",3.1,Un hébergement conçu pour offrir confort et praticité avec un service remarquable.,Automne,"activités de plein air, excursions guidées, sites historiques",Économique,3-5 jours,Facile d’accès en transport public,Zone modérément sécurisée
Fès,guest_house,Riad Malak,34.0632044,-4.9832334,"https://www.google.com/maps?q=34.0632044,-4.9832334",4.5,Un endroit chaleureux parfait pour un séjour touristique offrant une vue exceptionnelle.,Été,"sites historiques, excursions guidées, activités de plein air",Luxe,10 jours,Facile d’accès en transport public,Zone modérément sécurisée
Fès,guest_house,Riad Hala,34.0627728,-4.9820206,"https://www.google.com/maps?q=34.0627728,-4.9820206",3.5,Un endroit chaleureux proche des attractions principales proposant un excellent rapport qualité-prix.,Hiver,"activités de plein air, excursions guidées, sites historiques",Premium,10 jours,Proche du centre-ville et des taxis,Zone modérément sécurisée
Fès,guest_house,Riad Kasr Nada,34.0657916,-4.9723223,"https://www.google.com/maps?q=34.0657916,-4.9723223",3.1,Un hébergement proche des attractions principales avec un service remarquable.,Été,"excursions guidées, sites historiques, activités de plein air",Premium,2-3 jours,Proche du centre-ville et des taxis,Zone touristique sécurisée
Fès,guest_house,Riad Fes Aicha,34.061671,-4.9723385,"https://www.google.com/maps?q=34.0616710,-4.9723385",3.2,Une adresse appréciée parfait pour un séjour touristique proposant un excellent rapport qualité-prix.,Été,"musique traditionnelle, festivals, artisanat local",Économique,3-5 jours,Accessible en voiture uniquement,Quartier calme et bien surveillé
Fès,guest_house,Omar House,34.0649437,-4.9790886,"https://www.google.com/maps?q=34.0649437,-4.9790886",3.2,Un établissement parfait pour un séjour touristique proposant un excellent rapport qualité-prix.,Été,"spa, découverte culturelle, shopping",Luxe,10 jours,Situé près d'une gare ou station,Zone touristique sécurisée
Fès,guest_house,Dar Rabha,34.0613636,-4.9820938,"https://www.google.com/maps?q=34.0613636,-4.9820938",4.1,Un endroit chaleureux conçu pour offrir confort et praticité dans un cadre calme et sécurisé.,Printemps,"activités de plein air, excursions guidées, sites historiques",Moyen,10 jours,Facile d’accès en transport public,Zone modérément sécurisée
Fès,guest_house,Hostel Dar Ahl Tadla,34.0623128,-4.9808238,"https://www.google.com/maps?q=34.0623128,-4.9808238",4.9,Un hébergement adapté aux familles et aux professionnels avec un service remarquable.,Été,"artisanat local, festivals, musique traditionnelle",Premium,2-3 jours,Proche du centre-ville et des taxis,Zone touristique sécurisée
Fès,guest_house,Dar Mansoura,34.0622242,-4.9832297,"https://www.google.com/maps?q=34.0622242,-4.9832297",4.7,Un lieu d’accueil idéal pour les voyageurs offrant une vue exceptionnelle.,Hiver,"shopping, spa, découverte culturelle",Économique,1 semaine,Accessible en voiture uniquement,Environnement très sécurisé
Fès,guest_house,Riad TOYOUR,34.0649496,-4.9817128,"https://www.google.com/maps?q=34.0649496,-4.9817128",4.0,Une adresse appréciée idéal pour les voyageurs offrant une vue exceptionnelle.,Printemps,"excursions guidées, activités de plein air, sites historiques",Moyen,3-5 jours,Accessible en voiture uniquement,Zone modérément sécurisée
Fès,guest_house,Dar Attajalli,34.0656944,-4.9777446,"https://www.google.com/maps?q=34.0656944,-4.9777446",3.7,Un endroit chaleureux conçu pour offrir confort et praticité avec un service remarquable.,Automne,"musées, gastronomie locale, visite de la médina",Premium,2-3 jours,Facile d’accès en transport public,Zone touristique sécurisée
Fès,guest_house,Maison PAPA دار بابا,34.0609375,-5.0256641,"https://www.google.com/maps?q=34.0609375,-5.0256641",4.3,Un hébergement conçu pour offrir confort et praticité réputé pour son ambiance conviviale.,Été,"randonnées, sports nautiques, plage",Moyen,1 semaine,Proche du centre-ville et des taxis,Zone touristique sécurisée
Fès,guest_house,Riad Tayba,34.0639372,-4.9836675,"https://www.google.com/maps?q=34.0639372,-4.9836675",3.6,Un établissement adapté aux familles et aux professionnels proposant un excellent rapport qualité-prix.,Hiver,"plage, sports nautiques, randonnées",Économique,2-3 jours,Situé près d'une gare ou station,Quartier calme et bien surveillé
Fès,guest_house,Riad Benelmahi,34.0623044,-4.9815296,"https://www.google.com/maps?q=34.0623044,-4.9815296",4.2,Un lieu d’accueil parfait pour un séjour touristique avec un service remarquable.,Automne,"sites historiques, activités de plein air, excursions guidées",Économique,10 jours,Proche du centre-ville et des taxis,Zone modérément sécurisée
Fès,guest_house,DAR ZIiryab,34.0354824,-5.0073425,"https://www.google.com/maps?q=34.0354824,-5.0073425",4.4,Une adresse appréciée idéal pour les voyageurs avec un service remarquable.,Hiver,"sports nautiques, plage, randonnées",Moyen,1 semaine,Accessible en voiture uniquement,Zone modérément sécurisée
Fès,guest_house,Riad El Ghalia,34.0597894,-4.9746503,"https://www.google.com/maps?q=34.0597894,-4.9746503",4.1,Une adresse appréciée idéal pour les voyageurs offrant une vue exceptionnelle.,Automne,"visite de la médina, musées, gastronomie locale",Luxe,10 jours,Facile d’accès en transport public,Environnement très sécurisé
Fès,guest_house,Riad Mimosa,34.0329249,-5.0197437,"https://www.google.com/maps?q=34.0329249,-5.0197437",4.8,Une adresse appréciée parfait pour un séjour touristique avec un service remarquable.,Hiver,"artisanat local, musique traditionnelle, festivals",Luxe,10 jours,Proche du centre-ville et des taxis,Environnement très sécurisé
Fès,guest_house,Riad Amor,34.0612845,-4.9789436,"https://www.google.com/maps?q=34.0612845,-4.9789436",3.5,Une adresse appréciée conçu pour offrir confort et praticité avec un service remarquable.,Hiver,"spa, découverte culturelle, shopping",Économique,3-5 jours,Facile d’accès en transport public,Quartier calme et bien surveillé
Fès,guest_house,Riad les Chrifis,34.0627218,-4.9796759,"https://www.google.com/maps?q=34.0627218,-4.9796759",3.9,Un établissement parfait pour un séjour touristique offrant une vue exceptionnelle.,Printemps,"découverte culturelle, shopping, spa",Moyen,3-5 jours,Accessible en voiture uniquement,Environnement très sécurisé
Fès,guest_house,Fes Bed and Breakfast,34.0285636,-4.995908,"https://www.google.com/maps?q=34.0285636,-4.9959080",3.1,Une adresse appréciée idéal pour les voyageurs avec un service remarquable.,Automne,"musique traditionnelle, festivals, artisanat local",Premium,10 jours,Accessible en voiture uniquement,Quartier calme et bien surveillé
Fès,guest_house,maison d'hotes,34.05883,-4.9738851,"https://www.google.com/maps?q=34.0588300,-4.9738851",4.6,Un endroit chaleureux idéal pour les voyageurs proposant un excellent rapport qualité-prix.,Été,"sports nautiques, plage, randonnées",Premium,2-3 jours,Proche du centre-ville et des taxis,Environnement très sécurisé
Fès,guest_house,Riad Dar Assia,34.0625354,-4.9792944,"https://www.google.com/maps?q=34.0625354,-4.9792944",3.8,Une adresse appréciée idéal pour les voyageurs avec un service remarquable.,Printemps,"plage, randonnées, sports nautiques",Économique,1 semaine,Situé près d'une gare ou station,Zone modérément sécurisée
Fès,guest_house,Fes Touria Palace,34.0636901,-4.9706674,"https://www.google.com/maps?q=34.0636901,-4.9706674",3.4,Un lieu d’accueil parfait pour un séjour touristique avec un service remarquable.,Été,"gastronomie locale, visite de la médina, musées",Économique,2-3 jours,Facile d’accès en transport public,Environnement très sécurisé
Fès,guest_house,Riad Anass Al Ouali,34.0618561,-4.9810934,"https://www.google.com/maps?q=34.0618561,-4.9810934",4.2,Un hébergement adapté aux familles et aux professionnels proposant un excellent rapport qualité-prix.,Hiver,"gastronomie locale, visite de la médina, musées",Économique,1 semaine,Accessible en voiture uniquement,Zone touristique sécurisée
Fès,guest_house,Riad Sahara FES,34.0641617,-4.9801799,"https://www.google.com/maps?q=34.0641617,-4.9801799",4.3,Un endroit chaleureux parfait pour un séjour touristique offrant une vue exceptionnelle.,Hiver,"visite de la médina, gastronomie locale, musées",Premium,2-3 jours,Proche du centre-ville et des taxis,Quartier calme et bien surveillé
Fès,guest_house,Dar Ziat,34.0595542,-4.9770174,"https://www.google.com/maps?q=34.0595542,-4.9770174",3.6,Une adresse appréciée adapté aux familles et aux professionnels réputé pour son ambiance conviviale.,Été,"excursions guidées, sites historiques, activités de plein air",Économique,2-3 jours,Situé près d'une gare ou station,Quartier calme et bien surveillé
Fès,guest_house,Riad Maison Bleue & Spa,34.0649855,-4.9819002,"https://www.google.com/maps?q=34.0649855,-4.9819002",3.3,Une adresse appréciée idéal pour les voyageurs proposant un excellent rapport qualité-prix.,Automne,"festivals, musique traditionnelle, artisanat local",Moyen,1 semaine,Proche du centre-ville et des taxis,Zone touristique sécurisée
Fès,guest_house,Riad Le Calife,34.0599158,-4.9709486,"https://www.google.com/maps?q=34.0599158,-4.9709486",3.4,Un lieu d’accueil adapté aux familles et aux professionnels offrant une vue exceptionnelle.,Printemps,"découverte culturelle, shopping, spa",Moyen,3-5 jours,Accessible en voiture uniquement,Quartier calme et bien surveillé
Fès,guest_house,Riad Driss Moqri (Dar Mokri),34.0606783,-4.9771348,"https://www.google.com/maps?q=34.0606783,-4.9771348",4.7,Un endroit chaleureux idéal pour les voyageurs réputé pour son ambiance conviviale.,Printemps,"randonnées, plage, sports nautiques",Premium,3-5 jours,Accessible en voiture uniquement,Zone modérément sécurisée
Fès,guest_house,Riad Anata,34.0587456,-4.9782683,"https://www.google.com/maps?q=34.0587456,-4.9782683",4.4,Un lieu d’accueil adapté aux familles et aux professionnels avec un service remarquable.,Été,"visite de la médina, gastronomie locale, musées",Luxe,10 jours,Accessible en voiture uniquement,Environnement très sécurisé
Fès,guest_house,Ryad Mabrouka,34.0641778,-4.9828188,"https://www.google.com/maps?q=34.0641778,-4.9828188",5.0,Un endroit chaleureux parfait pour un séjour touristique dans un cadre calme et sécurisé.,Été,"shopping, découverte culturelle, spa",Luxe,10 jours,Situé près d'une gare ou station,Environnement très sécurisé
Fès,guest_house,Riad Naila,34.064647,-4.9825494,"https://www.google.com/maps?q=34.0646470,-4.9825494",5.0,Une adresse appréciée proche des attractions principales réputé pour son ambiance conviviale.,Automne,"activités de plein air, excursions guidées, sites historiques",Premium,1 semaine,Facile d’accès en transport public,Zone modérément sécurisée
Fès,guest_house,Riad Jean Claude,34.0649635,-4.9814623,"https://www.google.com/maps?q=34.0649635,-4.9814623",4.3,Un établissement proche des attractions principales offrant une vue exceptionnelle.,Été,"activités de plein air, excursions guidées, sites historiques",Luxe,10 jours,Accessible en voiture uniquement,Quartier calme et bien surveillé
Fès,guest_house,Riad SABAH,34.0629367,-4.983002,"https://www.google.com/maps?q=34.0629367,-4.9830020",4.3,Un lieu d’accueil idéal pour les voyageurs offrant une vue exceptionnelle.,Automne,"découverte culturelle, spa, shopping",Premium,1 semaine,Accessible en voiture uniquement,Quartier calme et bien surveillé
Fès,guest_house,Riad Zayba,34.0628034,-4.9829725,"https://www.google.com/maps?q=34.0628034,-4.9829725",4.7,Un établissement parfait pour un séjour touristique offrant une vue exceptionnelle.,Automne,"spa, découverte culturelle, shopping",Moyen,3-5 jours,Facile d’accès en transport public,Zone touristique sécurisée
Fès,guest_house,Riad Malak,34.0628834,-4.9830476,"https://www.google.com/maps?q=34.0628834,-4.9830476",3.1,Un endroit chaleureux conçu pour offrir confort et praticité proposant un excellent rapport qualité-prix.,Hiver,"sites historiques, excursions guidées, activités de plein air",Moyen,3-5 jours,Accessible en voiture uniquement,Environnement très sécurisé
Fès,guest_house,Dar Mehdi,34.062819,-4.9828572,"https://www.google.com/maps?q=34.0628190,-4.9828572",3.3,Un établissement parfait pour un séjour touristique dans un cadre calme et sécurisé.,Printemps,"excursions guidées, sites historiques, activités de plein air",Luxe,3-5 jours,Proche du centre-ville et des taxis,Quartier calme et bien surveillé
Fès,guest_house,Dar Bouanania,34.0629034,-4.982943,"https://www.google.com/maps?q=34.0629034,-4.9829430",4.8,Un lieu d’accueil adapté aux familles et aux professionnels réputé pour son ambiance conviviale.,Été,"spa, shopping, découverte culturelle",Économique,3-5 jours,Situé près d'une gare ou station,Quartier calme et bien surveillé
Fès,guest_house,Dar Sophia,34.0629745,-4.9830664,"https://www.google.com/maps?q=34.0629745,-4.9830664",4.9,Un lieu d’accueil proche des attractions principales réputé pour son ambiance conviviale.,Hiver,"sports nautiques, plage, randonnées",Luxe,1 semaine,Accessible en voiture uniquement,Zone touristique sécurisée
Fès,guest_house,Dar Nineta,34.0628612,-4.9830101,"https://www.google.com/maps?q=34.0628612,-4.9830101",4.5,Une adresse appréciée conçu pour offrir confort et praticité réputé pour son ambiance conviviale.,Automne,"activités de plein air, excursions guidées, sites historiques",Luxe,10 jours,Proche du centre-ville et des taxis,Quartier calme et bien surveillé
Fès,guest_house,Riad Jaouhara,34.0614103,-4.983069,"https://www.google.com/maps?q=34.0614103,-4.9830690",3.5,Un établissement adapté aux familles et aux professionnels avec un service remarquable.,Automne,"shopping, spa, découverte culturelle",Luxe,1 semaine,Facile d’accès en transport public,Zone touristique sécurisée
Fès,guest_house,Riad Mesbah,34.0613277,-4.9829871,"https://www.google.com/maps?q=34.0613277,-4.9829871",4.9,Un établissement proche des attractions principales offrant une vue exceptionnelle.,Été,"shopping, spa, découverte culturelle",Premium,3-5 jours,Situé près d'une gare ou station,Zone modérément sécurisée
Fès,guest_house,Dar Lala Wafae,34.0609478,-4.9838173,"https://www.google.com/maps?q=34.0609478,-4.9838173",3.2,Un établissement conçu pour offrir confort et praticité avec un service remarquable.,Printemps,"randonnées, plage, sports nautiques",Luxe,2-3 jours,Situé près d'une gare ou station,Quartier calme et bien surveillé
Fès,guest_house,Riad Tahbi,34.0618241,-4.9815396,"https://www.google.com/maps?q=34.0618241,-4.9815396",4.3,Un lieu d’accueil idéal pour les voyageurs avec un service remarquable.,Printemps,"découverte culturelle, shopping, spa",Économique,3-5 jours,Proche du centre-ville et des taxis,Zone touristique sécurisée
Fès,guest_house,Maison d'hotes,34.0616468,-4.9814472,"https://www.google.com/maps?q=34.0616468,-4.9814472",5.0,Une adresse appréciée proche des attractions principales dans un cadre calme et sécurisé.,Automne,"artisanat local, musique traditionnelle, festivals",Économique,2-3 jours,Situé près d'une gare ou station,Zone touristique sécurisée
Fès,guest_house,Riad Fes Yamanda,34.0617513,-4.9804586,"https://www.google.com/maps?q=34.0617513,-4.9804586",4.5,Une adresse appréciée parfait pour un séjour touristique réputé pour son ambiance conviviale.,Été,"gastronomie locale, visite de la médina, musées",Luxe,3-5 jours,Facile d’accès en transport public,Environnement très sécurisé
Fès,guest_house,Riad Annour,34.0617113,-4.9807175,"https://www.google.com/maps?q=34.0617113,-4.9807175",4.0,Un endroit chaleureux proche des attractions principales dans un cadre calme et sécurisé.,Hiver,"artisanat local, musique traditionnelle, festivals",Luxe,10 jours,Proche du centre-ville et des taxis,Zone touristique sécurisée
Fès,guest_house,Riad Mayra,34.0615424,-4.9809267,"https://www.google.com/maps?q=34.0615424,-4.9809267",3.2,Une adresse appréciée proche des attractions principales réputé pour son ambiance conviviale.,Hiver,"shopping, découverte culturelle, spa",Économique,1 semaine,Proche du centre-ville et des taxis,Zone touristique sécurisée
Fès,guest_house,Riad Blanc de Fes,34.0614113,-4.9807362,"https://www.google.com/maps?q=34.0614113,-4.9807362",3.5,Un établissement adapté aux familles et aux professionnels offrant une vue exceptionnelle.,Printemps,"randonnées, plage, sports nautiques",Luxe,10 jours,Accessible en voiture uniquement,Zone touristique sécurisée
Fès,guest_house,Riad Fes,34.0615569,-4.9794653,"https://www.google.com/maps?q=34.0615569,-4.9794653",3.2,Un lieu d’accueil conçu pour offrir confort et praticité dans un cadre calme et sécurisé.,Hiver,"festivals, musique traditionnelle, artisanat local",Premium,2-3 jours,Situé près d'une gare ou station,Quartier calme et bien surveillé
Fès,guest_house,Dar Hafsa,34.0624057,-4.9782637,"https://www.google.com/maps?q=34.0624057,-4.9782637",4.4,Un endroit chaleureux conçu pour offrir confort et praticité réputé pour son ambiance conviviale.,Été,"artisanat local, festivals, musique traditionnelle",Premium,10 jours,Situé près d'une gare ou station,Zone modérément sécurisée
Fès,guest_house,Dar Labchara,34.062679,-4.9788216,"https://www.google.com/maps?q=34.0626790,-4.9788216",4.3,Une adresse appréciée proche des attractions principales dans un cadre calme et sécurisé.,Printemps,"sports nautiques, randonnées, plage",Luxe,10 jours,Situé près d'une gare ou station,Environnement très sécurisé
Fès,guest_house,Dar Arsama,34.0626504,-4.9785066,"https://www.google.com/maps?q=34.0626504,-4.9785066",4.2,Un endroit chaleureux adapté aux familles et aux professionnels offrant une vue exceptionnelle.,Hiver,"shopping, découverte culturelle, spa",Moyen,3-5 jours,Situé près d'une gare ou station,Quartier calme et bien surveillé
Fès,guest_house,Riad Laaroussa,34.0634056,-4.9792615,"https://www.google.com/maps?q=34.0634056,-4.9792615",3.7,Un établissement conçu pour offrir confort et praticité offrant une vue exceptionnelle.,Automne,"excursions guidées, activités de plein air, sites historiques",Moyen,1 semaine,Accessible en voiture uniquement,Quartier calme et bien surveillé
Fès,guest_house,Riad Dar Bennis,34.0634367,-4.9793473,"https://www.google.com/maps?q=34.0634367,-4.9793473",3.6,Un hébergement idéal pour les voyageurs avec un service remarquable.,Hiver,"sports nautiques, plage, randonnées",Premium,3-5 jours,Accessible en voiture uniquement,Environnement très sécurisé
Fès,guest_house,Riad Haj Palace,34.0638745,-4.9784917,"https://www.google.com/maps?q=34.0638745,-4.9784917",4.3,Un établissement conçu pour offrir confort et praticité réputé pour son ambiance conviviale.,Automne,"sites historiques, excursions guidées, activités de plein air",Luxe,3-5 jours,Facile d’accès en transport public,Quartier calme et bien surveillé
Fès,guest_house,Dar Rumi,34.06393,-4.977915,"https://www.google.com/maps?q=34.0639300,-4.9779150",3.3,Un hébergement parfait pour un séjour touristique avec un service remarquable.,Printemps,"excursions guidées, sites historiques, activités de plein air",Moyen,2-3 jours,Accessible en voiture uniquement,Zone touristique sécurisée
Fès,guest_house,Dar Besouda,34.0646588,-4.9770942,"https://www.google.com/maps?q=34.0646588,-4.9770942",3.2,Un endroit chaleureux parfait pour un séjour touristique proposant un excellent rapport qualité-prix.,Hiver,"sites historiques, excursions guidées, activités de plein air",Luxe,1 semaine,Accessible en voiture uniquement,Zone modérément sécurisée
Fès,guest_house,Dar Saray,34.0651632,-4.9770889,"https://www.google.com/maps?q=34.0651632,-4.9770889",4.4,Un endroit chaleureux conçu pour offrir confort et praticité offrant une vue exceptionnelle.,Été,"musées, gastronomie locale, visite de la médina",Luxe,2-3 jours,Facile d’accès en transport public,Quartier calme et bien surveillé
Fès,guest_house,Dar Ain Allo,34.0653055,-4.9755063,"https://www.google.com/maps?q=34.0653055,-4.9755063",4.3,Une adresse appréciée parfait pour un séjour touristique offrant une vue exceptionnelle.,Été,"plage, sports nautiques, randonnées",Premium,2-3 jours,Accessible en voiture uniquement,Quartier calme et bien surveillé
Fès,guest_house,Riad Belghazi,34.0638209,-4.9769637,"https://www.google.com/maps?q=34.0638209,-4.9769637",3.8,Un établissement conçu pour offrir confort et praticité avec un service remarquable.,Printemps,"festivals, musique traditionnelle, artisanat local",Économique,10 jours,Proche du centre-ville et des taxis,Environnement très sécurisé
Fès,guest_house,riad diwan,34.0635642,-4.9773328,"https://www.google.com/maps?q=34.0635642,-4.9773328",4.0,Un établissement conçu pour offrir confort et praticité dans un cadre calme et sécurisé.,Hiver,"musées, gastronomie locale, visite de la médina",Économique,10 jours,Facile d’accès en transport public,Zone modérément sécurisée
Fès,guest_house,Dar Chourouk,34.0625294,-4.9795225,"https://www.google.com/maps?q=34.0625294,-4.9795225",3.7,Un lieu d’accueil idéal pour les voyageurs avec un service remarquable.,Été,"gastronomie locale, musées, visite de la médina",Premium,2-3 jours,Accessible en voiture uniquement,Quartier calme et bien surveillé
Fès,guest_house,Riad Warda,34.0635676,-4.9825138,"https://www.google.com/maps?q=34.0635676,-4.9825138",3.0,Une adresse appréciée parfait pour un séjour touristique proposant un excellent rapport qualité-prix.,Hiver,"plage, sports nautiques, randonnées",Moyen,2-3 jours,Proche du centre-ville et des taxis,Quartier calme et bien surveillé
Fès,guest_house,Riad Nejma,34.0646755,-4.9789913,"https://www.google.com/maps?q=34.0646755,-4.9789913",3.6,Un établissement adapté aux familles et aux professionnels offrant une vue exceptionnelle.,Automne,"découverte culturelle, spa, shopping",Économique,3-5 jours,Situé près d'une gare ou station,Zone touristique sécurisée
Fès,guest_house,Riad Sanae Rose,34.0644511,-4.979104,"https://www.google.com/maps?q=34.0644511,-4.9791040",4.1,Un lieu d’accueil idéal pour les voyageurs proposant un excellent rapport qualité-prix.,Automne,"spa, shopping, découverte culturelle",Premium,1 semaine,Accessible en voiture uniquement,Zone modérément sécurisée
Fès,guest_house,dar drissi,34.0646687,-4.9793514,"https://www.google.com/maps?q=34.0646687,-4.9793514",4.9,Un établissement parfait pour un séjour touristique réputé pour son ambiance conviviale.,Été,"shopping, spa, découverte culturelle",Économique,10 jours,Situé près d'une gare ou station,Quartier calme et bien surveillé
Fès,guest_house,Riad Elkorchi,34.064591,-4.9793166,"https://www.google.com/maps?q=34.0645910,-4.9793166",3.6,Un établissement parfait pour un séjour touristique offrant une vue exceptionnelle.,Automne,"excursions guidées, sites historiques, activités de plein air",Économique,2-3 jours,Proche du centre-ville et des taxis,Environnement très sécurisé
Fès,guest_house,Riad Al Atik,34.064531,-4.9793273,"https://www.google.com/maps?q=34.0645310,-4.9793273",3.4,Une adresse appréciée proche des attractions principales avec un service remarquable.,Été,"artisanat local, festivals, musique traditionnelle",Moyen,1 semaine,Accessible en voiture uniquement,Zone touristique sécurisée
Fès,guest_house,Riad Rajy,34.0645321,-4.9792587,"https://www.google.com/maps?q=34.0645321,-4.9792587",5.0,Un hébergement adapté aux familles et aux professionnels réputé pour son ambiance conviviale.,Été,"festivals, artisanat local, musique traditionnelle",Luxe,2-3 jours,Facile d’accès en transport public,Environnement très sécurisé
Fès,guest_house,Riad Batchisarai,34.0668065,-4.9775029,"https://www.google.com/maps?q=34.0668065,-4.9775029",4.4,Un lieu d’accueil conçu pour offrir confort et praticité dans un cadre calme et sécurisé.,Printemps,"excursions guidées, sites historiques, activités de plein air",Luxe,1 semaine,Situé près d'une gare ou station,Environnement très sécurisé
Fès,guest_house,Riad Outhmane,34.0655662,-4.9776207,"https://www.google.com/maps?q=34.0655662,-4.9776207",4.4,Un hébergement adapté aux familles et aux professionnels offrant une vue exceptionnelle.,Printemps,"festivals, musique traditionnelle, artisanat local",Économique,10 jours,Accessible en voiture uniquement,Environnement très sécurisé
Fès,guest_house,Riad Mfaddal,34.0642641,-4.9768693,"https://www.google.com/maps?q=34.0642641,-4.9768693",3.3,Une adresse appréciée adapté aux familles et aux professionnels dans un cadre calme et sécurisé.,Été,"excursions guidées, sites historiques, activités de plein air",Économique,10 jours,Situé près d'une gare ou station,Zone modérément sécurisée
Fès,guest_house,Dar Seffarine,34.0645012,-4.9724844,"https://www.google.com/maps?q=34.0645012,-4.9724844",4.6,Un hébergement conçu pour offrir confort et praticité offrant une vue exceptionnelle.,Printemps,"gastronomie locale, musées, visite de la médina",Luxe,3-5 jours,Proche du centre-ville et des taxis,Quartier calme et bien surveillé
Fès,guest_house,Riad Sbaa Lawyat,34.0648212,-4.9720365,"https://www.google.com/maps?q=34.0648212,-4.9720365",4.1,Une adresse appréciée idéal pour les voyageurs proposant un excellent rapport qualité-prix.,Hiver,"gastronomie locale, visite de la médina, musées",Premium,10 jours,Situé près d'une gare ou station,Environnement très sécurisé
Fès,guest_house,Riad Melody,34.0609077,-4.9719089,"https://www.google.com/maps?q=34.0609077,-4.9719089",3.6,Un hébergement idéal pour les voyageurs avec un service remarquable.,Été,"sports nautiques, plage, randonnées",Luxe,3-5 jours,Facile d’accès en transport public,Environnement très sécurisé
Fès,guest_house,Dar Tamo,34.062156,-4.9696995,"https://www.google.com/maps?q=34.0621560,-4.9696995",4.0,Un établissement proche des attractions principales proposant un excellent rapport qualité-prix.,Automne,"activités de plein air, sites historiques, excursions guidées",Moyen,1 semaine,Facile d’accès en transport public,Quartier calme et bien surveillé
Fès,guest_house,Riad Dar Guenoun,34.0588331,-4.9749732,"https://www.google.com/maps?q=34.0588331,-4.9749732",4.2,Une adresse appréciée parfait pour un séjour touristique dans un cadre calme et sécurisé.,Hiver,"sports nautiques, plage, randonnées",Luxe,2-3 jours,Proche du centre-ville et des taxis,Environnement très sécurisé
Fès,guest_house,Riad Dar Elbalia,34.0602151,-4.9739139,"https://www.google.com/maps?q=34.0602151,-4.9739139",4.9,Un hébergement idéal pour les voyageurs offrant une vue exceptionnelle.,Printemps,"gastronomie locale, visite de la médina, musées",Moyen,2-3 jours,Accessible en voiture uniquement,Zone modérément sécurisée
Fès,guest_house,Riad Boutique Borj Dahab,34.0605552,-4.9734462,"https://www.google.com/maps?q=34.0605552,-4.9734462",4.0,Un lieu d’accueil parfait pour un séjour touristique réputé pour son ambiance conviviale.,Hiver,"randonnées, sports nautiques, plage",Moyen,1 semaine,Situé près d'une gare ou station,Zone modérément sécurisée
Fès,guest_house,Dar Mfaddel,34.0632467,-4.9767839,"https://www.google.com/maps?q=34.0632467,-4.9767839",3.1,Un hébergement parfait pour un séjour touristique dans un cadre calme et sécurisé.,Été,"visite de la médina, gastronomie locale, musées",Premium,10 jours,Proche du centre-ville et des taxis,Zone touristique sécurisée
Fès,guest_house,Dar Batha,34.0607371,-4.9809121,"https://www.google.com/maps?q=34.0607371,-4.9809121",5.0,Un hébergement conçu pour offrir confort et praticité avec un service remarquable.,Printemps,"festivals, musique traditionnelle, artisanat local",Luxe,10 jours,Situé près d'une gare ou station,Quartier calme et bien surveillé
Fès,guest_house,Fes,34.0574738,-5.0316688,"https://www.google.com/maps?q=34.0574738,-5.0316688",4.3,Un lieu d’accueil parfait pour un séjour touristique réputé pour son ambiance conviviale.,Été,"visite de la médina, gastronomie locale, musées",Moyen,1 semaine,Situé près d'une gare ou station,Environnement très sécurisé
Fès,guest_house,Riad Mouna,34.0649257,-4.9704958,"https://www.google.com/maps?q=34.0649257,-4.9704958",5.0,Un lieu d’accueil idéal pour les voyageurs proposant un excellent rapport qualité-prix.,Automne,"sports nautiques, randonnées, plage",Économique,3-5 jours,Facile d’accès en transport public,Environnement très sécurisé
Fès,guest_house,Riad Tafilalet,34.0687181,-4.9731386,"https://www.google.com/maps?q=34.0687181,-4.9731386",4.2,Un endroit chaleureux adapté aux familles et aux professionnels proposant un excellent rapport qualité-prix.,Automne,"spa, découverte culturelle, shopping",Moyen,3-5 jours,Situé près d'une gare ou station,Quartier calme et bien surveillé
Fès,guest_house,Riad Mikou,34.0608197,-4.9753447,"https://www.google.com/maps?q=34.0608197,-4.9753447",4.5,Un endroit chaleureux adapté aux familles et aux professionnels réputé pour son ambiance conviviale.,Printemps,"festivals, musique traditionnelle, artisanat local",Premium,1 semaine,Situé près d'une gare ou station,Zone touristique sécurisée
Fès,guest_house,Dar Mehdi,34.0628777,-4.9829722,"https://www.google.com/maps?q=34.0628777,-4.9829722",3.7,Une adresse appréciée conçu pour offrir confort et praticité dans un cadre calme et sécurisé.,Automne,"festivals, artisanat local, musique traditionnelle",Premium,3-5 jours,Accessible en voiture uniquement,Quartier calme et bien surveillé
Fès,guest_house,Riad Malak,34.0630391,-4.9830872,"https://www.google.com/maps?q=34.0630391,-4.9830872",4.5,Un hébergement idéal pour les voyageurs dans un cadre calme et sécurisé.,Été,"musées, visite de la médina, gastronomie locale",Moyen,2-3 jours,Proche du centre-ville et des taxis,Environnement très sécurisé
Fès,guest_house,Dar Hidaya,34.0629795,-4.9802439,"https://www.google.com/maps?q=34.0629795,-4.9802439",3.3,Un hébergement proche des attractions principales avec un service remarquable.,Hiver,"artisanat local, festivals, musique traditionnelle",Moyen,10 jours,Situé près d'une gare ou station,Quartier calme et bien surveillé
Fès,guest_house,Riad Tafilalet,34.0691723,-4.9731352,"https://www.google.com/maps?q=34.0691723,-4.9731352",3.5,Un établissement adapté aux familles et aux professionnels offrant une vue exceptionnelle.,Hiver,"sites historiques, excursions guidées, activités de plein air",Économique,2-3 jours,Facile d’accès en transport public,Quartier calme et bien surveillé
Fès,guest_house,Riad Jardin Chrifa,34.0585835,-4.9787525,"https://www.google.com/maps?q=34.0585835,-4.9787525",3.2,Un établissement parfait pour un séjour touristique avec un service remarquable.,Automne,"sports nautiques, plage, randonnées",Luxe,2-3 jours,Proche du centre-ville et des taxis,Environnement très sécurisé
Fès,guest_house,Dar Bensouda,34.0626425,-4.9754468,"https://www.google.com/maps?q=34.0626425,-4.9754468",4.8,Un endroit chaleureux conçu pour offrir confort et praticité dans un cadre calme et sécurisé.,Automne,"activités de plein air, excursions guidées, sites historiques",Économique,2-3 jours,Situé près d'une gare ou station,Zone touristique sécurisée
Fès,guest_house,Riad Tizwa Fes,34.0596004,-4.9802281,"https://www.google.com/maps?q=34.0596004,-4.9802281",3.2,Un hébergement idéal pour les voyageurs réputé pour son ambiance conviviale.,Automne,"artisanat local, festivals, musique traditionnelle",Économique,3-5 jours,Proche du centre-ville et des taxis,Quartier calme et bien surveillé
Fès,guest_house,Riad Scalia,34.0696751,-4.9735934,"https://www.google.com/maps?q=34.0696751,-4.9735934",3.7,Un établissement idéal pour les voyageurs offrant une vue exceptionnelle.,Hiver,"excursions guidées, activités de plein air, sites historiques",Moyen,10 jours,Proche du centre-ville et des taxis,Zone touristique sécurisée
Fès,guest_house,Dar el Hassania,34.0638607,-4.9772678,"https://www.google.com/maps?q=34.0638607,-4.9772678",3.5,Un hébergement conçu pour offrir confort et praticité dans un cadre calme et sécurisé.,Automne,"festivals, artisanat local, musique traditionnelle",Moyen,10 jours,Situé près d'une gare ou station,Quartier calme et bien surveillé
Fès,guest_house,Dar Melyani,34.0646158,-4.979385,"https://www.google.com/maps?q=34.0646158,-4.9793850",4.4,Un endroit chaleureux idéal pour les voyageurs avec un service remarquable.,Hiver,"plage, sports nautiques, randonnées",Luxe,2-3 jours,Accessible en voiture uniquement,Zone modérément sécurisée
Fès,guest_house,Riad Said - رياض سعيد,34.0602354,-4.9789539,"https://www.google.com/maps?q=34.0602354,-4.9789539",4.7,Un établissement conçu pour offrir confort et praticité proposant un excellent rapport qualité-prix.,Printemps,"spa, découverte culturelle, shopping",Moyen,10 jours,Proche du centre-ville et des taxis,Zone touristique sécurisée
Fès,guest_house,Dar Pension Talaa,34.0619966,-4.9824402,"https://www.google.com/maps?q=34.0619966,-4.9824402",3.2,Un établissement adapté aux familles et aux professionnels proposant un excellent rapport qualité-prix.,Été,"plage, sports nautiques, randonnées",Économique,2-3 jours,Facile d’accès en transport public,Zone modérément sécurisée
Fès,guest_house,Dar Abdesalam,34.0597129,-4.9791003,"https://www.google.com/maps?q=34.0597129,-4.9791003",4.1,Un établissement proche des attractions principales offrant une vue exceptionnelle.,Printemps,"activités de plein air, excursions guidées, sites historiques",Moyen,10 jours,Situé près d'une gare ou station,Quartier calme et bien surveillé
Fès,guest_house,Riad Ouliya,34.0617457,-4.9742668,"https://www.google.com/maps?q=34.0617457,-4.9742668",3.2,Un établissement adapté aux familles et aux professionnels réputé pour son ambiance conviviale.,Hiver,"festivals, musique traditionnelle, artisanat local",Économique,3-5 jours,Situé près d'une gare ou station,Quartier calme et bien surveillé
Fès,guest_house,Riad Oumkaltoum,34.0577347,-4.9731843,"https://www.google.com/maps?q=34.0577347,-4.9731843",3.8,Un hébergement parfait pour un séjour touristique offrant une vue exceptionnelle.,Hiver,"sports nautiques, plage, randonnées",Économique,1 semaine,Proche du centre-ville et des taxis,Environnement très sécurisé
Fès,guest_house,Dar Lantana,34.0633767,-4.9824087,"https://www.google.com/maps?q=34.0633767,-4.9824087",5.0,Un hébergement idéal pour les voyageurs proposant un excellent rapport qualité-prix.,Hiver,"sports nautiques, plage, randonnées",Moyen,3-5 jours,Proche du centre-ville et des taxis,Quartier calme et bien surveillé
Fès,guest_house,Riad Le Moucharabieh,34.0626822,-4.9815572,"https://www.google.com/maps?q=34.0626822,-4.9815572",3.4,Un établissement proche des attractions principales proposant un excellent rapport qualité-prix.,Printemps,"plage, randonnées, sports nautiques",Luxe,10 jours,Proche du centre-ville et des taxis,Zone touristique sécurisée
Fès,guest_house,Riad Lune et Soleil,34.0593457,-4.9797281,"https://www.google.com/maps?q=34.0593457,-4.9797281",4.0,Un hébergement proche des attractions principales offrant une vue exceptionnelle.,Été,"excursions guidées, sites historiques, activités de plein air",Luxe,3-5 jours,Accessible en voiture uniquement,Zone touristique sécurisée
Fès,guest_house,Riad Noha,34.0634626,-4.9830261,"https://www.google.com/maps?q=34.0634626,-4.9830261",4.8,Un lieu d’accueil parfait pour un séjour touristique réputé pour son ambiance conviviale.,Hiver,"musique traditionnelle, festivals, artisanat local",Moyen,3-5 jours,Facile d’accès en transport public,Zone touristique sécurisée
Fès,guest_house,Dar Anne,34.0620132,-4.9795746,"https://www.google.com/maps?q=34.0620132,-4.9795746",3.7,Un hébergement conçu pour offrir confort et praticité offrant une vue exceptionnelle.,Printemps,"activités de plein air, excursions guidées, sites historiques",Économique,2-3 jours,Accessible en voiture uniquement,Quartier calme et bien surveillé
Fès,guest_house,Riad Ghita Palace,34.0570639,-4.9731669,"https://www.google.com/maps?q=34.0570639,-4.9731669",5.0,Un établissement idéal pour les voyageurs offrant une vue exceptionnelle.,Printemps,"plage, randonnées, sports nautiques",Économique,2-3 jours,Situé près d'une gare ou station,Environnement très sécurisé
Fès,guest_house,Riad Ibn Khaldoun,34.0593406,-4.9720741,"https://www.google.com/maps?q=34.0593406,-4.9720741",5.0,Un hébergement parfait pour un séjour touristique avec un service remarquable.,Été,"sports nautiques, randonnées, plage",Économique,3-5 jours,Situé près d'une gare ou station,Environnement très sécurisé
Fès,guest_house,Fez Dar,34.0630411,-4.9814466,"https://www.google.com/maps?q=34.0630411,-4.9814466",4.5,Un lieu d’accueil idéal pour les voyageurs dans un cadre calme et sécurisé.,Été,"artisanat local, musique traditionnelle, festivals",Premium,1 semaine,Proche du centre-ville et des taxis,Quartier calme et bien surveillé
Fès,guest_house,Riad Sebti,34.0206994,-4.9995792,"https://www.google.com/maps?q=34.0206994,-4.9995792",3.6,Une adresse appréciée idéal pour les voyageurs offrant une vue exceptionnelle.,Printemps,"festivals, artisanat local, musique traditionnelle",Moyen,3-5 jours,Accessible en voiture uniquement,Zone modérément sécurisée
Fès,guest_house,Dar Sunrise,34.0632096,-4.9813134,"https://www.google.com/maps?q=34.0632096,-4.9813134",3.5,Un hébergement adapté aux familles et aux professionnels avec un service remarquable.,Été,"sites historiques, excursions guidées, activités de plein air",Luxe,2-3 jours,Proche du centre-ville et des taxis,Quartier calme et bien surveillé
Fès,guest_house,Dar aya fes,34.0566179,-4.9732145,"https://www.google.com/maps?q=34.0566179,-4.9732145",4.6,Un lieu d’accueil proche des attractions principales avec un service remarquable.,Automne,"sites historiques, activités de plein air, excursions guidées",Luxe,1 semaine,Situé près d'une gare ou station,Environnement très sécurisé
Fès,guest_house,Ryad Zahra (Bleu ciel),34.0656886,-4.9724793,"https://www.google.com/maps?q=34.0656886,-4.9724793",3.6,Un établissement parfait pour un séjour touristique proposant un excellent rapport qualité-prix.,Été,"découverte culturelle, spa, shopping",Moyen,1 semaine,Accessible en voiture uniquement,Quartier calme et bien surveillé
Fès,guest_house,Maison d'hôtes,34.0572301,-4.9724587,"https://www.google.com/maps?q=34.0572301,-4.9724587",3.6,Un hébergement conçu pour offrir confort et praticité dans un cadre calme et sécurisé.,Hiver,"plage, sports nautiques, randonnées",Luxe,10 jours,Proche du centre-ville et des taxis,Environnement très sécurisé
Fès,guest_house,Dar El Karam,34.0597061,-4.9759106,"https://www.google.com/maps?q=34.0597061,-4.9759106",3.0,Un endroit chaleureux parfait pour un séjour touristique réputé pour son ambiance conviviale.,Hiver,"shopping, spa, découverte culturelle",Premium,3-5 jours,Situé près d'une gare ou station,Zone touristique sécurisée
Fès,guest_house,Riad Safir,34.0613915,-4.970474,"https://www.google.com/maps?q=34.0613915,-4.9704740",3.6,Un établissement proche des attractions principales proposant un excellent rapport qualité-prix.,Printemps,"artisanat local, festivals, musique traditionnelle",Premium,2-3 jours,Accessible en voiture uniquement,Zone modérément sécurisée
Fès,guest_house,RIAD RAZANE FEZ,34.0669322,-4.9678619,"https://www.google.com/maps?q=34.0669322,-4.9678619",4.9,Un endroit chaleureux conçu pour offrir confort et praticité avec un service remarquable.,Été,"randonnées, sports nautiques, plage",Luxe,3-5 jours,Accessible en voiture uniquement,Zone modérément sécurisée
Fès,guest_house,Riad Fes Iline,34.0606897,-4.9801124,"https://www.google.com/maps?q=34.0606897,-4.9801124",4.7,Un hébergement adapté aux familles et aux professionnels réputé pour son ambiance conviviale.,Été,"artisanat local, musique traditionnelle, festivals",Moyen,2-3 jours,Situé près d'une gare ou station,Zone modérément sécurisée
Fès,guest_house,Riad Zamane Fès,34.0597066,-4.9795993,"https://www.google.com/maps?q=34.0597066,-4.9795993",4.3,Un établissement idéal pour les voyageurs offrant une vue exceptionnelle.,Automne,"randonnées, sports nautiques, plage",Premium,10 jours,Proche du centre-ville et des taxis,Zone modérément sécurisée
Fès,guest_house,Riad Rasia,34.0663932,-4.9766781,"https://www.google.com/maps?q=34.0663932,-4.9766781",3.7,Un endroit chaleureux conçu pour offrir confort et praticité réputé pour son ambiance conviviale.,Hiver,"festivals, artisanat local, musique traditionnelle",Économique,10 jours,Facile d’accès en transport public,Environnement très sécurisé
Fès,guest_house,Riad Abadi,34.063122,-4.9750446,"https://www.google.com/maps?q=34.0631220,-4.9750446",3.9,Un établissement idéal pour les voyageurs proposant un excellent rapport qualité-prix.,Hiver,"musées, gastronomie locale, visite de la médina",Premium,2-3 jours,Situé près d'une gare ou station,Zone touristique sécurisée
Fès,guest_house,Casa La Espanola Hotel,34.0589882,-4.9780711,"https://www.google.com/maps?q=34.0589882,-4.9780711",4.8,Un endroit chaleureux idéal pour les voyageurs dans un cadre calme et sécurisé.,Été,"gastronomie locale, musées, visite de la médina",Moyen,3-5 jours,Accessible en voiture uniquement,Zone touristique sécurisée
Fès,guest_house,Riad Kettani,34.0659878,-4.9719383,"https://www.google.com/maps?q=34.0659878,-4.9719383",3.3,Un établissement conçu pour offrir confort et praticité réputé pour son ambiance conviviale.,Été,"activités de plein air, excursions guidées, sites historiques",Luxe,10 jours,Accessible en voiture uniquement,Zone touristique sécurisée
Fès,hostel,Riad Verus,34.0593537,-4.9790184,"https://www.google.com/maps?q=34.0593537,-4.9790184",3.4,Un endroit chaleureux parfait pour un séjour touristique réputé pour son ambiance conviviale.,Printemps,"sites historiques, activités de plein air, excursions guidées",Luxe,10 jours,Proche du centre-ville et des taxis,Zone modérément sécurisée
Fès,hostel,Funky Fes,34.058028,-4.9743782,"https://www.google.com/maps?q=34.0580280,-4.9743782",3.4,Un hébergement parfait pour un séjour touristique avec un service remarquable.,Automne,"visite de la médina, musées, gastronomie locale",Moyen,2-3 jours,Situé près d'une gare ou station,Zone modérément sécurisée
Fès,hostel,palais,34.0602621,-4.9764001,"https://www.google.com/maps?q=34.0602621,-4.9764001",3.0,Un lieu d’accueil adapté aux familles et aux professionnels proposant un excellent rapport qualité-prix.,Été,"musique traditionnelle, artisanat local, festivals",Moyen,3-5 jours,Situé près d'une gare ou station,Zone touristique sécurisée
Fès,hostel,BackHome Fez,34.0588612,-4.9791905,"https://www.google.com/maps?q=34.0588612,-4.9791905",4.7,Un endroit chaleureux parfait pour un séjour touristique proposant un excellent rapport qualité-prix.,Automne,"festivals, musique traditionnelle, artisanat local",Moyen,2-3 jours,Situé près d'une gare ou station,Zone touristique sécurisée
Fès,hostel,Hostel Zohour هوستل الزهور,34.0622738,-4.9817443,"https://www.google.com/maps?q=34.0622738,-4.9817443",4.2,Un hébergement parfait pour un séjour touristique offrant une vue exceptionnelle.,Printemps,"artisanat local, musique traditionnelle, festivals",Premium,2-3 jours,Facile d’accès en transport public,Zone modérément sécurisée
Fès,hostel,Riad Dar Anebar,34.0682666,-4.9732987,"https://www.google.com/maps?q=34.0682666,-4.9732987",4.8,Un établissement conçu pour offrir confort et praticité offrant une vue exceptionnelle.,Automne,"shopping, spa, découverte culturelle",Premium,10 jours,Accessible en voiture uniquement,Quartier calme et bien surveillé
Fès,hostel,dar labchara,34.0633305,-4.9790285,"https://www.google.com/maps?q=34.0633305,-4.9790285",4.2,Un hébergement adapté aux familles et aux professionnels offrant une vue exceptionnelle.,Été,"visite de la médina, gastronomie locale, musées",Économique,10 jours,Proche du centre-ville et des taxis,Zone modérément sécurisée
Fès,hostel,Dar Lalamoune,34.060111,-4.9798493,"https://www.google.com/maps?q=34.0601110,-4.9798493",4.9,Un établissement conçu pour offrir confort et praticité offrant une vue exceptionnelle.,Automne,"shopping, découverte culturelle, spa",Luxe,2-3 jours,Facile d’accès en transport public,Zone touristique sécurisée
Fès,hostel,Dar Nouzha A,34.0632417,-4.9828344,"https://www.google.com/maps?q=34.0632417,-4.9828344",4.2,Un hébergement proche des attractions principales dans un cadre calme et sécurisé.,Hiver,"musées, gastronomie locale, visite de la médina",Moyen,3-5 jours,Facile d’accès en transport public,Zone modérément sécurisée
Fès,hostel,فضاء الامل للاطفال المعاقين دهنيا,34.0598116,-5.0340712,"https://www.google.com/maps?q=34.0598116,-5.0340712",3.6,Un hébergement idéal pour les voyageurs proposant un excellent rapport qualité-prix.,Hiver,"shopping, spa, découverte culturelle",Luxe,3-5 jours,Accessible en voiture uniquement,Zone touristique sécurisée
Fès,hostel,Hostel Amir,34.0612146,-4.9822201,"https://www.google.com/maps?q=34.0612146,-4.9822201",3.6,Un hébergement idéal pour les voyageurs avec un service remarquable.,Printemps,"sports nautiques, plage, randonnées",Luxe,2-3 jours,Facile d’accès en transport public,Zone touristique sécurisée
Fès,hostel,Moroccan Dream Hostel,34.0634467,-4.973794,"https://www.google.com/maps?q=34.0634467,-4.9737940",4.4,Une adresse appréciée proche des attractions principales dans un cadre calme et sécurisé.,Été,"découverte culturelle, spa, shopping",Premium,1 semaine,Facile d’accès en transport public,Quartier calme et bien surveillé
Fès,hostel,Hostel Qwas,34.0630429,-4.9710438,"https://www.google.com/maps?q=34.0630429,-4.9710438",4.4,Un établissement idéal pour les voyageurs réputé pour son ambiance conviviale.,Été,"activités de plein air, sites historiques, excursions guidées",Premium,10 jours,Accessible en voiture uniquement,Environnement très sécurisé
Fès,hostel,El Kasbah,34.0625118,-4.9854375,"https://www.google.com/maps?q=34.0625118,-4.9854375",3.5,Un hébergement adapté aux familles et aux professionnels proposant un excellent rapport qualité-prix.,Été,"musées, visite de la médina, gastronomie locale",Premium,2-3 jours,Accessible en voiture uniquement,Environnement très sécurisé
Fès,hostel,Riad Anass al Ouali,34.0619189,-4.9812539,"https://www.google.com/maps?q=34.0619189,-4.9812539",3.5,Une adresse appréciée adapté aux familles et aux professionnels proposant un excellent rapport qualité-prix.,Hiver,"plage, sports nautiques, randonnées",Premium,1 semaine,Proche du centre-ville et des taxis,Zone modérément sécurisée
Fès,motel,Hotel Barcelo fés Medina,34.0436867,-4.9971712,"https://www.google.com/maps?q=34.0436867,-4.9971712",4.9,Un endroit chaleureux adapté aux familles et aux professionnels offrant une vue exceptionnelle.,Été,"musique traditionnelle, artisanat local, festivals",Premium,2-3 jours,Situé près d'une gare ou station,Zone touristique sécurisée
Fès,motel,Moulin,34.0351885,-4.9964463,"https://www.google.com/maps?q=34.0351885,-4.9964463",3.9,Un établissement parfait pour un séjour touristique avec un service remarquable.,Printemps,"activités de plein air, excursions guidées, sites historiques",Luxe,10 jours,Accessible en voiture uniquement,Zone touristique sécurisée
Fès,motel,Dar Attajalli,34.0657499,-4.9772774,"https://www.google.com/maps?q=34.0657499,-4.9772774",3.4,Un lieu d’accueil conçu pour offrir confort et praticité offrant une vue exceptionnelle.,Printemps,"découverte culturelle, spa, shopping",Moyen,1 semaine,Situé près d'une gare ou station,Quartier calme et bien surveillé
Fès,apartment,Dar Mfaddel,34.0629919,-4.9787983,"https://www.google.com/maps?q=34.0629919,-4.9787983",4.7,Un endroit chaleureux parfait pour un séjour touristique réputé pour son ambiance conviviale.,Automne,"randonnées, plage, sports nautiques",Moyen,10 jours,Accessible en voiture uniquement,Quartier calme et bien surveillé
Fès,apartment,Dar lalamoune,34.0633366,-4.9765775,"https://www.google.com/maps?q=34.0633366,-4.9765775",3.5,Un hébergement proche des attractions principales proposant un excellent rapport qualité-prix.,Été,"découverte culturelle, spa, shopping",Luxe,1 semaine,Accessible en voiture uniquement,Zone touristique sécurisée
Fès,apartment,Residence Laghzaouia,34.0291479,-4.9916899,"https://www.google.com/maps?q=34.0291479,-4.9916899",3.9,Une adresse appréciée adapté aux familles et aux professionnels offrant une vue exceptionnelle.,Été,"visite de la médina, gastronomie locale, musées",Moyen,3-5 jours,Accessible en voiture uniquement,Zone modérément sécurisée
Fès,apartment,Residence idrissi,34.0316999,-5.0051073,"https://www.google.com/maps?q=34.0316999,-5.0051073",4.7,Un lieu d’accueil proche des attractions principales avec un service remarquable.,Hiver,"plage, sports nautiques, randonnées",Économique,3-5 jours,Situé près d'une gare ou station,Zone touristique sécurisée
Fès,apartment,Kevin 61,34.0225567,-5.0358866,"https://www.google.com/maps?q=34.0225567,-5.0358866",4.9,Une adresse appréciée parfait pour un séjour touristique dans un cadre calme et sécurisé.,Hiver,"activités de plein air, excursions guidées, sites historiques",Économique,2-3 jours,Accessible en voiture uniquement,Quartier calme et bien surveillé
Fès,apartment,Kevin appart,34.0223917,-5.0355754,"https://www.google.com/maps?q=34.0223917,-5.0355754",4.3,Un endroit chaleureux adapté aux familles et aux professionnels avec un service remarquable.,Printemps,"festivals, artisanat local, musique traditionnelle",Premium,2-3 jours,Facile d’accès en transport public,Quartier calme et bien surveillé
Fès,apartment,عادل,34.0376243,-5.0140795,"https://www.google.com/maps?q=34.0376243,-5.0140795",3.8,Un établissement proche des attractions principales offrant une vue exceptionnelle.,Printemps,"gastronomie locale, musées, visite de la médina",Moyen,10 jours,Facile d’accès en transport public,Environnement très sécurisé
Fès,apartment,Apartments,34.0611559,-4.9749153,"https://www.google.com/maps?q=34.0611559,-4.9749153",4.8,Une adresse appréciée adapté aux familles et aux professionnels avec un service remarquable.,Hiver,"visite de la médina, gastronomie locale, musées",Économique,1 semaine,Facile d’accès en transport public,Zone touristique sécurisée
Tanger,hotel,Hôtel Andalucia Golf Tanger,35.7779473,-5.8476977,"https://www.google.com/maps?q=35.7779473,-5.8476977",4.9,Un endroit chaleureux idéal pour les voyageurs proposant un excellent rapport qualité-prix.,Été,"artisanat local, musique traditionnelle, festivals",Luxe,3-5 jours,Accessible en voiture uniquement,Environnement très sécurisé
Tanger,hotel,Huza Solazur,35.7767561,-5.7973131,"https://www.google.com/maps?q=35.7767561,-5.7973131",3.3,Un lieu d’accueil parfait pour un séjour touristique dans un cadre calme et sécurisé.,Hiver,"spa, découverte culturelle, shopping",Luxe,1 semaine,Proche du centre-ville et des taxis,Environnement très sécurisé
Tanger,hotel,Rembrandt,35.7798047,-5.8085921,"https://www.google.com/maps?q=35.7798047,-5.8085921",4.9,Un endroit chaleureux adapté aux familles et aux professionnels proposant un excellent rapport qualité-prix.,Hiver,"excursions guidées, activités de plein air, sites historiques",Moyen,10 jours,Situé près d'une gare ou station,Zone touristique sécurisée
Tanger,hotel,El Minzah Hotel,35.7818736,-5.8124092,"https://www.google.com/maps?q=35.7818736,-5.8124092",5.0,Une adresse appréciée proche des attractions principales proposant un excellent rapport qualité-prix.,Printemps,"shopping, spa, découverte culturelle",Économique,10 jours,Facile d’accès en transport public,Environnement très sécurisé
Tanger,hotel,Hotel Etoile du Nord,35.7727956,-5.8158208,"https://www.google.com/maps?q=35.7727956,-5.8158208",3.2,Un lieu d’accueil parfait pour un séjour touristique avec un service remarquable.,Hiver,"activités de plein air, sites historiques, excursions guidées",Luxe,2-3 jours,Facile d’accès en transport public,Quartier calme et bien surveillé
Tanger,hotel,Ramada Encore Hotel,35.7738098,-5.7793194,"https://www.google.com/maps?q=35.7738098,-5.7793194",3.0,Un lieu d’accueil adapté aux familles et aux professionnels proposant un excellent rapport qualité-prix.,Automne,"gastronomie locale, visite de la médina, musées",Luxe,3-5 jours,Facile d’accès en transport public,Zone touristique sécurisée
Tanger,hotel,Atlas Hotel,35.778715,-5.812096,"https://www.google.com/maps?q=35.7787150,-5.8120960",4.3,Un lieu d’accueil idéal pour les voyageurs proposant un excellent rapport qualité-prix.,Automne,"activités de plein air, sites historiques, excursions guidées",Économique,10 jours,Situé près d'une gare ou station,Zone touristique sécurisée
Tanger,hotel,Hotel L'marsa,35.7817169,-5.8076723,"https://www.google.com/maps?q=35.7817169,-5.8076723",4.4,Un hébergement conçu pour offrir confort et praticité réputé pour son ambiance conviviale.,Printemps,"excursions guidées, sites historiques, activités de plein air",Moyen,2-3 jours,Proche du centre-ville et des taxis,Zone touristique sécurisée
Tanger,hotel,Pension Hollanda,35.7814362,-5.8144808,"https://www.google.com/maps?q=35.7814362,-5.8144808",3.1,Une adresse appréciée adapté aux familles et aux professionnels avec un service remarquable.,Hiver,"spa, shopping, découverte culturelle",Moyen,2-3 jours,Situé près d'une gare ou station,Zone modérément sécurisée
Tanger,hotel,Pension Safari,35.7803844,-5.8145883,"https://www.google.com/maps?q=35.7803844,-5.8145883",3.3,Un établissement idéal pour les voyageurs avec un service remarquable.,Printemps,"spa, shopping, découverte culturelle",Moyen,1 semaine,Situé près d'une gare ou station,Environnement très sécurisé
Tanger,hotel,Hotel Royal,35.7825641,-5.8094375,"https://www.google.com/maps?q=35.7825641,-5.8094375",4.4,Un endroit chaleureux conçu pour offrir confort et praticité proposant un excellent rapport qualité-prix.,Automne,"artisanat local, musique traditionnelle, festivals",Premium,1 semaine,Proche du centre-ville et des taxis,Zone touristique sécurisée
Tanger,hotel,Maram,35.7856777,-5.8102185,"https://www.google.com/maps?q=35.7856777,-5.8102185",3.6,Un lieu d’accueil conçu pour offrir confort et praticité avec un service remarquable.,Automne,"artisanat local, festivals, musique traditionnelle",Moyen,3-5 jours,Accessible en voiture uniquement,Environnement très sécurisé
Tanger,hotel,El Djenina,35.7804828,-5.8058373,"https://www.google.com/maps?q=35.7804828,-5.8058373",3.2,Un lieu d’accueil parfait pour un séjour touristique proposant un excellent rapport qualité-prix.,Hiver,"shopping, spa, découverte culturelle",Premium,10 jours,Proche du centre-ville et des taxis,Environnement très sécurisé
Tanger,hotel,Tangerina,35.7889977,-5.8136671,"https://www.google.com/maps?q=35.7889977,-5.8136671",4.1,Un hébergement parfait pour un séjour touristique dans un cadre calme et sécurisé.,Automne,"sites historiques, excursions guidées, activités de plein air",Premium,2-3 jours,Situé près d'une gare ou station,Zone modérément sécurisée
Tanger,hotel,Marco Polo,35.7809993,-5.8063425,"https://www.google.com/maps?q=35.7809993,-5.8063425",2.0,Un hébergement parfait pour un séjour touristique offrant une vue exceptionnelle.,Hiver,"shopping, découverte culturelle, spa",Premium,1 semaine,Facile d’accès en transport public,Zone modérément sécurisée
Tanger,hotel,Dar Nakhla Naciria,35.7860216,-5.8115705,"https://www.google.com/maps?q=35.7860216,-5.8115705",4.5,Un établissement parfait pour un séjour touristique réputé pour son ambiance conviviale.,Printemps,"découverte culturelle, spa, shopping",Économique,3-5 jours,Situé près d'une gare ou station,Quartier calme et bien surveillé
Tanger,hotel,Atlas Almohades Tanger City Center,35.777514,-5.7996655,"https://www.google.com/maps?q=35.7775140,-5.7996655",4.3,Un endroit chaleureux adapté aux familles et aux professionnels offrant une vue exceptionnelle.,Hiver,"sites historiques, excursions guidées, activités de plein air",Luxe,2-3 jours,Facile d’accès en transport public,Environnement très sécurisé
Tanger,hotel,Hotel Mamora Tanger,35.7853591,-5.8097062,"https://www.google.com/maps?q=35.7853591,-5.8097062",3.0,Un lieu d’accueil idéal pour les voyageurs offrant une vue exceptionnelle.,Hiver,"excursions guidées, activités de plein air, sites historiques",Économique,3-5 jours,Facile d’accès en transport public,Quartier calme et bien surveillé
Tanger,hotel,Hotel mauritania center tanger,35.7860966,-5.8104283,"https://www.google.com/maps?q=35.7860966,-5.8104283",4.9,Un endroit chaleureux proche des attractions principales avec un service remarquable.,Été,"sports nautiques, plage, randonnées",Luxe,1 semaine,Proche du centre-ville et des taxis,Environnement très sécurisé
Tanger,hotel,Hotel Magellan,35.781027,-5.8076782,"https://www.google.com/maps?q=35.7810270,-5.8076782",3.8,Un lieu d’accueil conçu pour offrir confort et praticité offrant une vue exceptionnelle.,Automne,"festivals, artisanat local, musique traditionnelle",Économique,1 semaine,Accessible en voiture uniquement,Zone modérément sécurisée
Tanger,hotel,Dar Medina Tanger,35.786641,-5.812604,"https://www.google.com/maps?q=35.7866410,-5.8126040",4.4,Une adresse appréciée adapté aux familles et aux professionnels proposant un excellent rapport qualité-prix.,Hiver,"festivals, artisanat local, musique traditionnelle",Premium,1 semaine,Proche du centre-ville et des taxis,Environnement très sécurisé
Tanger,hotel,La Tangerina,35.7890074,-5.8136072,"https://www.google.com/maps?q=35.7890074,-5.8136072",3.7,Une adresse appréciée parfait pour un séjour touristique réputé pour son ambiance conviviale.,Hiver,"artisanat local, festivals, musique traditionnelle",Premium,10 jours,Accessible en voiture uniquement,Zone touristique sécurisée
Tanger,hotel,Hôtel Olid,35.7853659,-5.8093364,"https://www.google.com/maps?q=35.7853659,-5.8093364",3.8,Un endroit chaleureux idéal pour les voyageurs offrant une vue exceptionnelle.,Été,"gastronomie locale, musées, visite de la médina",Luxe,2-3 jours,Situé près d'une gare ou station,Quartier calme et bien surveillé
Tanger,hotel,Miramonte swimming pool,35.7600779,-5.8003341,"https://www.google.com/maps?q=35.7600779,-5.8003341",3.2,Une adresse appréciée idéal pour les voyageurs proposant un excellent rapport qualité-prix.,Automne,"sports nautiques, plage, randonnées",Luxe,1 semaine,Situé près d'une gare ou station,Quartier calme et bien surveillé
Tanger,hotel,Hotel Nord-Pinus Tanger,35.788976,-5.8134831,"https://www.google.com/maps?q=35.7889760,-5.8134831",3.1,Un lieu d’accueil adapté aux familles et aux professionnels proposant un excellent rapport qualité-prix.,Printemps,"découverte culturelle, shopping, spa",Économique,1 semaine,Proche du centre-ville et des taxis,Quartier calme et bien surveillé
Tanger,hotel,Mövenpick Hotel & Casino Malabata,35.7844235,-5.7634487,"https://www.google.com/maps?q=35.7844235,-5.7634487",4.3,Un lieu d’accueil parfait pour un séjour touristique avec un service remarquable.,Automne,"randonnées, sports nautiques, plage",Luxe,3-5 jours,Situé près d'une gare ou station,Zone modérément sécurisée
Tanger,hotel,Hotel fuentes,35.7854965,-5.8103791,"https://www.google.com/maps?q=35.7854965,-5.8103791",3.3,Un lieu d’accueil idéal pour les voyageurs offrant une vue exceptionnelle.,Été,"gastronomie locale, visite de la médina, musées",Moyen,2-3 jours,Accessible en voiture uniquement,Zone touristique sécurisée
Tanger,hotel,Nahda,35.7855013,-5.8088626,"https://www.google.com/maps?q=35.7855013,-5.8088626",3.9,Un lieu d’accueil adapté aux familles et aux professionnels dans un cadre calme et sécurisé.,Printemps,"shopping, découverte culturelle, spa",Moyen,2-3 jours,Accessible en voiture uniquement,Zone touristique sécurisée
Tanger,hotel,Miramar,35.7791893,-5.802589,"https://www.google.com/maps?q=35.7791893,-5.8025890",4.2,Une adresse appréciée proche des attractions principales avec un service remarquable.,Printemps,"randonnées, plage, sports nautiques",Luxe,1 semaine,Facile d’accès en transport public,Zone touristique sécurisée
Tanger,hotel,Marina Bay,35.7794665,-5.8033747,"https://www.google.com/maps?q=35.7794665,-5.8033747",3.8,Un hébergement conçu pour offrir confort et praticité dans un cadre calme et sécurisé.,Printemps,"musées, gastronomie locale, visite de la médina",Moyen,10 jours,Proche du centre-ville et des taxis,Quartier calme et bien surveillé
Tanger,hotel,Hôtel Tarik,35.7830238,-5.7667589,"https://www.google.com/maps?q=35.7830238,-5.7667589",3.5,Une adresse appréciée proche des attractions principales proposant un excellent rapport qualité-prix.,Automne,"sites historiques, activités de plein air, excursions guidées",Luxe,3-5 jours,Proche du centre-ville et des taxis,Zone touristique sécurisée
Tanger,hotel,Lalla Soulja,35.7875441,-5.8161141,"https://www.google.com/maps?q=35.7875441,-5.8161141",5.0,Un hébergement idéal pour les voyageurs avec un service remarquable.,Printemps,"activités de plein air, excursions guidées, sites historiques",Premium,10 jours,Accessible en voiture uniquement,Quartier calme et bien surveillé
Tanger,hotel,Riad Sultana,35.7864842,-5.8112627,"https://www.google.com/maps?q=35.7864842,-5.8112627",5.0,Un lieu d’accueil proche des attractions principales avec un service remarquable.,Printemps,"sites historiques, excursions guidées, activités de plein air",Moyen,3-5 jours,Proche du centre-ville et des taxis,Environnement très sécurisé
Tanger,hotel,Riad Mokhtar,35.7878895,-5.8159074,"https://www.google.com/maps?q=35.7878895,-5.8159074",4.2,Un lieu d’accueil adapté aux familles et aux professionnels proposant un excellent rapport qualité-prix.,Hiver,"shopping, spa, découverte culturelle",Premium,3-5 jours,Situé près d'une gare ou station,Quartier calme et bien surveillé
Tanger,hotel,Fredj Hotel & Spa,35.781941,-5.8138274,"https://www.google.com/maps?q=35.7819410,-5.8138274",3.3,Un endroit chaleureux parfait pour un séjour touristique offrant une vue exceptionnelle.,Été,"plage, sports nautiques, randonnées",Premium,10 jours,Accessible en voiture uniquement,Zone modérément sécurisée
Tanger,hotel,Kenzi Solazur Hotel,35.776476,-5.797524,"https://www.google.com/maps?q=35.7764760,-5.7975240",4.1,Un endroit chaleureux proche des attractions principales dans un cadre calme et sécurisé.,Automne,"spa, shopping, découverte culturelle",Économique,3-5 jours,Accessible en voiture uniquement,Zone touristique sécurisée
Tanger,hotel,Grand Hôtel Ville de France,35.7823147,-5.8144599,"https://www.google.com/maps?q=35.7823147,-5.8144599",5.0,Un établissement proche des attractions principales réputé pour son ambiance conviviale.,Automne,"shopping, spa, découverte culturelle",Luxe,2-3 jours,Accessible en voiture uniquement,Environnement très sécurisé
Tanger,hotel,Hotel Continental,35.7875082,-5.8095119,"https://www.google.com/maps?q=35.7875082,-5.8095119",4.7,Un établissement proche des attractions principales réputé pour son ambiance conviviale.,Hiver,"shopping, spa, découverte culturelle",Luxe,10 jours,Accessible en voiture uniquement,Environnement très sécurisé
Tanger,hotel,Hotel Rembrandt,35.7799135,-5.8084522,"https://www.google.com/maps?q=35.7799135,-5.8084522",4.5,Un hébergement conçu pour offrir confort et praticité offrant une vue exceptionnelle.,Printemps,"artisanat local, festivals, musique traditionnelle",Premium,1 semaine,Accessible en voiture uniquement,Zone modérément sécurisée
Tanger,hotel,Hotel Ibis Tanger City Center,35.7722727,-5.7831965,"https://www.google.com/maps?q=35.7722727,-5.7831965",3.0,Une adresse appréciée conçu pour offrir confort et praticité dans un cadre calme et sécurisé.,Été,"activités de plein air, excursions guidées, sites historiques",Moyen,10 jours,Facile d’accès en transport public,Quartier calme et bien surveillé
Tanger,hotel,Hilton Garden Inn Tanger City Center,35.7737468,-5.7870486,"https://www.google.com/maps?q=35.7737468,-5.7870486",4.0,Un hébergement idéal pour les voyageurs offrant une vue exceptionnelle.,Été,"sites historiques, activités de plein air, excursions guidées",Économique,10 jours,Situé près d'une gare ou station,Environnement très sécurisé
Tanger,hotel,Hilton Tangier City Center,35.7729192,-5.7861521,"https://www.google.com/maps?q=35.7729192,-5.7861521",5.0,Un endroit chaleureux parfait pour un séjour touristique avec un service remarquable.,Été,"découverte culturelle, spa, shopping",Premium,1 semaine,Facile d’accès en transport public,Quartier calme et bien surveillé
Tanger,hotel,Hotel Chellah,35.7773339,-5.8109016,"https://www.google.com/maps?q=35.7773339,-5.8109016",4.6,Un endroit chaleureux conçu pour offrir confort et praticité dans un cadre calme et sécurisé.,Été,"sports nautiques, plage, randonnées",Premium,2-3 jours,Accessible en voiture uniquement,Quartier calme et bien surveillé
Tanger,hotel,Hotel Atlal,35.7799919,-5.811241,"https://www.google.com/maps?q=35.7799919,-5.8112410",4.0,Une adresse appréciée proche des attractions principales dans un cadre calme et sécurisé.,Hiver,"activités de plein air, sites historiques, excursions guidées",Luxe,1 semaine,Facile d’accès en transport public,Environnement très sécurisé
Tanger,hotel,Hotel Al Haceima,35.7800429,-5.8113403,"https://www.google.com/maps?q=35.7800429,-5.8113403",4.3,Un endroit chaleureux parfait pour un séjour touristique avec un service remarquable.,Printemps,"plage, randonnées, sports nautiques",Économique,1 semaine,Facile d’accès en transport public,Environnement très sécurisé
Tanger,hotel,Hotel Astoria,35.7799894,-5.81185,"https://www.google.com/maps?q=35.7799894,-5.8118500",4.2,Une adresse appréciée adapté aux familles et aux professionnels proposant un excellent rapport qualité-prix.,Hiver,"activités de plein air, sites historiques, excursions guidées",Luxe,3-5 jours,Facile d’accès en transport public,Quartier calme et bien surveillé
Tanger,hotel,Hotel Picasso,35.7798625,-5.8122908,"https://www.google.com/maps?q=35.7798625,-5.8122908",3.5,Une adresse appréciée idéal pour les voyageurs proposant un excellent rapport qualité-prix.,Printemps,"musées, gastronomie locale, visite de la médina",Économique,1 semaine,Accessible en voiture uniquement,Environnement très sécurisé
Tanger,hotel,Atlas Hotel,35.7787449,-5.8118978,"https://www.google.com/maps?q=35.7787449,-5.8118978",4.4,Un hébergement adapté aux familles et aux professionnels réputé pour son ambiance conviviale.,Été,"musées, visite de la médina, gastronomie locale",Luxe,10 jours,Facile d’accès en transport public,Zone touristique sécurisée
Tanger,hotel,Hotel Nezha,35.7769502,-5.8083722,"https://www.google.com/maps?q=35.7769502,-5.8083722",3.1,Une adresse appréciée proche des attractions principales offrant une vue exceptionnelle.,Hiver,"découverte culturelle, spa, shopping",Premium,10 jours,Situé près d'une gare ou station,Zone touristique sécurisée
Tanger,hotel,Hotel Eloumnia Puerto,35.7766258,-5.79934,"https://www.google.com/maps?q=35.7766258,-5.7993400",4.8,Un endroit chaleureux conçu pour offrir confort et praticité avec un service remarquable.,Printemps,"visite de la médina, musées, gastronomie locale",Premium,3-5 jours,Accessible en voiture uniquement,Zone modérément sécurisée
Tanger,hotel,Hôtel César فندق سيزار,35.7760678,-5.777888,"https://www.google.com/maps?q=35.7760678,-5.7778880",4.2,Un hébergement parfait pour un séjour touristique proposant un excellent rapport qualité-prix.,Printemps,"sports nautiques, randonnées, plage",Premium,10 jours,Accessible en voiture uniquement,Zone touristique sécurisée
Tanger,hotel,Flandria,35.7794919,-5.8087019,"https://www.google.com/maps?q=35.7794919,-5.8087019",4.4,Un lieu d’accueil adapté aux familles et aux professionnels offrant une vue exceptionnelle.,Printemps,"shopping, spa, découverte culturelle",Économique,3-5 jours,Facile d’accès en transport public,Zone modérément sécurisée
Tanger,hotel,Hotel Sheherazade,35.7780074,-5.8005218,"https://www.google.com/maps?q=35.7780074,-5.8005218",3.7,Un endroit chaleureux proche des attractions principales avec un service remarquable.,Hiver,"excursions guidées, sites historiques, activités de plein air",Premium,10 jours,Situé près d'une gare ou station,Environnement très sécurisé
Tanger,hotel,Hotel Star,35.7595176,-5.7940826,"https://www.google.com/maps?q=35.7595176,-5.7940826",3.2,Un lieu d’accueil conçu pour offrir confort et praticité réputé pour son ambiance conviviale.,Automne,"visite de la médina, musées, gastronomie locale",Moyen,10 jours,Accessible en voiture uniquement,Zone touristique sécurisée
Tanger,hotel,El Toro Hôtel by Expert Book,35.762731,-5.7964596,"https://www.google.com/maps?q=35.7627310,-5.7964596",3.9,Un endroit chaleureux idéal pour les voyageurs avec un service remarquable.,Hiver,"sites historiques, activités de plein air, excursions guidées",Moyen,2-3 jours,Proche du centre-ville et des taxis,Quartier calme et bien surveillé
Tanger,hotel,royal tulip,35.7732844,-5.7833862,"https://www.google.com/maps?q=35.7732844,-5.7833862",3.6,Un lieu d’accueil idéal pour les voyageurs avec un service remarquable.,Été,"excursions guidées, activités de plein air, sites historiques",Luxe,2-3 jours,Facile d’accès en transport public,Quartier calme et bien surveillé
Tanger,guest_house,Dar Nour,35.7878602,-5.8141884,"https://www.google.com/maps?q=35.7878602,-5.8141884",4.0,Une adresse appréciée idéal pour les voyageurs proposant un excellent rapport qualité-prix.,Été,"sports nautiques, randonnées, plage",Luxe,10 jours,Situé près d'une gare ou station,Zone modérément sécurisée
Tanger,guest_house,Riad Tanja,35.7837408,-5.8109191,"https://www.google.com/maps?q=35.7837408,-5.8109191",4.3,Un endroit chaleureux parfait pour un séjour touristique proposant un excellent rapport qualité-prix.,Été,"randonnées, sports nautiques, plage",Luxe,3-5 jours,Accessible en voiture uniquement,Zone modérément sécurisée
Tanger,guest_house,Dar Jameel,35.7873544,-5.8101049,"https://www.google.com/maps?q=35.7873544,-5.8101049",4.7,Un endroit chaleureux proche des attractions principales avec un service remarquable.,Automne,"visite de la médina, gastronomie locale, musées",Premium,2-3 jours,Facile d’accès en transport public,Zone modérément sécurisée
Tanger,guest_house,Dar Gara,35.7884754,-5.8097706,"https://www.google.com/maps?q=35.7884754,-5.8097706",5.0,Un endroit chaleureux proche des attractions principales avec un service remarquable.,Hiver,"musique traditionnelle, artisanat local, festivals",Premium,2-3 jours,Situé près d'une gare ou station,Zone touristique sécurisée
Tanger,guest_house,Dar Sharif Tanger,35.7872341,-5.8128807,"https://www.google.com/maps?q=35.7872341,-5.8128807",3.9,Un endroit chaleureux idéal pour les voyageurs offrant une vue exceptionnelle.,Automne,"visite de la médina, musées, gastronomie locale",Moyen,3-5 jours,Proche du centre-ville et des taxis,Zone modérément sécurisée
Tanger,guest_house,Villa Adam,35.774458,-5.7761589,"https://www.google.com/maps?q=35.7744580,-5.7761589",3.8,Un hébergement adapté aux familles et aux professionnels avec un service remarquable.,Hiver,"festivals, artisanat local, musique traditionnelle",Premium,1 semaine,Facile d’accès en transport public,Zone modérément sécurisée
Tanger,guest_house,Kasba Blanca,35.7879623,-5.8140388,"https://www.google.com/maps?q=35.7879623,-5.8140388",3.8,Un endroit chaleureux adapté aux familles et aux professionnels offrant une vue exceptionnelle.,Automne,"randonnées, sports nautiques, plage",Premium,10 jours,Proche du centre-ville et des taxis,Quartier calme et bien surveillé
Tanger,guest_house,Dar chams Tanja,35.7876581,-5.8120308,"https://www.google.com/maps?q=35.7876581,-5.8120308",3.0,Un hébergement adapté aux familles et aux professionnels dans un cadre calme et sécurisé.,Été,"spa, découverte culturelle, shopping",Luxe,1 semaine,Accessible en voiture uniquement,Environnement très sécurisé
Tanger,guest_house,Kasba Green,35.7880911,-5.8138844,"https://www.google.com/maps?q=35.7880911,-5.8138844",3.4,Un lieu d’accueil idéal pour les voyageurs avec un service remarquable.,Automne,"shopping, spa, découverte culturelle",Moyen,1 semaine,Proche du centre-ville et des taxis,Environnement très sécurisé
Tanger,guest_house,Guest House Laghrib,35.7877472,-5.8095753,"https://www.google.com/maps?q=35.7877472,-5.8095753",4.8,Un hébergement idéal pour les voyageurs avec un service remarquable.,Printemps,"spa, découverte culturelle, shopping",Moyen,3-5 jours,Situé près d'une gare ou station,Zone modérément sécurisée
Tanger,guest_house,Zoco Riad,35.786763,-5.8110632,"https://www.google.com/maps?q=35.7867630,-5.8110632",4.4,Un endroit chaleureux idéal pour les voyageurs dans un cadre calme et sécurisé.,Automne,"spa, shopping, découverte culturelle",Premium,2-3 jours,Accessible en voiture uniquement,Quartier calme et bien surveillé
Tanger,guest_house,Kasbah Rose,35.7880195,-5.8142125,"https://www.google.com/maps?q=35.7880195,-5.8142125",4.0,Un lieu d’accueil conçu pour offrir confort et praticité dans un cadre calme et sécurisé.,Hiver,"gastronomie locale, musées, visite de la médina",Économique,1 semaine,Facile d’accès en transport public,Environnement très sécurisé
Tanger,guest_house,Dar Tinjaa,35.786893,-5.8117719,"https://www.google.com/maps?q=35.7868930,-5.8117719",3.2,Un hébergement adapté aux familles et aux professionnels offrant une vue exceptionnelle.,Printemps,"plage, randonnées, sports nautiques",Moyen,2-3 jours,Situé près d'une gare ou station,Quartier calme et bien surveillé
Tanger,hostel,Hotel Valencia,35.7825633,-5.8083233,"https://www.google.com/maps?q=35.7825633,-5.8083233",3.4,Un établissement proche des attractions principales réputé pour son ambiance conviviale.,Automne,"musées, visite de la médina, gastronomie locale",Luxe,10 jours,Situé près d'une gare ou station,Zone touristique sécurisée
Tanger,hostel,Pension Gibraltar,35.7818351,-5.8126378,"https://www.google.com/maps?q=35.7818351,-5.8126378",3.8,Un établissement conçu pour offrir confort et praticité proposant un excellent rapport qualité-prix.,Automne,"sites historiques, excursions guidées, activités de plein air",Luxe,2-3 jours,Facile d’accès en transport public,Environnement très sécurisé
Tanger,hostel,Tangiers Hostel,35.7872155,-5.8135537,"https://www.google.com/maps?q=35.7872155,-5.8135537",3.8,Une adresse appréciée conçu pour offrir confort et praticité proposant un excellent rapport qualité-prix.,Hiver,"sites historiques, activités de plein air, excursions guidées",Premium,10 jours,Facile d’accès en transport public,Zone touristique sécurisée
Tanger,hostel,Riad Arous Chamel,35.7870906,-5.811487,"https://www.google.com/maps?q=35.7870906,-5.8114870",3.4,Un lieu d’accueil conçu pour offrir confort et praticité proposant un excellent rapport qualité-prix.,Printemps,"shopping, découverte culturelle, spa",Premium,1 semaine,Situé près d'une gare ou station,Environnement très sécurisé
Tanger,hostel,Tangier Kasbah Hostel,35.7878939,-5.8124122,"https://www.google.com/maps?q=35.7878939,-5.8124122",4.7,Un endroit chaleureux adapté aux familles et aux professionnels avec un service remarquable.,Automne,"gastronomie locale, visite de la médina, musées",Économique,1 semaine,Accessible en voiture uniquement,Zone modérément sécurisée
Tanger,hostel,Diafa hostel,35.7876892,-5.8248124,"https://www.google.com/maps?q=35.7876892,-5.8248124",3.8,Un lieu d’accueil conçu pour offrir confort et praticité avec un service remarquable.,Été,"activités de plein air, sites historiques, excursions guidées",Premium,10 jours,Situé près d'une gare ou station,Environnement très sécurisé
Tanger,hostel,Baytalice,35.7843595,-5.8100625,"https://www.google.com/maps?q=35.7843595,-5.8100625",4.9,Un hébergement conçu pour offrir confort et praticité proposant un excellent rapport qualité-prix.,Automne,"spa, shopping, découverte culturelle",Premium,1 semaine,Proche du centre-ville et des taxis,Zone touristique sécurisée
Tanger,hostel,The Riad Hostel Tangier,35.7873539,-5.8102954,"https://www.google.com/maps?q=35.7873539,-5.8102954",3.4,Un lieu d’accueil proche des attractions principales réputé pour son ambiance conviviale.,Été,"excursions guidées, sites historiques, activités de plein air",Premium,10 jours,Accessible en voiture uniquement,Zone touristique sécurisée
Tanger,hostel,Socco Hostel,35.7863111,-5.8099448,"https://www.google.com/maps?q=35.7863111,-5.8099448",4.2,Un endroit chaleureux idéal pour les voyageurs réputé pour son ambiance conviviale.,Printemps,"randonnées, sports nautiques, plage",Luxe,10 jours,Proche du centre-ville et des taxis,Environnement très sécurisé
Tanger,hostel,TanjaLucia Hostel,35.7853861,-5.8122175,"https://www.google.com/maps?q=35.7853861,-5.8122175",4.5,Un hébergement parfait pour un séjour touristique offrant une vue exceptionnelle.,Hiver,"sports nautiques, randonnées, plage",Premium,3-5 jours,Accessible en voiture uniquement,Zone modérément sécurisée
Tanger,hostel,Banana Hostel,35.7883334,-5.8099613,"https://www.google.com/maps?q=35.7883334,-5.8099613",3.7,Une adresse appréciée parfait pour un séjour touristique proposant un excellent rapport qualité-prix.,Automne,"sites historiques, excursions guidées, activités de plein air",Premium,1 semaine,Proche du centre-ville et des taxis,Zone touristique sécurisée
Tanger,apartment,Airbnb,35.78613,-5.8096591,"https://www.google.com/maps?q=35.7861300,-5.8096591",4.8,Un établissement conçu pour offrir confort et praticité proposant un excellent rapport qualité-prix.,Été,"découverte culturelle, spa, shopping",Économique,2-3 jours,Proche du centre-ville et des taxis,Environnement très sécurisé
Tanger,apartment,Les belles Residences (E),35.7701808,-5.7910846,"https://www.google.com/maps?q=35.7701808,-5.7910846",3.2,Un établissement idéal pour les voyageurs réputé pour son ambiance conviviale.,Été,"sites historiques, activités de plein air, excursions guidées",Économique,3-5 jours,Facile d’accès en transport public,Quartier calme et bien surveillé
Agadir,hotel,Odyssee,30.4188019,-9.6021098,"https://www.google.com/maps?q=30.4188019,-9.6021098",3.5,Un lieu d’accueil idéal pour les voyageurs proposant un excellent rapport qualité-prix.,Hiver,"artisanat local, festivals, musique traditionnelle",Premium,2-3 jours,Accessible en voiture uniquement,Environnement très sécurisé
Agadir,hotel,New Farah Hotel,30.4179965,-9.5948106,"https://www.google.com/maps?q=30.4179965,-9.5948106",4.2,Un endroit chaleureux proche des attractions principales proposant un excellent rapport qualité-prix.,Automne,"plage, randonnées, sports nautiques",Luxe,1 semaine,Proche du centre-ville et des taxis,Zone modérément sécurisée
Agadir,hotel,Hotel Atlas,30.4214681,-9.5951843,"https://www.google.com/maps?q=30.4214681,-9.5951843",4.9,Un endroit chaleureux parfait pour un séjour touristique avec un service remarquable.,Printemps,"activités de plein air, sites historiques, excursions guidées",Luxe,1 semaine,Accessible en voiture uniquement,Quartier calme et bien surveillé
Agadir,hotel,Senator Agadir Hotel,30.4103149,-9.5829455,"https://www.google.com/maps?q=30.4103149,-9.5829455",3.4,Un lieu d’accueil proche des attractions principales offrant une vue exceptionnelle.,Été,"musées, visite de la médina, gastronomie locale",Économique,2-3 jours,Proche du centre-ville et des taxis,Environnement très sécurisé
Agadir,hotel,Residence Isni,30.4182796,-9.5941731,"https://www.google.com/maps?q=30.4182796,-9.5941731",3.5,Une adresse appréciée adapté aux familles et aux professionnels avec un service remarquable.,Printemps,"visite de la médina, gastronomie locale, musées",Économique,2-3 jours,Accessible en voiture uniquement,Quartier calme et bien surveillé
Agadir,hotel,Golden Beach Apart,30.4006017,-9.5971014,"https://www.google.com/maps?q=30.4006017,-9.5971014",3.9,Un établissement conçu pour offrir confort et praticité avec un service remarquable.,Hiver,"festivals, musique traditionnelle, artisanat local",Premium,3-5 jours,Accessible en voiture uniquement,Quartier calme et bien surveillé
Agadir,hotel,Hotel Adrar Sahara Agadir,30.4125552,-9.5975228,"https://www.google.com/maps?q=30.4125552,-9.5975228",4.5,Un lieu d’accueil adapté aux familles et aux professionnels proposant un excellent rapport qualité-prix.,Hiver,"activités de plein air, sites historiques, excursions guidées",Moyen,10 jours,Proche du centre-ville et des taxis,Zone touristique sécurisée
Agadir,hotel,Hotel Coralia Club Agadir La Kasbah,30.4116233,-9.5981061,"https://www.google.com/maps?q=30.4116233,-9.5981061",3.9,Une adresse appréciée parfait pour un séjour touristique avec un service remarquable.,Automne,"sports nautiques, plage, randonnées",Premium,2-3 jours,Accessible en voiture uniquement,Environnement très sécurisé
Agadir,hotel,Hotel Mabrouk,30.4129843,-9.5987884,"https://www.google.com/maps?q=30.4129843,-9.5987884",3.1,Un hébergement conçu pour offrir confort et praticité proposant un excellent rapport qualité-prix.,Printemps,"visite de la médina, gastronomie locale, musées",Premium,1 semaine,Situé près d'une gare ou station,Environnement très sécurisé
Agadir,hotel,Hotel Royal,30.4119857,-9.5969341,"https://www.google.com/maps?q=30.4119857,-9.5969341",4.5,Un établissement conçu pour offrir confort et praticité proposant un excellent rapport qualité-prix.,Automne,"festivals, artisanat local, musique traditionnelle",Économique,1 semaine,Proche du centre-ville et des taxis,Zone modérément sécurisée
Agadir,hotel,Boutique Hotel Tagadirt,30.4150193,-9.6009618,"https://www.google.com/maps?q=30.4150193,-9.6009618",4.2,Un établissement idéal pour les voyageurs réputé pour son ambiance conviviale.,Printemps,"excursions guidées, sites historiques, activités de plein air",Premium,2-3 jours,Situé près d'une gare ou station,Environnement très sécurisé
Agadir,hotel,Hotel Itrane,30.4220464,-9.5958884,"https://www.google.com/maps?q=30.4220464,-9.5958884",3.5,Un hébergement idéal pour les voyageurs dans un cadre calme et sécurisé.,Été,"artisanat local, festivals, musique traditionnelle",Premium,10 jours,Situé près d'une gare ou station,Quartier calme et bien surveillé
Agadir,hotel,Beach Albatros,30.4195366,-9.6036817,"https://www.google.com/maps?q=30.4195366,-9.6036817",3.7,Un établissement conçu pour offrir confort et praticité offrant une vue exceptionnelle.,Hiver,"sites historiques, activités de plein air, excursions guidées",Moyen,1 semaine,Accessible en voiture uniquement,Zone touristique sécurisée
Agadir,hotel,Hôtel Argana,30.4134319,-9.5982131,"https://www.google.com/maps?q=30.4134319,-9.5982131",3.8,Un hébergement idéal pour les voyageurs réputé pour son ambiance conviviale.,Printemps,"découverte culturelle, shopping, spa",Premium,3-5 jours,Situé près d'une gare ou station,Environnement très sécurisé
Agadir,hotel,Riad Les Chtis d'Agadir,30.4171173,-9.588974,"https://www.google.com/maps?q=30.4171173,-9.5889740",3.5,Un établissement adapté aux familles et aux professionnels réputé pour son ambiance conviviale.,Automne,"musique traditionnelle, festivals, artisanat local",Luxe,3-5 jours,Situé près d'une gare ou station,Zone touristique sécurisée
Agadir,hotel,Hotel Ait Laayoune,30.4251476,-9.5928217,"https://www.google.com/maps?q=30.4251476,-9.5928217",4.7,Un établissement proche des attractions principales dans un cadre calme et sécurisé.,Été,"gastronomie locale, visite de la médina, musées",Moyen,1 semaine,Accessible en voiture uniquement,Zone touristique sécurisée
Agadir,hotel,Hotel Excelsior,30.4253141,-9.5930872,"https://www.google.com/maps?q=30.4253141,-9.5930872",3.0,Un lieu d’accueil parfait pour un séjour touristique proposant un excellent rapport qualité-prix.,Hiver,"spa, découverte culturelle, shopping",Économique,3-5 jours,Situé près d'une gare ou station,Environnement très sécurisé
Agadir,hotel,El Pueblo Tamlelt,30.4077973,-9.5982125,"https://www.google.com/maps?q=30.4077973,-9.5982125",3.6,Un endroit chaleureux parfait pour un séjour touristique proposant un excellent rapport qualité-prix.,Été,"découverte culturelle, shopping, spa",Luxe,2-3 jours,Proche du centre-ville et des taxis,Environnement très sécurisé
Agadir,hotel,La Porte Des Etoiles,30.4098401,-9.5521292,"https://www.google.com/maps?q=30.4098401,-9.5521292",4.1,Un lieu d’accueil parfait pour un séjour touristique dans un cadre calme et sécurisé.,Automne,"excursions guidées, sites historiques, activités de plein air",Économique,1 semaine,Facile d’accès en transport public,Zone touristique sécurisée
Agadir,hotel,Oasis,30.4228614,-9.6069114,"https://www.google.com/maps?q=30.4228614,-9.6069114",4.0,Une adresse appréciée adapté aux familles et aux professionnels dans un cadre calme et sécurisé.,Automne,"activités de plein air, sites historiques, excursions guidées",Premium,2-3 jours,Accessible en voiture uniquement,Zone modérément sécurisée
Agadir,hotel,Hotel Massa,30.424663,-9.5927274,"https://www.google.com/maps?q=30.4246630,-9.5927274",4.4,Une adresse appréciée proche des attractions principales réputé pour son ambiance conviviale.,Automne,"festivals, artisanat local, musique traditionnelle",Moyen,3-5 jours,Accessible en voiture uniquement,Quartier calme et bien surveillé
Agadir,hotel,Hotel Tiznine,30.4216329,-9.5950584,"https://www.google.com/maps?q=30.4216329,-9.5950584",4.2,Un lieu d’accueil proche des attractions principales réputé pour son ambiance conviviale.,Automne,"sites historiques, excursions guidées, activités de plein air",Moyen,3-5 jours,Accessible en voiture uniquement,Environnement très sécurisé
Agadir,hotel,Hotel Sindibad,30.4246962,-9.5929787,"https://www.google.com/maps?q=30.4246962,-9.5929787",2.0,Un lieu d’accueil parfait pour un séjour touristique dans un cadre calme et sécurisé.,Été,"activités de plein air, sites historiques, excursions guidées",Économique,3-5 jours,Proche du centre-ville et des taxis,Zone modérément sécurisée
Agadir,hotel,Hotel Tilado,30.4092152,-9.5582144,"https://www.google.com/maps?q=30.4092152,-9.5582144",4.2,Un lieu d’accueil adapté aux familles et aux professionnels proposant un excellent rapport qualité-prix.,Automne,"visite de la médina, musées, gastronomie locale",Économique,1 semaine,Situé près d'une gare ou station,Zone touristique sécurisée
Agadir,hotel,Hotel Petite Suede,30.4231807,-9.6036677,"https://www.google.com/maps?q=30.4231807,-9.6036677",4.8,Un hébergement conçu pour offrir confort et praticité avec un service remarquable.,Automne,"sites historiques, excursions guidées, activités de plein air",Économique,3-5 jours,Situé près d'une gare ou station,Zone touristique sécurisée
Agadir,hotel,Dar Agadir,30.40069,-9.5524067,"https://www.google.com/maps?q=30.4006900,-9.5524067",5.0,Une adresse appréciée adapté aux familles et aux professionnels dans un cadre calme et sécurisé.,Printemps,"activités de plein air, sites historiques, excursions guidées",Moyen,3-5 jours,Situé près d'une gare ou station,Quartier calme et bien surveillé
Agadir,hotel,Anezi Tower,30.4169263,-9.6001617,"https://www.google.com/maps?q=30.4169263,-9.6001617",3.3,Une adresse appréciée idéal pour les voyageurs proposant un excellent rapport qualité-prix.,Printemps,"sites historiques, excursions guidées, activités de plein air",Luxe,3-5 jours,Situé près d'une gare ou station,Quartier calme et bien surveillé
Agadir,hotel,Hotel Tamri,30.4234456,-9.595754,"https://www.google.com/maps?q=30.4234456,-9.5957540",3.0,Un endroit chaleureux idéal pour les voyageurs dans un cadre calme et sécurisé.,Hiver,"randonnées, plage, sports nautiques",Luxe,10 jours,Situé près d'une gare ou station,Zone modérément sécurisée
Agadir,hotel,Assaka,30.4191566,-9.5982837,"https://www.google.com/maps?q=30.4191566,-9.5982837",3.4,Une adresse appréciée proche des attractions principales dans un cadre calme et sécurisé.,Hiver,"musique traditionnelle, artisanat local, festivals",Moyen,2-3 jours,Situé près d'une gare ou station,Environnement très sécurisé
Agadir,hotel,Hotel Diaf,30.4233112,-9.5940788,"https://www.google.com/maps?q=30.4233112,-9.5940788",4.8,Un hébergement conçu pour offrir confort et praticité proposant un excellent rapport qualité-prix.,Printemps,"festivals, artisanat local, musique traditionnelle",Moyen,3-5 jours,Facile d’accès en transport public,Zone touristique sécurisée
Agadir,hotel,Kenzi Europa,30.4171556,-9.6028382,"https://www.google.com/maps?q=30.4171556,-9.6028382",4.1,Un endroit chaleureux adapté aux familles et aux professionnels proposant un excellent rapport qualité-prix.,Automne,"activités de plein air, sites historiques, excursions guidées",Luxe,1 semaine,Facile d’accès en transport public,Quartier calme et bien surveillé
Agadir,hotel,Kenzi Europa,30.4170836,-9.6029334,"https://www.google.com/maps?q=30.4170836,-9.6029334",4.4,Un hébergement proche des attractions principales avec un service remarquable.,Hiver,"spa, découverte culturelle, shopping",Premium,10 jours,Accessible en voiture uniquement,Zone modérément sécurisée
Agadir,hotel,Marmara Les Jardins,30.4059388,-9.5974836,"https://www.google.com/maps?q=30.4059388,-9.5974836",3.3,Un endroit chaleureux parfait pour un séjour touristique réputé pour son ambiance conviviale.,Été,"sites historiques, excursions guidées, activités de plein air",Moyen,10 jours,Facile d’accès en transport public,Zone modérément sécurisée
Agadir,hotel,Residence Yasmina,30.418691,-9.5982691,"https://www.google.com/maps?q=30.4186910,-9.5982691",4.8,Une adresse appréciée idéal pour les voyageurs proposant un excellent rapport qualité-prix.,Automne,"gastronomie locale, visite de la médina, musées",Premium,1 semaine,Facile d’accès en transport public,Quartier calme et bien surveillé
Agadir,hotel,Appart Hotel Fleurie,30.4183115,-9.5945311,"https://www.google.com/maps?q=30.4183115,-9.5945311",4.2,Une adresse appréciée parfait pour un séjour touristique réputé pour son ambiance conviviale.,Printemps,"randonnées, sports nautiques, plage",Moyen,10 jours,Facile d’accès en transport public,Quartier calme et bien surveillé
Agadir,hotel,Hotel Transatlantique,30.4144713,-9.5990065,"https://www.google.com/maps?q=30.4144713,-9.5990065",3.0,Un endroit chaleureux conçu pour offrir confort et praticité offrant une vue exceptionnelle.,Printemps,"sports nautiques, plage, randonnées",Luxe,10 jours,Accessible en voiture uniquement,Zone touristique sécurisée
Agadir,hotel,Sahara Hotel,30.4116816,-9.5962331,"https://www.google.com/maps?q=30.4116816,-9.5962331",4.0,Un endroit chaleureux conçu pour offrir confort et praticité dans un cadre calme et sécurisé.,Automne,"gastronomie locale, visite de la médina, musées",Luxe,1 semaine,Facile d’accès en transport public,Zone modérément sécurisée
Agadir,hotel,Agadirinou House,30.4222655,-9.5899952,"https://www.google.com/maps?q=30.4222655,-9.5899952",3.3,Une adresse appréciée conçu pour offrir confort et praticité dans un cadre calme et sécurisé.,Été,"plage, randonnées, sports nautiques",Moyen,10 jours,Facile d’accès en transport public,Environnement très sécurisé
Agadir,hotel,Zephyr Agadir,30.4006044,-9.5877769,"https://www.google.com/maps?q=30.4006044,-9.5877769",3.2,Un hébergement adapté aux familles et aux professionnels avec un service remarquable.,Printemps,"sports nautiques, plage, randonnées",Économique,3-5 jours,Facile d’accès en transport public,Zone modérément sécurisée
Agadir,hotel,Suite Hotel Tilila,30.422126,-9.605306,"https://www.google.com/maps?q=30.4221260,-9.6053060",4.5,Un endroit chaleureux parfait pour un séjour touristique offrant une vue exceptionnelle.,Printemps,"randonnées, plage, sports nautiques",Premium,1 semaine,Situé près d'une gare ou station,Quartier calme et bien surveillé
Agadir,hotel,Caribbean Village Agador,30.4101527,-9.5976292,"https://www.google.com/maps?q=30.4101527,-9.5976292",3.2,Un lieu d’accueil adapté aux familles et aux professionnels dans un cadre calme et sécurisé.,Hiver,"visite de la médina, gastronomie locale, musées",Premium,3-5 jours,Facile d’accès en transport public,Zone touristique sécurisée
Agadir,hotel,Hotel el Bahia,30.4236651,-9.5931401,"https://www.google.com/maps?q=30.4236651,-9.5931401",3.0,Une adresse appréciée parfait pour un séjour touristique avec un service remarquable.,Hiver,"découverte culturelle, shopping, spa",Premium,2-3 jours,Proche du centre-ville et des taxis,Zone touristique sécurisée
Agadir,hotel,Hotel Canaria,30.4244269,-9.5924558,"https://www.google.com/maps?q=30.4244269,-9.5924558",4.5,Un établissement idéal pour les voyageurs dans un cadre calme et sécurisé.,Automne,"shopping, spa, découverte culturelle",Premium,1 semaine,Facile d’accès en transport public,Zone modérément sécurisée
Agadir,hotel,ALHAMRA,30.4133035,-9.5723173,"https://www.google.com/maps?q=30.4133035,-9.5723173",4.6,Un établissement idéal pour les voyageurs dans un cadre calme et sécurisé.,Été,"gastronomie locale, visite de la médina, musées",Moyen,10 jours,Accessible en voiture uniquement,Quartier calme et bien surveillé
Agadir,hotel,Kamal city center,30.4195906,-9.5987745,"https://www.google.com/maps?q=30.4195906,-9.5987745",4.4,Un établissement conçu pour offrir confort et praticité réputé pour son ambiance conviviale.,Automne,"sites historiques, activités de plein air, excursions guidées",Économique,1 semaine,Proche du centre-ville et des taxis,Zone touristique sécurisée
Agadir,hotel,Hotel Riu Tikida Beach,30.4024942,-9.5994291,"https://www.google.com/maps?q=30.4024942,-9.5994291",4.0,Un hébergement adapté aux familles et aux professionnels offrant une vue exceptionnelle.,Été,"musique traditionnelle, artisanat local, festivals",Luxe,2-3 jours,Accessible en voiture uniquement,Quartier calme et bien surveillé
Agadir,hotel,Labranda Amadil Beach,30.4033609,-9.6001834,"https://www.google.com/maps?q=30.4033609,-9.6001834",4.0,Un endroit chaleureux conçu pour offrir confort et praticité avec un service remarquable.,Hiver,"randonnées, plage, sports nautiques",Premium,2-3 jours,Facile d’accès en transport public,Zone modérément sécurisée
Agadir,hotel,Les Dunes d'Or,30.4052157,-9.5999171,"https://www.google.com/maps?q=30.4052157,-9.5999171",4.4,Une adresse appréciée adapté aux familles et aux professionnels offrant une vue exceptionnelle.,Printemps,"plage, randonnées, sports nautiques",Moyen,2-3 jours,Situé près d'une gare ou station,Environnement très sécurisé
Agadir,hotel,Residence Rihab,30.4098177,-9.6013925,"https://www.google.com/maps?q=30.4098177,-9.6013925",3.4,Un lieu d’accueil adapté aux familles et aux professionnels dans un cadre calme et sécurisé.,Été,"découverte culturelle, spa, shopping",Luxe,1 semaine,Accessible en voiture uniquement,Quartier calme et bien surveillé
Agadir,hotel,Club Med Agadir,30.4133,-9.6027198,"https://www.google.com/maps?q=30.4133000,-9.6027198",4.8,Un endroit chaleureux proche des attractions principales proposant un excellent rapport qualité-prix.,Hiver,"visite de la médina, musées, gastronomie locale",Économique,2-3 jours,Facile d’accès en transport public,Quartier calme et bien surveillé
Agadir,hotel,The View Agadir,30.415524,-9.6035291,"https://www.google.com/maps?q=30.4155240,-9.6035291",5.0,Un établissement proche des attractions principales offrant une vue exceptionnelle.,Été,"excursions guidées, activités de plein air, sites historiques",Moyen,3-5 jours,Facile d’accès en transport public,Environnement très sécurisé
Agadir,hotel,Royal Decameron Tafoukt Beach Resort,30.4166309,-9.6042715,"https://www.google.com/maps?q=30.4166309,-9.6042715",4.0,Un hébergement conçu pour offrir confort et praticité réputé pour son ambiance conviviale.,Hiver,"découverte culturelle, shopping, spa",Premium,2-3 jours,Facile d’accès en transport public,Zone touristique sécurisée
Agadir,hotel,Hotel Aferni,30.4245429,-9.601552,"https://www.google.com/maps?q=30.4245429,-9.6015520",4.3,Un lieu d’accueil proche des attractions principales dans un cadre calme et sécurisé.,Hiver,"visite de la médina, gastronomie locale, musées",Premium,3-5 jours,Proche du centre-ville et des taxis,Environnement très sécurisé
Agadir,hotel,Hotel Riu Palace Tikida Agadir,30.4079552,-9.6003929,"https://www.google.com/maps?q=30.4079552,-9.6003929",5.0,Un établissement parfait pour un séjour touristique réputé pour son ambiance conviviale.,Été,"gastronomie locale, musées, visite de la médina",Luxe,2-3 jours,Accessible en voiture uniquement,Environnement très sécurisé
Agadir,hotel,Hotel Riu Tikida Beach,30.4020881,-9.599403,"https://www.google.com/maps?q=30.4020881,-9.5994030",4.0,Un lieu d’accueil adapté aux familles et aux professionnels proposant un excellent rapport qualité-prix.,Été,"activités de plein air, sites historiques, excursions guidées",Moyen,10 jours,Accessible en voiture uniquement,Environnement très sécurisé
Agadir,hotel,Al Moggar,30.4224423,-9.6093658,"https://www.google.com/maps?q=30.4224423,-9.6093658",3.5,Un hébergement adapté aux familles et aux professionnels dans un cadre calme et sécurisé.,Été,"shopping, spa, découverte culturelle",Moyen,3-5 jours,Proche du centre-ville et des taxis,Zone touristique sécurisée
Agadir,hotel,Atlantic,30.4193518,-9.5976166,"https://www.google.com/maps?q=30.4193518,-9.5976166",4.5,Une adresse appréciée conçu pour offrir confort et praticité dans un cadre calme et sécurisé.,Hiver,"musées, gastronomie locale, visite de la médina",Moyen,2-3 jours,Situé près d'une gare ou station,Environnement très sécurisé
Agadir,hotel,Atlantic Palace Casino & Resort,30.4050064,-9.5958211,"https://www.google.com/maps?q=30.4050064,-9.5958211",5.0,Un endroit chaleureux proche des attractions principales dans un cadre calme et sécurisé.,Hiver,"artisanat local, musique traditionnelle, festivals",Moyen,2-3 jours,Situé près d'une gare ou station,Environnement très sécurisé
Agadir,hotel,Tildi Hotel & Spa,30.4233971,-9.6065322,"https://www.google.com/maps?q=30.4233971,-9.6065322",3.3,Un établissement proche des attractions principales offrant une vue exceptionnelle.,Automne,"sports nautiques, plage, randonnées",Premium,10 jours,Accessible en voiture uniquement,Environnement très sécurisé
Agadir,hotel,Hotel Marhaba,30.4222393,-9.6059843,"https://www.google.com/maps?q=30.4222393,-9.6059843",3.0,Un lieu d’accueil proche des attractions principales proposant un excellent rapport qualité-prix.,Hiver,"sports nautiques, randonnées, plage",Luxe,2-3 jours,Facile d’accès en transport public,Zone touristique sécurisée
Agadir,hotel,Hotel Anezi,30.4167451,-9.6011863,"https://www.google.com/maps?q=30.4167451,-9.6011863",3.3,Une adresse appréciée conçu pour offrir confort et praticité réputé pour son ambiance conviviale.,Été,"musique traditionnelle, festivals, artisanat local",Moyen,2-3 jours,Situé près d'une gare ou station,Zone modérément sécurisée
Agadir,hotel,Résidence sacha,30.4187801,-9.5988351,"https://www.google.com/maps?q=30.4187801,-9.5988351",3.4,Un hébergement idéal pour les voyageurs avec un service remarquable.,Automne,"musique traditionnelle, festivals, artisanat local",Luxe,1 semaine,Facile d’accès en transport public,Zone modérément sécurisée
Agadir,hotel,Blue Sea Le Tivoli,30.4081166,-9.5963041,"https://www.google.com/maps?q=30.4081166,-9.5963041",4.4,Une adresse appréciée parfait pour un séjour touristique proposant un excellent rapport qualité-prix.,Été,"artisanat local, musique traditionnelle, festivals",Premium,1 semaine,Facile d’accès en transport public,Zone touristique sécurisée
Agadir,hotel,Boutique Khalij,30.4032579,-9.5976236,"https://www.google.com/maps?q=30.4032579,-9.5976236",3.3,Un établissement proche des attractions principales réputé pour son ambiance conviviale.,Printemps,"shopping, découverte culturelle, spa",Économique,1 semaine,Facile d’accès en transport public,Quartier calme et bien surveillé
Agadir,hotel,Hotel Résidence Louban,30.4192253,-9.5995962,"https://www.google.com/maps?q=30.4192253,-9.5995962",3.4,Un endroit chaleureux proche des attractions principales dans un cadre calme et sécurisé.,Printemps,"artisanat local, festivals, musique traditionnelle",Économique,3-5 jours,Situé près d'une gare ou station,Zone modérément sécurisée
Agadir,hotel,Hotel les palmiers,30.4189657,-9.5998109,"https://www.google.com/maps?q=30.4189657,-9.5998109",4.8,Un lieu d’accueil idéal pour les voyageurs dans un cadre calme et sécurisé.,Automne,"artisanat local, musique traditionnelle, festivals",Économique,10 jours,Accessible en voiture uniquement,Zone modérément sécurisée
Agadir,hotel,Atlantic Palm Beach,30.4016343,-9.5912588,"https://www.google.com/maps?q=30.4016343,-9.5912588",3.0,Un endroit chaleureux conçu pour offrir confort et praticité proposant un excellent rapport qualité-prix.,Printemps,"spa, découverte culturelle, shopping",Moyen,10 jours,Accessible en voiture uniquement,Zone touristique sécurisée
Agadir,hotel,Hotel Solman,30.4117063,-9.5915616,"https://www.google.com/maps?q=30.4117063,-9.5915616",3.9,Une adresse appréciée idéal pour les voyageurs réputé pour son ambiance conviviale.,Printemps,"gastronomie locale, musées, visite de la médina",Premium,10 jours,Accessible en voiture uniquement,Zone touristique sécurisée
Agadir,guest_house,Chez Christian Et Rachida,30.4333687,-9.5855772,"https://www.google.com/maps?q=30.4333687,-9.5855772",4.3,Un lieu d’accueil adapté aux familles et aux professionnels dans un cadre calme et sécurisé.,Automne,"festivals, musique traditionnelle, artisanat local",Luxe,3-5 jours,Situé près d'une gare ou station,Zone touristique sécurisée
Agadir,motel,Sofitel Apart Hotel,30.4024815,-9.5887833,"https://www.google.com/maps?q=30.4024815,-9.5887833",3.9,Un établissement parfait pour un séjour touristique avec un service remarquable.,Été,"découverte culturelle, shopping, spa",Économique,10 jours,Accessible en voiture uniquement,Zone modérément sécurisée
Agadir,apartment,Aga 1102,30.4333889,-9.5633889,"https://www.google.com/maps?q=30.4333889,-9.5633889",3.2,Une adresse appréciée adapté aux familles et aux professionnels avec un service remarquable.,Printemps,"festivals, musique traditionnelle, artisanat local",Économique,2-3 jours,Situé près d'une gare ou station,Environnement très sécurisé
Agadir,apartment,Centre de vacance BP.CHAABI مركز الاصطياف للبنك الشعبي,30.4002101,-9.5954413,"https://www.google.com/maps?q=30.4002101,-9.5954413",4.0,Un hébergement adapté aux familles et aux professionnels dans un cadre calme et sécurisé.,Été,"activités de plein air, sites historiques, excursions guidées",Moyen,2-3 jours,Accessible en voiture uniquement,Zone modérément sécurisée
Agadir,apartment,Appart-Hôtel Igoudar,30.4140734,-9.5997226,"https://www.google.com/maps?q=30.4140734,-9.5997226",3.0,Une adresse appréciée parfait pour un séjour touristique proposant un excellent rapport qualité-prix.,Hiver,"excursions guidées, activités de plein air, sites historiques",Moyen,2-3 jours,Situé près d'une gare ou station,Zone touristique sécurisée
Agadir,apartment,Rida CS,30.4197276,-9.5597107,"https://www.google.com/maps?q=30.4197276,-9.5597107",4.6,Un lieu d’accueil parfait pour un séjour touristique dans un cadre calme et sécurisé.,Été,"musées, gastronomie locale, visite de la médina",Moyen,2-3 jours,Facile d’accès en transport public,Quartier calme et bien surveillé
Agadir,apartment,Location Appartement Marina Agadir,30.4241152,-9.6171704,"https://www.google.com/maps?q=30.4241152,-9.6171704",4.4,Un endroit chaleureux idéal pour les voyageurs réputé pour son ambiance conviviale.,Automne,"musées, visite de la médina, gastronomie locale",Économique,3-5 jours,Facile d’accès en transport public,Quartier calme et bien surveillé
Agadir,apartment,Rofaida Appart'Hôtel,30.4002384,-9.5903907,"https://www.google.com/maps?q=30.4002384,-9.5903907",3.2,Un lieu d’accueil conçu pour offrir confort et praticité dans un cadre calme et sécurisé.,Été,"randonnées, plage, sports nautiques",Luxe,1 semaine,Proche du centre-ville et des taxis,Quartier calme et bien surveillé
Agadir,apartment,Appart Hôtel Founty Beach,30.4017241,-9.5889383,"https://www.google.com/maps?q=30.4017241,-9.5889383",3.2,Un hébergement adapté aux familles et aux professionnels proposant un excellent rapport qualité-prix.,Été,"gastronomie locale, visite de la médina, musées",Moyen,10 jours,Facile d’accès en transport public,Zone touristique sécurisée
Agadir,apartment,Résidence Intouriste,30.4004164,-9.5913206,"https://www.google.com/maps?q=30.4004164,-9.5913206",4.6,Un lieu d’accueil conçu pour offrir confort et praticité offrant une vue exceptionnelle.,Printemps,"randonnées, plage, sports nautiques",Premium,10 jours,Situé près d'une gare ou station,Zone modérément sécurisée
Meknès,hotel,Agadir أكادير,33.8946777,-5.5626037,"https://www.google.com/maps?q=33.8946777,-5.5626037",4.8,Un hébergement idéal pour les voyageurs proposant un excellent rapport qualité-prix.,Hiver,"découverte culturelle, shopping, spa",Économique,1 semaine,Proche du centre-ville et des taxis,Zone modérément sécurisée
Meknès,hotel,Regina,33.89449,-5.562741,"https://www.google.com/maps?q=33.8944900,-5.5627410",4.4,Une adresse appréciée idéal pour les voyageurs dans un cadre calme et sécurisé.,Été,"musique traditionnelle, artisanat local, festivals",Premium,2-3 jours,Proche du centre-ville et des taxis,Zone touristique sécurisée
Meknès,hotel,Hotel Bab Mansour,33.897187,-5.5436073,"https://www.google.com/maps?q=33.8971870,-5.5436073",4.3,Un endroit chaleureux adapté aux familles et aux professionnels proposant un excellent rapport qualité-prix.,Été,"excursions guidées, sites historiques, activités de plein air",Économique,2-3 jours,Accessible en voiture uniquement,Quartier calme et bien surveillé
Meknès,hotel,La maison d'a côté,33.8943664,-5.5674615,"https://www.google.com/maps?q=33.8943664,-5.5674615",3.1,Un lieu d’accueil idéal pour les voyageurs réputé pour son ambiance conviviale.,Hiver,"artisanat local, musique traditionnelle, festivals",Moyen,2-3 jours,Situé près d'une gare ou station,Environnement très sécurisé
Meknès,hotel,Hotel Akouas,33.89713,-5.5431051,"https://www.google.com/maps?q=33.8971300,-5.5431051",4.5,Un établissement parfait pour un séjour touristique offrant une vue exceptionnelle.,Été,"randonnées, sports nautiques, plage",Premium,3-5 jours,Situé près d'une gare ou station,Zone touristique sécurisée
Meknès,hotel,Hotel Rif,33.8983696,-5.5507443,"https://www.google.com/maps?q=33.8983696,-5.5507443",3.1,Un hébergement adapté aux familles et aux professionnels proposant un excellent rapport qualité-prix.,Automne,"découverte culturelle, spa, shopping",Moyen,10 jours,Accessible en voiture uniquement,Zone modérément sécurisée
Meknès,hotel,Tafilalet,33.8996222,-5.5436987,"https://www.google.com/maps?q=33.8996222,-5.5436987",4.4,Un hébergement adapté aux familles et aux professionnels dans un cadre calme et sécurisé.,Automne,"gastronomie locale, musées, visite de la médina",Premium,1 semaine,Accessible en voiture uniquement,Zone touristique sécurisée
Meknès,hotel,Hotel Palace,33.8982816,-5.5496059,"https://www.google.com/maps?q=33.8982816,-5.5496059",3.5,Une adresse appréciée conçu pour offrir confort et praticité proposant un excellent rapport qualité-prix.,Printemps,"sports nautiques, randonnées, plage",Moyen,3-5 jours,Accessible en voiture uniquement,Quartier calme et bien surveillé
Meknès,hotel,Hotel Maroc,33.8939492,-5.5596593,"https://www.google.com/maps?q=33.8939492,-5.5596593",3.1,Un hébergement adapté aux familles et aux professionnels réputé pour son ambiance conviviale.,Été,"gastronomie locale, visite de la médina, musées",Premium,10 jours,Accessible en voiture uniquement,Environnement très sécurisé
Meknès,hotel,Ryad Dar Al Meknassia,33.8940196,-5.5631255,"https://www.google.com/maps?q=33.8940196,-5.5631255",4.0,Un lieu d’accueil proche des attractions principales dans un cadre calme et sécurisé.,Automne,"gastronomie locale, visite de la médina, musées",Luxe,3-5 jours,Proche du centre-ville et des taxis,Quartier calme et bien surveillé
Meknès,hotel,تافيلالت,33.8639047,-5.553604,"https://www.google.com/maps?q=33.8639047,-5.5536040",4.9,Un établissement adapté aux familles et aux professionnels réputé pour son ambiance conviviale.,Hiver,"sports nautiques, plage, randonnées",Économique,10 jours,Proche du centre-ville et des taxis,Zone modérément sécurisée
Meknès,hotel,Hotel Oasis Tafilalet,33.8963857,-5.5477717,"https://www.google.com/maps?q=33.8963857,-5.5477717",4.9,Un hébergement proche des attractions principales offrant une vue exceptionnelle.,Hiver,"spa, découverte culturelle, shopping",Premium,3-5 jours,Situé près d'une gare ou station,Environnement très sécurisé
Meknès,hotel,hotel majestic,33.8988703,-5.5461451,"https://www.google.com/maps?q=33.8988703,-5.5461451",3.4,Un endroit chaleureux conçu pour offrir confort et praticité dans un cadre calme et sécurisé.,Printemps,"musique traditionnelle, artisanat local, festivals",Luxe,3-5 jours,Situé près d'une gare ou station,Zone modérément sécurisée
Meknès,hotel,Riad Yanis,33.8942902,-5.5637628,"https://www.google.com/maps?q=33.8942902,-5.5637628",4.3,Un établissement proche des attractions principales réputé pour son ambiance conviviale.,Automne,"shopping, découverte culturelle, spa",Premium,2-3 jours,Accessible en voiture uniquement,Zone modérément sécurisée
Meknès,hotel,فندق البساتين,33.8995232,-5.5202633,"https://www.google.com/maps?q=33.8995232,-5.5202633",3.7,Une adresse appréciée parfait pour un séjour touristique réputé pour son ambiance conviviale.,Automne,"sports nautiques, plage, randonnées",Premium,2-3 jours,Situé près d'une gare ou station,Zone modérément sécurisée
Meknès,hotel,Riad Yamcha,33.895925,-5.5681949,"https://www.google.com/maps?q=33.8959250,-5.5681949",4.5,Une adresse appréciée parfait pour un séjour touristique proposant un excellent rapport qualité-prix.,Hiver,"activités de plein air, sites historiques, excursions guidées",Premium,10 jours,Proche du centre-ville et des taxis,Environnement très sécurisé
Meknès,hotel,فندق جوهرة البساتين,33.8934326,-5.5159078,"https://www.google.com/maps?q=33.8934326,-5.5159078",4.1,Un endroit chaleureux adapté aux familles et aux professionnels réputé pour son ambiance conviviale.,Printemps,"randonnées, sports nautiques, plage",Moyen,3-5 jours,Proche du centre-ville et des taxis,Zone touristique sécurisée
Meknès,hotel,Hotel Beau Sejour,33.8966713,-5.5440798,"https://www.google.com/maps?q=33.8966713,-5.5440798",4.6,Une adresse appréciée parfait pour un séjour touristique avec un service remarquable.,Hiver,"spa, shopping, découverte culturelle",Premium,3-5 jours,Accessible en voiture uniquement,Environnement très sécurisé
Meknès,hotel,Riad Selma,33.8946313,-5.5655104,"https://www.google.com/maps?q=33.8946313,-5.5655104",3.1,Un endroit chaleureux proche des attractions principales dans un cadre calme et sécurisé.,Été,"festivals, musique traditionnelle, artisanat local",Premium,2-3 jours,Accessible en voiture uniquement,Zone touristique sécurisée
Meknès,hotel,Ibis Meknes,33.8956402,-5.5536878,"https://www.google.com/maps?q=33.8956402,-5.5536878",3.0,Une adresse appréciée idéal pour les voyageurs offrant une vue exceptionnelle.,Hiver,"musées, visite de la médina, gastronomie locale",Économique,10 jours,Facile d’accès en transport public,Environnement très sécurisé
Meknès,hotel,Belle Vue,33.8951509,-5.5488273,"https://www.google.com/maps?q=33.8951509,-5.5488273",3.0,Une adresse appréciée idéal pour les voyageurs offrant une vue exceptionnelle.,Hiver,"randonnées, sports nautiques, plage",Économique,1 semaine,Situé près d'une gare ou station,Environnement très sécurisé
Meknès,hotel,Hotel Zaki,33.88052,-5.533479,"https://www.google.com/maps?q=33.8805200,-5.5334790",4.0,Un établissement idéal pour les voyageurs avec un service remarquable.,Printemps,"festivals, musique traditionnelle, artisanat local",Premium,2-3 jours,Situé près d'une gare ou station,Quartier calme et bien surveillé
Meknès,hotel,Hotel Zaki,33.8814892,-5.5336808,"https://www.google.com/maps?q=33.8814892,-5.5336808",4.0,Un établissement parfait pour un séjour touristique réputé pour son ambiance conviviale.,Automne,"shopping, spa, découverte culturelle",Économique,1 semaine,Proche du centre-ville et des taxis,Zone modérément sécurisée
Meknès,hotel,Hotel Zaki,33.8811035,-5.5334183,"https://www.google.com/maps?q=33.8811035,-5.5334183",4.0,Un lieu d’accueil parfait pour un séjour touristique proposant un excellent rapport qualité-prix.,Printemps,"excursions guidées, sites historiques, activités de plein air",Luxe,1 semaine,Situé près d'une gare ou station,Zone touristique sécurisée
Meknès,hotel,Excelsior Hotel,33.8969744,-5.54264,"https://www.google.com/maps?q=33.8969744,-5.5426400",4.2,Un lieu d’accueil proche des attractions principales avec un service remarquable.,Printemps,"shopping, découverte culturelle, spa",Économique,2-3 jours,Proche du centre-ville et des taxis,Environnement très sécurisé
Meknès,hotel,Hotel Menzeh Dalia,33.8576048,-5.5861464,"https://www.google.com/maps?q=33.8576048,-5.5861464",3.2,Un hébergement adapté aux familles et aux professionnels réputé pour son ambiance conviviale.,Printemps,"artisanat local, musique traditionnelle, festivals",Premium,10 jours,Proche du centre-ville et des taxis,Quartier calme et bien surveillé
Meknès,guest_house,Riad Bahia,33.8943005,-5.5662301,"https://www.google.com/maps?q=33.8943005,-5.5662301",4.0,Un lieu d’accueil adapté aux familles et aux professionnels proposant un excellent rapport qualité-prix.,Printemps,"sports nautiques, plage, randonnées",Économique,3-5 jours,Proche du centre-ville et des taxis,Quartier calme et bien surveillé
Meknès,guest_house,Riad Safir,33.8936796,-5.5647432,"https://www.google.com/maps?q=33.8936796,-5.5647432",4.3,Une adresse appréciée conçu pour offrir confort et praticité proposant un excellent rapport qualité-prix.,Été,"shopping, découverte culturelle, spa",Économique,2-3 jours,Facile d’accès en transport public,Zone touristique sécurisée
Meknès,guest_house,Riad Zahraa,33.8953285,-5.56639,"https://www.google.com/maps?q=33.8953285,-5.5663900",4.0,Un lieu d’accueil idéal pour les voyageurs offrant une vue exceptionnelle.,Été,"activités de plein air, sites historiques, excursions guidées",Moyen,1 semaine,Accessible en voiture uniquement,Zone modérément sécurisée
Meknès,guest_house,Riad Lahboul,33.8957654,-5.5612147,"https://www.google.com/maps?q=33.8957654,-5.5612147",3.5,Un endroit chaleureux adapté aux familles et aux professionnels offrant une vue exceptionnelle.,Automne,"sites historiques, excursions guidées, activités de plein air",Luxe,10 jours,Accessible en voiture uniquement,Environnement très sécurisé
Meknès,guest_house,Riad Amazigh,33.8962286,-5.5658204,"https://www.google.com/maps?q=33.8962286,-5.5658204",4.6,Un endroit chaleureux conçu pour offrir confort et praticité réputé pour son ambiance conviviale.,Printemps,"excursions guidées, sites historiques, activités de plein air",Économique,10 jours,Proche du centre-ville et des taxis,Zone modérément sécurisée
Meknès,guest_house,Riad Ritaj,33.8938701,-5.5659858,"https://www.google.com/maps?q=33.8938701,-5.5659858",3.2,Un lieu d’accueil idéal pour les voyageurs offrant une vue exceptionnelle.,Automne,"festivals, artisanat local, musique traditionnelle",Économique,3-5 jours,Facile d’accès en transport public,Quartier calme et bien surveillé
Meknès,guest_house,Maison Es-saadi,33.8737475,-5.5852625,"https://www.google.com/maps?q=33.8737475,-5.5852625",3.1,Un établissement proche des attractions principales avec un service remarquable.,Été,"découverte culturelle, shopping, spa",Économique,1 semaine,Proche du centre-ville et des taxis,Environnement très sécurisé
Meknès,guest_house,Riad Benchekroun,33.8945548,-5.5662418,"https://www.google.com/maps?q=33.8945548,-5.5662418",3.1,Une adresse appréciée proche des attractions principales dans un cadre calme et sécurisé.,Automne,"sites historiques, activités de plein air, excursions guidées",Luxe,1 semaine,Situé près d'une gare ou station,Environnement très sécurisé
Meknès,guest_house,Riad Yacout,33.8936411,-5.5627875,"https://www.google.com/maps?q=33.8936411,-5.5627875",4.4,Un endroit chaleureux conçu pour offrir confort et praticité réputé pour son ambiance conviviale.,Automne,"activités de plein air, sites historiques, excursions guidées",Luxe,2-3 jours,Accessible en voiture uniquement,Quartier calme et bien surveillé
Meknès,guest_house,Ryad Bab Berdaine,33.8983742,-5.5667082,"https://www.google.com/maps?q=33.8983742,-5.5667082",4.1,Un endroit chaleureux parfait pour un séjour touristique offrant une vue exceptionnelle.,Hiver,"découverte culturelle, shopping, spa",Premium,3-5 jours,Facile d’accès en transport public,Quartier calme et bien surveillé
Meknès,guest_house,Dar Riad Merzouga,33.8994128,-5.5672922,"https://www.google.com/maps?q=33.8994128,-5.5672922",3.6,Un lieu d’accueil idéal pour les voyageurs dans un cadre calme et sécurisé.,Automne,"festivals, artisanat local, musique traditionnelle",Moyen,1 semaine,Proche du centre-ville et des taxis,Environnement très sécurisé
Meknès,guest_house,Maison mère,33.860665,-5.5749367,"https://www.google.com/maps?q=33.8606650,-5.5749367",3.7,Une adresse appréciée proche des attractions principales réputé pour son ambiance conviviale.,Printemps,"activités de plein air, excursions guidées, sites historiques",Luxe,10 jours,Facile d’accès en transport public,Zone touristique sécurisée
Meknès,guest_house,Riad Andalouss,33.8949399,-5.5668088,"https://www.google.com/maps?q=33.8949399,-5.5668088",4.7,Un hébergement idéal pour les voyageurs avec un service remarquable.,Hiver,"musées, gastronomie locale, visite de la médina",Économique,10 jours,Situé près d'une gare ou station,Zone modérément sécurisée
Meknès,guest_house,Riad Atika,33.8947695,-5.566406,"https://www.google.com/maps?q=33.8947695,-5.5664060",4.0,Une adresse appréciée idéal pour les voyageurs offrant une vue exceptionnelle.,Hiver,"musique traditionnelle, artisanat local, festivals",Premium,2-3 jours,Proche du centre-ville et des taxis,Quartier calme et bien surveillé
Meknès,hostel,Riad malak,33.8944525,-5.5654658,"https://www.google.com/maps?q=33.8944525,-5.5654658",3.4,Une adresse appréciée conçu pour offrir confort et praticité réputé pour son ambiance conviviale.,Été,"spa, découverte culturelle, shopping",Luxe,1 semaine,Facile d’accès en transport public,Zone touristique sécurisée
Meknès,hostel,Maisson Olga,33.8940298,-5.5675423,"https://www.google.com/maps?q=33.8940298,-5.5675423",3.3,Un lieu d’accueil adapté aux familles et aux professionnels avec un service remarquable.,Hiver,"plage, randonnées, sports nautiques",Économique,3-5 jours,Facile d’accès en transport public,Zone touristique sécurisée
Meknès,hostel,Dar Meknes Tresor,33.8952301,-5.5661757,"https://www.google.com/maps?q=33.8952301,-5.5661757",4.1,Une adresse appréciée proche des attractions principales dans un cadre calme et sécurisé.,Hiver,"spa, découverte culturelle, shopping",Économique,10 jours,Proche du centre-ville et des taxis,Zone touristique sécurisée
Meknès,hostel,Riad Menthe et Citron,33.8956108,-5.5633302,"https://www.google.com/maps?q=33.8956108,-5.5633302",5.0,Un lieu d’accueil idéal pour les voyageurs proposant un excellent rapport qualité-prix.,Hiver,"musique traditionnelle, festivals, artisanat local",Premium,3-5 jours,Accessible en voiture uniquement,Environnement très sécurisé
Meknès,motel,Hotel Wislan,33.8970331,-5.5459509,"https://www.google.com/maps?q=33.8970331,-5.5459509",3.2,Un endroit chaleureux parfait pour un séjour touristique proposant un excellent rapport qualité-prix.,Hiver,"activités de plein air, sites historiques, excursions guidées",Économique,10 jours,Facile d’accès en transport public,Zone touristique sécurisée
Meknès,motel,Touring Hotel,33.8980576,-5.5469243,"https://www.google.com/maps?q=33.8980576,-5.5469243",4.2,Un lieu d’accueil proche des attractions principales proposant un excellent rapport qualité-prix.,Hiver,"sites historiques, activités de plein air, excursions guidées",Premium,3-5 jours,Facile d’accès en transport public,Zone touristique sécurisée
Meknès,motel,hostel,33.8993816,-5.5511847,"https://www.google.com/maps?q=33.8993816,-5.5511847",4.4,Un endroit chaleureux conçu pour offrir confort et praticité avec un service remarquable.,Hiver,"plage, randonnées, sports nautiques",Moyen,10 jours,Proche du centre-ville et des taxis,Zone modérément sécurisée
Meknès,apartment,city building,33.8969119,-5.5403755,"https://www.google.com/maps?q=33.8969119,-5.5403755",4.6,Un établissement parfait pour un séjour touristique avec un service remarquable.,Automne,"randonnées, plage, sports nautiques",Économique,2-3 jours,Accessible en voiture uniquement,Environnement très sécurisé
Oujda,hotel,Hotel Aswan,34.6886654,-1.9100819,"https://www.google.com/maps?q=34.6886654,-1.9100819",4.1,Une adresse appréciée proche des attractions principales proposant un excellent rapport qualité-prix.,Hiver,"artisanat local, festivals, musique traditionnelle",Luxe,2-3 jours,Proche du centre-ville et des taxis,Zone modérément sécurisée
Oujda,hotel,Hôtel Raïss,34.6854519,-1.9134704,"https://www.google.com/maps?q=34.6854519,-1.9134704",2.0,Un endroit chaleureux proche des attractions principales dans un cadre calme et sécurisé.,Printemps,"plage, randonnées, sports nautiques",Luxe,10 jours,Proche du centre-ville et des taxis,Zone modérément sécurisée
Oujda,hotel,Hôtel Concorde,34.6814581,-1.917054,"https://www.google.com/maps?q=34.6814581,-1.9170540",2.0,Un hébergement proche des attractions principales avec un service remarquable.,Printemps,"musique traditionnelle, artisanat local, festivals",Luxe,10 jours,Proche du centre-ville et des taxis,Zone touristique sécurisée
Oujda,hotel,Hôtel Royal,34.6805477,-1.9193171,"https://www.google.com/maps?q=34.6805477,-1.9193171",2.0,Un établissement proche des attractions principales dans un cadre calme et sécurisé.,Été,"festivals, artisanat local, musique traditionnelle",Moyen,1 semaine,Facile d’accès en transport public,Zone touristique sécurisée
Oujda,hotel,Hôtel Oran,34.6864984,-1.9129272,"https://www.google.com/maps?q=34.6864984,-1.9129272",2.0,Un endroit chaleureux proche des attractions principales réputé pour son ambiance conviviale.,Printemps,"gastronomie locale, visite de la médina, musées",Moyen,2-3 jours,Facile d’accès en transport public,Zone touristique sécurisée
Oujda,hotel,Hôtel Tlemcen,34.6821553,-1.9149433,"https://www.google.com/maps?q=34.6821553,-1.9149433",2.0,Un lieu d’accueil idéal pour les voyageurs réputé pour son ambiance conviviale.,Été,"activités de plein air, sites historiques, excursions guidées",Économique,10 jours,Facile d’accès en transport public,Quartier calme et bien surveillé
Oujda,hotel,Hôtel Atrah,34.6819058,-1.9155032,"https://www.google.com/maps?q=34.6819058,-1.9155032",1.0,Une adresse appréciée idéal pour les voyageurs réputé pour son ambiance conviviale.,Automne,"shopping, spa, découverte culturelle",Luxe,1 semaine,Situé près d'une gare ou station,Environnement très sécurisé
Oujda,hotel,Hôtel Angad,34.681515,-1.9150609,"https://www.google.com/maps?q=34.6815150,-1.9150609",1.0,Une adresse appréciée adapté aux familles et aux professionnels dans un cadre calme et sécurisé.,Été,"randonnées, plage, sports nautiques",Luxe,1 semaine,Proche du centre-ville et des taxis,Environnement très sécurisé
Oujda,hotel,Hôtel Al Manar,34.680995,-1.9206847,"https://www.google.com/maps?q=34.6809950,-1.9206847",3.0,Un établissement idéal pour les voyageurs dans un cadre calme et sécurisé.,Hiver,"musées, visite de la médina, gastronomie locale",Luxe,1 semaine,Situé près d'une gare ou station,Zone touristique sécurisée
Oujda,hotel,Hotel Lahlou,34.6804074,-1.9136917,"https://www.google.com/maps?q=34.6804074,-1.9136917",3.7,Une adresse appréciée conçu pour offrir confort et praticité avec un service remarquable.,Été,"sites historiques, activités de plein air, excursions guidées",Luxe,3-5 jours,Facile d’accès en transport public,Environnement très sécurisé
Oujda,hotel,Hôtel Al Fajr,34.6815431,-1.9190486,"https://www.google.com/maps?q=34.6815431,-1.9190486",2.0,Un hébergement adapté aux familles et aux professionnels offrant une vue exceptionnelle.,Automne,"musique traditionnelle, artisanat local, festivals",Moyen,3-5 jours,Situé près d'une gare ou station,Quartier calme et bien surveillé
Oujda,hotel,Chic Hôtel,34.6823494,-1.9149245,"https://www.google.com/maps?q=34.6823494,-1.9149245",4.6,Un établissement conçu pour offrir confort et praticité réputé pour son ambiance conviviale.,Automne,"activités de plein air, sites historiques, excursions guidées",Luxe,2-3 jours,Proche du centre-ville et des taxis,Zone modérément sécurisée
Oujda,hotel,Hotel Riad,34.677562,-1.9181272,"https://www.google.com/maps?q=34.6775620,-1.9181272",3.3,Une adresse appréciée parfait pour un séjour touristique offrant une vue exceptionnelle.,Été,"gastronomie locale, visite de la médina, musées",Moyen,2-3 jours,Situé près d'une gare ou station,Quartier calme et bien surveillé
Oujda,hotel,Hôtel Rimal Al Bahr,34.6826963,-1.9121829,"https://www.google.com/maps?q=34.6826963,-1.9121829",3.3,Un lieu d’accueil parfait pour un séjour touristique avec un service remarquable.,Hiver,"découverte culturelle, shopping, spa",Premium,1 semaine,Proche du centre-ville et des taxis,Zone modérément sécurisée
Oujda,hotel,Hôtel Aziz,34.6846641,-1.9139443,"https://www.google.com/maps?q=34.6846641,-1.9139443",3.0,Un établissement parfait pour un séjour touristique offrant une vue exceptionnelle.,Printemps,"excursions guidées, sites historiques, activités de plein air",Économique,10 jours,Facile d’accès en transport public,Zone touristique sécurisée
Oujda,hotel,Hôtel Atlas Orient,34.6766922,-1.9158623,"https://www.google.com/maps?q=34.6766922,-1.9158623",4.0,Un lieu d’accueil conçu pour offrir confort et praticité offrant une vue exceptionnelle.,Été,"activités de plein air, excursions guidées, sites historiques",Économique,1 semaine,Accessible en voiture uniquement,Zone modérément sécurisée
Oujda,hotel,Hotel Ibis Moussafir Oujda,34.6819463,-1.9224588,"https://www.google.com/maps?q=34.6819463,-1.9224588",3.0,Une adresse appréciée idéal pour les voyageurs avec un service remarquable.,Été,"activités de plein air, sites historiques, excursions guidées",Luxe,10 jours,Facile d’accès en transport public,Environnement très sécurisé
Oujda,hotel,Hôtel Atlas Terminus & Spa,34.6807076,-1.9232063,"https://www.google.com/maps?q=34.6807076,-1.9232063",5.0,Un hébergement idéal pour les voyageurs proposant un excellent rapport qualité-prix.,Printemps,"activités de plein air, sites historiques, excursions guidées",Luxe,3-5 jours,Situé près d'une gare ou station,Quartier calme et bien surveillé
Oujda,hotel,Hôtel Atlas Orient أطلس أورينتال,34.6764237,-1.9157466,"https://www.google.com/maps?q=34.6764237,-1.9157466",4.0,Une adresse appréciée proche des attractions principales dans un cadre calme et sécurisé.,Printemps,"shopping, spa, découverte culturelle",Économique,10 jours,Proche du centre-ville et des taxis,Zone modérément sécurisée
Oujda,hotel,Ibis Hotel,34.6818161,-1.9224136,"https://www.google.com/maps?q=34.6818161,-1.9224136",4.3,Un établissement idéal pour les voyageurs proposant un excellent rapport qualité-prix.,Hiver,"visite de la médina, musées, gastronomie locale",Premium,10 jours,Accessible en voiture uniquement,Zone modérément sécurisée
Oujda,hotel,Hôtel Isly Golf,34.7134642,-1.9188724,"https://www.google.com/maps?q=34.7134642,-1.9188724",4.9,Un lieu d’accueil adapté aux familles et aux professionnels avec un service remarquable.,Printemps,"festivals, artisanat local, musique traditionnelle",Premium,10 jours,Accessible en voiture uniquement,Quartier calme et bien surveillé
Oujda,hotel,Chafik,34.6763531,-1.9230607,"https://www.google.com/maps?q=34.6763531,-1.9230607",3.2,Une adresse appréciée parfait pour un séjour touristique dans un cadre calme et sécurisé.,Automne,"musées, visite de la médina, gastronomie locale",Économique,10 jours,Situé près d'une gare ou station,Quartier calme et bien surveillé
Oujda,hotel,Hôtel Al Hanna,34.6829707,-1.9141052,"https://www.google.com/maps?q=34.6829707,-1.9141052",2.0,Un lieu d’accueil idéal pour les voyageurs réputé pour son ambiance conviviale.,Printemps,"excursions guidées, activités de plein air, sites historiques",Luxe,2-3 jours,Accessible en voiture uniquement,Quartier calme et bien surveillé
Oujda,hotel,Hotel Oujda,34.6789914,-1.9186077,"https://www.google.com/maps?q=34.6789914,-1.9186077",4.2,Une adresse appréciée idéal pour les voyageurs proposant un excellent rapport qualité-prix.,Été,"gastronomie locale, musées, visite de la médina",Luxe,10 jours,Situé près d'une gare ou station,Environnement très sécurisé
Oujda,hotel,Hôtel Al Akhawayn,34.6877281,-1.9116735,"https://www.google.com/maps?q=34.6877281,-1.9116735",3.0,Un lieu d’accueil conçu pour offrir confort et praticité offrant une vue exceptionnelle.,Printemps,"spa, découverte culturelle, shopping",Moyen,10 jours,Situé près d'une gare ou station,Zone modérément sécurisée
Oujda,hotel,Hotel Al Assil,34.6891314,-1.9096377,"https://www.google.com/maps?q=34.6891314,-1.9096377",3.1,Un hébergement parfait pour un séjour touristique avec un service remarquable.,Automne,"plage, randonnées, sports nautiques",Luxe,2-3 jours,Situé près d'une gare ou station,Environnement très sécurisé
Oujda,hotel,Hôtel Des Lilas,34.6811875,-1.9190132,"https://www.google.com/maps?q=34.6811875,-1.9190132",2.0,Un endroit chaleureux conçu pour offrir confort et praticité proposant un excellent rapport qualité-prix.,Printemps,"sports nautiques, randonnées, plage",Premium,10 jours,Facile d’accès en transport public,Quartier calme et bien surveillé
Oujda,hotel,Hotel Luxembourg,34.6823507,-1.9110122,"https://www.google.com/maps?q=34.6823507,-1.9110122",3.2,Un endroit chaleureux parfait pour un séjour touristique avec un service remarquable.,Été,"gastronomie locale, visite de la médina, musées",Premium,10 jours,Accessible en voiture uniquement,Quartier calme et bien surveillé
Oujda,guest_house,Dar Al Fassia,34.6817855,-1.9077596,"https://www.google.com/maps?q=34.6817855,-1.9077596",3.2,Un hébergement parfait pour un séjour touristique avec un service remarquable.,Hiver,"spa, découverte culturelle, shopping",Luxe,10 jours,Accessible en voiture uniquement,Environnement très sécurisé
Oujda,guest_house,maison oujda,34.6816533,-1.9054881,"https://www.google.com/maps?q=34.6816533,-1.9054881",3.8,Un établissement proche des attractions principales avec un service remarquable.,Été,"randonnées, sports nautiques, plage",Luxe,10 jours,Situé près d'une gare ou station,Environnement très sécurisé
Oujda,guest_house,Diyafat Bladi,34.6781805,-1.915742,"https://www.google.com/maps?q=34.6781805,-1.9157420",4.0,Un établissement conçu pour offrir confort et praticité offrant une vue exceptionnelle.,Automne,"shopping, spa, découverte culturelle",Luxe,10 jours,Facile d’accès en transport public,Zone modérément sécurisée
Kénitra,hotel,Hotel L'europe,34.2596629,-6.5847689,"https://www.google.com/maps?q=34.2596629,-6.5847689",3.8,Une adresse appréciée idéal pour les voyageurs avec un service remarquable.,Hiver,"activités de plein air, sites historiques, excursions guidées",Économique,1 semaine,Situé près d'une gare ou station,Zone modérément sécurisée
Kénitra,hotel,Ambassy,34.2597404,-6.581168,"https://www.google.com/maps?q=34.2597404,-6.5811680",4.3,Un établissement proche des attractions principales réputé pour son ambiance conviviale.,Été,"sports nautiques, plage, randonnées",Luxe,10 jours,Proche du centre-ville et des taxis,Zone modérément sécurisée
Kénitra,hotel,Appart Hotel Marina,34.2685068,-6.5935888,"https://www.google.com/maps?q=34.2685068,-6.5935888",4.5,Une adresse appréciée conçu pour offrir confort et praticité offrant une vue exceptionnelle.,Printemps,"sports nautiques, randonnées, plage",Moyen,2-3 jours,Proche du centre-ville et des taxis,Zone touristique sécurisée
Kénitra,hotel,Hotel d'Europe,34.2612646,-6.5852335,"https://www.google.com/maps?q=34.2612646,-6.5852335",4.4,Un endroit chaleureux idéal pour les voyageurs proposant un excellent rapport qualité-prix.,Printemps,"musées, gastronomie locale, visite de la médina",Moyen,3-5 jours,Proche du centre-ville et des taxis,Quartier calme et bien surveillé
Kénitra,hotel,Hotel Mamora,34.2615545,-6.5813921,"https://www.google.com/maps?q=34.2615545,-6.5813921",3.5,Un endroit chaleureux adapté aux familles et aux professionnels proposant un excellent rapport qualité-prix.,Été,"gastronomie locale, musées, visite de la médina",Premium,10 jours,Accessible en voiture uniquement,Zone modérément sécurisée
Kénitra,hotel,Hotel Jacaranda,34.2625778,-6.5816891,"https://www.google.com/maps?q=34.2625778,-6.5816891",4.8,Un endroit chaleureux idéal pour les voyageurs offrant une vue exceptionnelle.,Hiver,"musées, gastronomie locale, visite de la médina",Premium,10 jours,Facile d’accès en transport public,Zone modérément sécurisée
Kénitra,hotel,Urban Hotel & Spa,34.2516108,-6.5846443,"https://www.google.com/maps?q=34.2516108,-6.5846443",3.4,Un lieu d’accueil adapté aux familles et aux professionnels avec un service remarquable.,Été,"plage, sports nautiques, randonnées",Luxe,10 jours,Facile d’accès en transport public,Zone touristique sécurisée
Kénitra,hotel,Town Hotel,34.2574361,-6.586886,"https://www.google.com/maps?q=34.2574361,-6.5868860",3.3,Un endroit chaleureux parfait pour un séjour touristique dans un cadre calme et sécurisé.,Été,"randonnées, sports nautiques, plage",Moyen,2-3 jours,Situé près d'une gare ou station,Zone modérément sécurisée
Kénitra,hotel,Vitality Terminus,34.2543068,-6.5812831,"https://www.google.com/maps?q=34.2543068,-6.5812831",4.0,Un établissement parfait pour un séjour touristique offrant une vue exceptionnelle.,Automne,"activités de plein air, sites historiques, excursions guidées",Moyen,10 jours,Facile d’accès en transport public,Quartier calme et bien surveillé
Kénitra,hotel,Eden Boutique Hotel,34.2584906,-6.5846274,"https://www.google.com/maps?q=34.2584906,-6.5846274",4.6,Un hébergement idéal pour les voyageurs réputé pour son ambiance conviviale.,Hiver,"activités de plein air, sites historiques, excursions guidées",Économique,1 semaine,Facile d’accès en transport public,Environnement très sécurisé
Kénitra,hotel,City Hotel,34.2624019,-6.5845749,"https://www.google.com/maps?q=34.2624019,-6.5845749",3.6,Un endroit chaleureux adapté aux familles et aux professionnels dans un cadre calme et sécurisé.,Hiver,"visite de la médina, musées, gastronomie locale",Premium,2-3 jours,Situé près d'une gare ou station,Zone touristique sécurisée
Kénitra,hotel,Razane Hotel,34.2632927,-6.5734474,"https://www.google.com/maps?q=34.2632927,-6.5734474",4.1,Un établissement parfait pour un séjour touristique proposant un excellent rapport qualité-prix.,Printemps,"shopping, spa, découverte culturelle",Premium,10 jours,Proche du centre-ville et des taxis,Environnement très sécurisé
Kénitra,guest_house,QRA CN8SG,34.2653432,-6.5913998,"https://www.google.com/maps?q=34.2653432,-6.5913998",3.6,Un lieu d’accueil proche des attractions principales réputé pour son ambiance conviviale.,Printemps,"découverte culturelle, shopping, spa",Économique,2-3 jours,Accessible en voiture uniquement,Zone touristique sécurisée
Kénitra,guest_house,أيت بيفلوسن,34.254678,-6.5901549,"https://www.google.com/maps?q=34.2546780,-6.5901549",3.8,Un hébergement conçu pour offrir confort et praticité offrant une vue exceptionnelle.,Printemps,"sites historiques, excursions guidées, activités de plein air",Moyen,2-3 jours,Accessible en voiture uniquement,Zone touristique sécurisée
Kénitra,apartment,الجمعية الخيرية,34.2576203,-6.5580095,"https://www.google.com/maps?q=34.2576203,-6.5580095",3.9,Un hébergement conçu pour offrir confort et praticité réputé pour son ambiance conviviale.,Printemps,"artisanat local, musique traditionnelle, festivals",Moyen,3-5 jours,Situé près d'une gare ou station,Zone touristique sécurisée
Kénitra,apartment,Fatima Kenitra,34.2554734,-6.5922993,"https://www.google.com/maps?q=34.2554734,-6.5922993",4.5,Un hébergement adapté aux familles et aux professionnels offrant une vue exceptionnelle.,Automne,"excursions guidées, sites historiques, activités de plein air",Moyen,10 jours,Accessible en voiture uniquement,Zone modérément sécurisée
Kénitra,apartment,عمارة شالة,34.2642437,-6.5888864,"https://www.google.com/maps?q=34.2642437,-6.5888864",4.4,Une adresse appréciée adapté aux familles et aux professionnels avec un service remarquable.,Hiver,"découverte culturelle, spa, shopping",Économique,10 jours,Facile d’accès en transport public,Zone modérément sécurisée
Tétouan,hotel,Hotel Afrika,35.5701908,-5.3696121,"https://www.google.com/maps?q=35.5701908,-5.3696121",4.8,Une adresse appréciée proche des attractions principales dans un cadre calme et sécurisé.,Printemps,"musique traditionnelle, artisanat local, festivals",Moyen,2-3 jours,Proche du centre-ville et des taxis,Zone touristique sécurisée
Tétouan,hotel,Hôtel Regina,35.5705338,-5.3720521,"https://www.google.com/maps?q=35.5705338,-5.3720521",3.8,Une adresse appréciée proche des attractions principales dans un cadre calme et sécurisé.,Hiver,"musées, gastronomie locale, visite de la médina",Économique,3-5 jours,Situé près d'une gare ou station,Zone modérément sécurisée
Tétouan,hotel,Hotel Trebol,35.5689475,-5.3732438,"https://www.google.com/maps?q=35.5689475,-5.3732438",3.8,Un endroit chaleureux idéal pour les voyageurs avec un service remarquable.,Printemps,"shopping, spa, découverte culturelle",Moyen,1 semaine,Facile d’accès en transport public,Zone modérément sécurisée
Tétouan,hotel,Bilbao,35.5699217,-5.3709803,"https://www.google.com/maps?q=35.5699217,-5.3709803",3.7,Un lieu d’accueil adapté aux familles et aux professionnels proposant un excellent rapport qualité-prix.,Automne,"plage, sports nautiques, randonnées",Premium,3-5 jours,Proche du centre-ville et des taxis,Environnement très sécurisé
Tétouan,hotel,Riad Soul of Tetouan,35.571881,-5.3713057,"https://www.google.com/maps?q=35.5718810,-5.3713057",3.1,Un lieu d’accueil adapté aux familles et aux professionnels dans un cadre calme et sécurisé.,Hiver,"artisanat local, festivals, musique traditionnelle",Premium,1 semaine,Facile d’accès en transport public,Environnement très sécurisé
Tétouan,hotel,Hôtel Africa,35.570737,-5.3696314,"https://www.google.com/maps?q=35.5707370,-5.3696314",3.4,Un établissement idéal pour les voyageurs réputé pour son ambiance conviviale.,Hiver,"activités de plein air, sites historiques, excursions guidées",Économique,10 jours,Accessible en voiture uniquement,Environnement très sécurisé
Tétouan,hotel,Riad Darna,35.5692318,-5.3652197,"https://www.google.com/maps?q=35.5692318,-5.3652197",3.6,Un hébergement idéal pour les voyageurs offrant une vue exceptionnelle.,Printemps,"artisanat local, festivals, musique traditionnelle",Luxe,2-3 jours,Proche du centre-ville et des taxis,Zone modérément sécurisée
Tétouan,hotel,Hotel Prestige,35.5659882,-5.3822703,"https://www.google.com/maps?q=35.5659882,-5.3822703",3.2,Un établissement adapté aux familles et aux professionnels proposant un excellent rapport qualité-prix.,Été,"spa, découverte culturelle, shopping",Moyen,2-3 jours,Proche du centre-ville et des taxis,Environnement très sécurisé
Tétouan,guest_house,Dar Rehla,35.5727808,-5.3709446,"https://www.google.com/maps?q=35.5727808,-5.3709446",3.7,Un hébergement adapté aux familles et aux professionnels proposant un excellent rapport qualité-prix.,Hiver,"plage, randonnées, sports nautiques",Luxe,10 jours,Situé près d'une gare ou station,Zone touristique sécurisée
Tétouan,guest_house,Blanco Riad Hotel&Restaurante,35.5707534,-5.3701323,"https://www.google.com/maps?q=35.5707534,-5.3701323",4.9,Un hébergement idéal pour les voyageurs avec un service remarquable.,Été,"activités de plein air, sites historiques, excursions guidées",Moyen,3-5 jours,Accessible en voiture uniquement,Quartier calme et bien surveillé
Tétouan,guest_house,Dar Targha,35.567952,-5.3663477,"https://www.google.com/maps?q=35.5679520,-5.3663477",5.0,Un établissement conçu pour offrir confort et praticité offrant une vue exceptionnelle.,Hiver,"activités de plein air, excursions guidées, sites historiques",Premium,3-5 jours,Situé près d'une gare ou station,Zone touristique sécurisée
Tétouan,guest_house,Riad Khmisa,35.5717445,-5.3666424,"https://www.google.com/maps?q=35.5717445,-5.3666424",3.1,Un hébergement idéal pour les voyageurs avec un service remarquable.,Été,"découverte culturelle, spa, shopping",Économique,3-5 jours,Facile d’accès en transport public,Environnement très sécurisé
Tétouan,guest_house,Casa Medina Sanaa,35.5710348,-5.3654332,"https://www.google.com/maps?q=35.5710348,-5.3654332",4.3,Un hébergement idéal pour les voyageurs réputé pour son ambiance conviviale.,Printemps,"gastronomie locale, musées, visite de la médina",Économique,1 semaine,Facile d’accès en transport public,Quartier calme et bien surveillé
Safi,hotel,abda,32.2866377,-9.230962,"https://www.google.com/maps?q=32.2866377,-9.2309620",3.9,Un établissement conçu pour offrir confort et praticité offrant une vue exceptionnelle.,Été,"découverte culturelle, shopping, spa",Moyen,2-3 jours,Facile d’accès en transport public,Zone modérément sécurisée
Safi,hotel,Majestic,32.2976709,-9.2431681,"https://www.google.com/maps?q=32.2976709,-9.2431681",4.0,Un hébergement parfait pour un séjour touristique réputé pour son ambiance conviviale.,Été,"visite de la médina, musées, gastronomie locale",Moyen,1 semaine,Facile d’accès en transport public,Zone touristique sécurisée
Safi,hotel,Hotel Riad Asif,32.2963242,-9.2434586,"https://www.google.com/maps?q=32.2963242,-9.2434586",3.7,Un hébergement idéal pour les voyageurs offrant une vue exceptionnelle.,Été,"gastronomie locale, musées, visite de la médina",Luxe,2-3 jours,Proche du centre-ville et des taxis,Quartier calme et bien surveillé
Safi,hotel,فندق الصويرة,32.2981488,-9.2431248,"https://www.google.com/maps?q=32.2981488,-9.2431248",4.6,Un hébergement idéal pour les voyageurs offrant une vue exceptionnelle.,Automne,"activités de plein air, sites historiques, excursions guidées",Premium,2-3 jours,Proche du centre-ville et des taxis,Zone modérément sécurisée
Safi,hotel,Hôtel Atlantide,32.2946096,-9.2396795,"https://www.google.com/maps?q=32.2946096,-9.2396795",4.9,Une adresse appréciée idéal pour les voyageurs dans un cadre calme et sécurisé.,Été,"sports nautiques, randonnées, plage",Moyen,1 semaine,Accessible en voiture uniquement,Quartier calme et bien surveillé
Safi,hotel,Golden Tulip Farah Safi,32.2955745,-9.2389402,"https://www.google.com/maps?q=32.2955745,-9.2389402",4.3,Un hébergement proche des attractions principales réputé pour son ambiance conviviale.,Été,"gastronomie locale, visite de la médina, musées",Luxe,10 jours,Accessible en voiture uniquement,Environnement très sécurisé
Safi,hotel,assif,32.2940003,-9.2330517,"https://www.google.com/maps?q=32.2940003,-9.2330517",4.7,Un endroit chaleureux conçu pour offrir confort et praticité avec un service remarquable.,Printemps,"musées, gastronomie locale, visite de la médina",Luxe,1 semaine,Situé près d'une gare ou station,Environnement très sécurisé
Safi,hotel,les mimousas (Safi ),32.2913733,-9.2333227,"https://www.google.com/maps?q=32.2913733,-9.2333227",3.4,Un établissement adapté aux familles et aux professionnels offrant une vue exceptionnelle.,Automne,"randonnées, sports nautiques, plage",Économique,2-3 jours,Proche du centre-ville et des taxis,Zone modérément sécurisée
Safi,guest_house,Riad Le Cheval Blanc,32.29822,-9.2429025,"https://www.google.com/maps?q=32.2982200,-9.2429025",4.5,Une adresse appréciée idéal pour les voyageurs dans un cadre calme et sécurisé.,Printemps,"sites historiques, excursions guidées, activités de plein air",Premium,3-5 jours,Situé près d'une gare ou station,Zone touristique sécurisée
Mohammedia,hotel,Riad Jnane,33.6983023,-7.388962,"https://www.google.com/maps?q=33.6983023,-7.3889620",3.7,Un lieu d’accueil parfait pour un séjour touristique avec un service remarquable.,Printemps,"spa, découverte culturelle, shopping",Luxe,10 jours,Situé près d'une gare ou station,Environnement très sécurisé
Mohammedia,hotel,Avanti Mohammedia Hôtel,33.706112,-7.3849016,"https://www.google.com/maps?q=33.7061120,-7.3849016",4.3,Une adresse appréciée adapté aux familles et aux professionnels réputé pour son ambiance conviviale.,Été,"musées, gastronomie locale, visite de la médina",Moyen,10 jours,Proche du centre-ville et des taxis,Zone touristique sécurisée
Mohammedia,hotel,Hotel Sabah,33.7043085,-7.3927124,"https://www.google.com/maps?q=33.7043085,-7.3927124",4.5,Un lieu d’accueil idéal pour les voyageurs proposant un excellent rapport qualité-prix.,Été,"musées, gastronomie locale, visite de la médina",Moyen,1 semaine,Situé près d'une gare ou station,Zone modérément sécurisée
Mohammedia,hotel,Holiday Inn Express,33.7070114,-7.3957822,"https://www.google.com/maps?q=33.7070114,-7.3957822",4.0,Un hébergement conçu pour offrir confort et praticité proposant un excellent rapport qualité-prix.,Hiver,"sites historiques, excursions guidées, activités de plein air",Luxe,1 semaine,Situé près d'une gare ou station,Zone touristique sécurisée
Mohammedia,hotel,Novotel,33.7070007,-7.3954401,"https://www.google.com/maps?q=33.7070007,-7.3954401",4.2,Un hébergement proche des attractions principales avec un service remarquable.,Automne,"découverte culturelle, spa, shopping",Premium,10 jours,Facile d’accès en transport public,Quartier calme et bien surveillé
Mohammedia,guest_house,Résidence Roukia,33.708243,-7.3663364,"https://www.google.com/maps?q=33.7082430,-7.3663364",3.5,Un établissement adapté aux familles et aux professionnels réputé pour son ambiance conviviale.,Automne,"randonnées, plage, sports nautiques",Premium,2-3 jours,Accessible en voiture uniquement,Quartier calme et bien surveillé
Khouribga,hotel,Golden Tulip,32.8971592,-6.9088643,"https://www.google.com/maps?q=32.8971592,-6.9088643",4.0,Un hébergement conçu pour offrir confort et praticité proposant un excellent rapport qualité-prix.,Printemps,"découverte culturelle, spa, shopping",Économique,10 jours,Accessible en voiture uniquement,Zone touristique sécurisée
Khouribga,hotel,Hôtel Chabab,32.8853499,-6.9107635,"https://www.google.com/maps?q=32.8853499,-6.9107635",4.0,Un lieu d’accueil idéal pour les voyageurs réputé pour son ambiance conviviale.,Hiver,"excursions guidées, activités de plein air, sites historiques",Moyen,3-5 jours,Accessible en voiture uniquement,Quartier calme et bien surveillé
Khouribga,hotel,Hotel des hôtes,32.8845525,-6.9120779,"https://www.google.com/maps?q=32.8845525,-6.9120779",4.1,Un hébergement proche des attractions principales avec un service remarquable.,Printemps,"festivals, artisanat local, musique traditionnelle",Moyen,10 jours,Accessible en voiture uniquement,Environnement très sécurisé
Khouribga,hotel,Hôtel Oulad,32.8852717,-6.9103424,"https://www.google.com/maps?q=32.8852717,-6.9103424",4.9,Une adresse appréciée adapté aux familles et aux professionnels offrant une vue exceptionnelle.,Printemps,"spa, shopping, découverte culturelle",Moyen,2-3 jours,Facile d’accès en transport public,Zone touristique sécurisée
Khouribga,guest_house,hay salam,32.8760215,-6.8994904,"https://www.google.com/maps?q=32.8760215,-6.8994904",4.8,Un hébergement parfait pour un séjour touristique proposant un excellent rapport qualité-prix.,Été,"gastronomie locale, visite de la médina, musées",Moyen,2-3 jours,Facile d’accès en transport public,Quartier calme et bien surveillé
El Jadida,hotel,Hotel Le Palais Andalous,33.2516714,-8.5097191,"https://www.google.com/maps?q=33.2516714,-8.5097191",3.6,Une adresse appréciée conçu pour offrir confort et praticité réputé pour son ambiance conviviale.,Automne,"gastronomie locale, visite de la médina, musées",Premium,1 semaine,Situé près d'une gare ou station,Environnement très sécurisé
El Jadida,hotel,Mia Mazagan,33.2444671,-8.4890195,"https://www.google.com/maps?q=33.2444671,-8.4890195",4.3,Un hébergement idéal pour les voyageurs avec un service remarquable.,Automne,"sports nautiques, plage, randonnées",Premium,10 jours,Accessible en voiture uniquement,Quartier calme et bien surveillé
El Jadida,hotel,Ibis,33.2448709,-8.4902426,"https://www.google.com/maps?q=33.2448709,-8.4902426",4.0,Un hébergement proche des attractions principales réputé pour son ambiance conviviale.,Printemps,"découverte culturelle, spa, shopping",Économique,1 semaine,Facile d’accès en transport public,Quartier calme et bien surveillé
El Jadida,hotel,Hôtel La Place,33.2513354,-8.5035402,"https://www.google.com/maps?q=33.2513354,-8.5035402",4.5,Un hébergement proche des attractions principales avec un service remarquable.,Hiver,"découverte culturelle, shopping, spa",Économique,1 semaine,Accessible en voiture uniquement,Zone modérément sécurisée
El Jadida,hotel,Hotel El Jadida فندق الجديدة,33.2549349,-8.5056874,"https://www.google.com/maps?q=33.2549349,-8.5056874",4.8,Un hébergement idéal pour les voyageurs avec un service remarquable.,Hiver,"plage, sports nautiques, randonnées",Luxe,10 jours,Situé près d'une gare ou station,Zone modérément sécurisée
El Jadida,hotel,Hôtel Bordeaux,33.2539559,-8.5053543,"https://www.google.com/maps?q=33.2539559,-8.5053543",3.9,Un endroit chaleureux parfait pour un séjour touristique proposant un excellent rapport qualité-prix.,Été,"musées, visite de la médina, gastronomie locale",Premium,10 jours,Situé près d'une gare ou station,Zone modérément sécurisée
El Jadida,hotel,Maison D'Hôtes Cité Portugaise,33.2561339,-8.5020073,"https://www.google.com/maps?q=33.2561339,-8.5020073",4.6,Un hébergement proche des attractions principales proposant un excellent rapport qualité-prix.,Printemps,"découverte culturelle, shopping, spa",Luxe,1 semaine,Accessible en voiture uniquement,Environnement très sécurisé
El Jadida,hotel,Riad Ksar El Jadida,33.2560776,-8.5019743,"https://www.google.com/maps?q=33.2560776,-8.5019743",3.6,Un hébergement adapté aux familles et aux professionnels dans un cadre calme et sécurisé.,Hiver,"sports nautiques, plage, randonnées",Luxe,1 semaine,Facile d’accès en transport public,Zone touristique sécurisée
El Jadida,hotel,Art House,33.2561551,-8.5030016,"https://www.google.com/maps?q=33.2561551,-8.5030016",4.7,Un hébergement conçu pour offrir confort et praticité offrant une vue exceptionnelle.,Été,"gastronomie locale, visite de la médina, musées",Moyen,3-5 jours,Proche du centre-ville et des taxis,Zone modérément sécurisée
El Jadida,hotel,Oceana Mazagan,33.2437949,-8.4833002,"https://www.google.com/maps?q=33.2437949,-8.4833002",3.8,Un endroit chaleureux proche des attractions principales offrant une vue exceptionnelle.,Hiver,"musique traditionnelle, artisanat local, festivals",Économique,10 jours,Facile d’accès en transport public,Zone modérément sécurisée
El Jadida,hotel,Hôtel Suisse,33.2538331,-8.5081889,"https://www.google.com/maps?q=33.2538331,-8.5081889",3.7,Un hébergement adapté aux familles et aux professionnels proposant un excellent rapport qualité-prix.,Hiver,"musique traditionnelle, festivals, artisanat local",Premium,10 jours,Situé près d'une gare ou station,Quartier calme et bien surveillé
El Jadida,hotel,Ibis,33.2447469,-8.489818,"https://www.google.com/maps?q=33.2447469,-8.4898180",4.3,Une adresse appréciée adapté aux familles et aux professionnels réputé pour son ambiance conviviale.,Été,"découverte culturelle, spa, shopping",Luxe,1 semaine,Accessible en voiture uniquement,Quartier calme et bien surveillé
El Jadida,hotel,Ragazzi,33.2435419,-8.4963274,"https://www.google.com/maps?q=33.2435419,-8.4963274",4.6,Un endroit chaleureux adapté aux familles et aux professionnels offrant une vue exceptionnelle.,Printemps,"randonnées, plage, sports nautiques",Moyen,2-3 jours,Facile d’accès en transport public,Environnement très sécurisé
El Jadida,hotel,Le Palais Andalous,33.2516792,-8.5097204,"https://www.google.com/maps?q=33.2516792,-8.5097204",3.6,Une adresse appréciée idéal pour les voyageurs avec un service remarquable.,Hiver,"excursions guidées, sites historiques, activités de plein air",Premium,10 jours,Facile d’accès en transport public,Zone touristique sécurisée
El Jadida,hotel,L'Iglesia,33.2562652,-8.5012348,"https://www.google.com/maps?q=33.2562652,-8.5012348",4.3,Un établissement proche des attractions principales réputé pour son ambiance conviviale.,Printemps,"festivals, artisanat local, musique traditionnelle",Luxe,1 semaine,Facile d’accès en transport public,Zone modérément sécurisée
El Jadida,hotel,Hotel Amwaj,33.2439817,-8.4787844,"https://www.google.com/maps?q=33.2439817,-8.4787844",3.6,Un endroit chaleureux idéal pour les voyageurs avec un service remarquable.,Automne,"artisanat local, musique traditionnelle, festivals",Économique,10 jours,Situé près d'une gare ou station,Environnement très sécurisé
El Jadida,hotel,Del Mar Hotel,33.2436998,-8.4833209,"https://www.google.com/maps?q=33.2436998,-8.4833209",4.1,Un lieu d’accueil adapté aux familles et aux professionnels offrant une vue exceptionnelle.,Automne,"sports nautiques, plage, randonnées",Luxe,2-3 jours,Situé près d'une gare ou station,Zone modérément sécurisée
El Jadida,hotel,Mia Mazagan,33.2444706,-8.4893106,"https://www.google.com/maps?q=33.2444706,-8.4893106",3.3,Un endroit chaleureux adapté aux familles et aux professionnels avec un service remarquable.,Hiver,"gastronomie locale, visite de la médina, musées",Moyen,10 jours,Facile d’accès en transport public,Zone touristique sécurisée
El Jadida,hotel,Ibis,33.2449103,-8.4903621,"https://www.google.com/maps?q=33.2449103,-8.4903621",4.1,Un hébergement adapté aux familles et aux professionnels offrant une vue exceptionnelle.,Automne,"visite de la médina, gastronomie locale, musées",Luxe,2-3 jours,Accessible en voiture uniquement,Zone touristique sécurisée
El Jadida,hotel,Hotel Yahya,33.2425336,-8.4964888,"https://www.google.com/maps?q=33.2425336,-8.4964888",5.0,Un établissement conçu pour offrir confort et praticité offrant une vue exceptionnelle.,Été,"excursions guidées, sites historiques, activités de plein air",Moyen,10 jours,Proche du centre-ville et des taxis,Quartier calme et bien surveillé
El Jadida,hotel,Villa Amira,33.233306,-8.5000263,"https://www.google.com/maps?q=33.2333060,-8.5000263",3.5,Une adresse appréciée conçu pour offrir confort et praticité avec un service remarquable.,Printemps,"shopping, découverte culturelle, spa",Économique,3-5 jours,Proche du centre-ville et des taxis,Zone modérément sécurisée
El Jadida,hotel,Hotel El Morabitine,33.2443623,-8.4952286,"https://www.google.com/maps?q=33.2443623,-8.4952286",3.1,Un lieu d’accueil parfait pour un séjour touristique offrant une vue exceptionnelle.,Été,"sports nautiques, randonnées, plage",Économique,10 jours,Accessible en voiture uniquement,Zone touristique sécurisée
El Jadida,hotel,Al Khansaa,33.2449208,-8.4979461,"https://www.google.com/maps?q=33.2449208,-8.4979461",3.9,Un endroit chaleureux parfait pour un séjour touristique avec un service remarquable.,Hiver,"spa, shopping, découverte culturelle",Premium,1 semaine,Situé près d'une gare ou station,Environnement très sécurisé
El Jadida,hotel,Centre Ville,33.2482845,-8.4984573,"https://www.google.com/maps?q=33.2482845,-8.4984573",4.7,Une adresse appréciée conçu pour offrir confort et praticité réputé pour son ambiance conviviale.,Hiver,"sports nautiques, plage, randonnées",Moyen,3-5 jours,Proche du centre-ville et des taxis,Zone modérément sécurisée
El Jadida,hotel,Dar El Breija,33.2487715,-8.4995141,"https://www.google.com/maps?q=33.2487715,-8.4995141",4.8,Un endroit chaleureux conçu pour offrir confort et praticité réputé pour son ambiance conviviale.,Automne,"découverte culturelle, shopping, spa",Luxe,10 jours,Proche du centre-ville et des taxis,Zone touristique sécurisée
El Jadida,hotel,Hotel Royal,33.2486984,-8.5016173,"https://www.google.com/maps?q=33.2486984,-8.5016173",3.6,Un lieu d’accueil idéal pour les voyageurs offrant une vue exceptionnelle.,Automne,"visite de la médina, musées, gastronomie locale",Premium,1 semaine,Situé près d'une gare ou station,Zone touristique sécurisée
El Jadida,hotel,Art Suites El Jadida,33.25067,-8.5026803,"https://www.google.com/maps?q=33.2506700,-8.5026803",3.0,Un établissement adapté aux familles et aux professionnels offrant une vue exceptionnelle.,Printemps,"shopping, découverte culturelle, spa",Économique,1 semaine,Accessible en voiture uniquement,Zone modérément sécurisée
El Jadida,hotel,PalmTree,33.2422306,-8.49036,"https://www.google.com/maps?q=33.2422306,-8.4903600",4.8,Un lieu d’accueil proche des attractions principales réputé pour son ambiance conviviale.,Automne,"musées, visite de la médina, gastronomie locale",Moyen,1 semaine,Situé près d'une gare ou station,Zone touristique sécurisée
El Jadida,hotel,Hotel Cristour,33.2515907,-8.5029521,"https://www.google.com/maps?q=33.2515907,-8.5029521",3.9,Un établissement idéal pour les voyageurs proposant un excellent rapport qualité-prix.,Été,"shopping, découverte culturelle, spa",Moyen,1 semaine,Accessible en voiture uniquement,Zone touristique sécurisée
El Jadida,hotel,Hotel France ( Ex Atlantis ),33.2529548,-8.5024774,"https://www.google.com/maps?q=33.2529548,-8.5024774",3.3,Un hébergement adapté aux familles et aux professionnels offrant une vue exceptionnelle.,Hiver,"sites historiques, excursions guidées, activités de plein air",Luxe,2-3 jours,Proche du centre-ville et des taxis,Zone modérément sécurisée
El Jadida,hotel,Hotel Maghreb,33.2531458,-8.5025822,"https://www.google.com/maps?q=33.2531458,-8.5025822",5.0,Un hébergement parfait pour un séjour touristique dans un cadre calme et sécurisé.,Printemps,"visite de la médina, musées, gastronomie locale",Économique,1 semaine,Accessible en voiture uniquement,Zone touristique sécurisée
El Jadida,hotel,Hotel Verdi,33.2463164,-8.5062374,"https://www.google.com/maps?q=33.2463164,-8.5062374",3.3,Un établissement conçu pour offrir confort et praticité dans un cadre calme et sécurisé.,Hiver,"visite de la médina, musées, gastronomie locale",Moyen,3-5 jours,Facile d’accès en transport public,Zone touristique sécurisée
El Jadida,hotel,La Cité Portugaise,33.2561532,-8.501965,"https://www.google.com/maps?q=33.2561532,-8.5019650",3.6,Un établissement adapté aux familles et aux professionnels proposant un excellent rapport qualité-prix.,Hiver,"shopping, spa, découverte culturelle",Luxe,1 semaine,Proche du centre-ville et des taxis,Zone touristique sécurisée
El Jadida,hotel,Riad Ksar El Jadida,33.2560974,-8.5019212,"https://www.google.com/maps?q=33.2560974,-8.5019212",3.1,Un établissement conçu pour offrir confort et praticité réputé pour son ambiance conviviale.,Printemps,"sports nautiques, plage, randonnées",Premium,2-3 jours,Proche du centre-ville et des taxis,Environnement très sécurisé
El Jadida,hotel,Dar Yasmina,33.2564292,-8.5033501,"https://www.google.com/maps?q=33.2564292,-8.5033501",4.6,Une adresse appréciée idéal pour les voyageurs réputé pour son ambiance conviviale.,Hiver,"musique traditionnelle, artisanat local, festivals",Économique,10 jours,Accessible en voiture uniquement,Zone modérément sécurisée
El Jadida,hotel,Dar Fatima,33.2569824,-8.503513,"https://www.google.com/maps?q=33.2569824,-8.5035130",4.6,Un hébergement proche des attractions principales réputé pour son ambiance conviviale.,Été,"excursions guidées, sites historiques, activités de plein air",Premium,1 semaine,Accessible en voiture uniquement,Environnement très sécurisé
El Jadida,hotel,Dar Statia,33.2569986,-8.5024068,"https://www.google.com/maps?q=33.2569986,-8.5024068",3.9,Un endroit chaleureux parfait pour un séjour touristique proposant un excellent rapport qualité-prix.,Automne,"musées, visite de la médina, gastronomie locale",Économique,2-3 jours,Situé près d'une gare ou station,Zone modérément sécurisée
El Jadida,hotel,B&B Dar El Jadida,33.2574792,-8.5022164,"https://www.google.com/maps?q=33.2574792,-8.5022164",3.3,Un endroit chaleureux proche des attractions principales offrant une vue exceptionnelle.,Printemps,"plage, sports nautiques, randonnées",Premium,3-5 jours,Proche du centre-ville et des taxis,Zone modérément sécurisée
El Jadida,hotel,Art Riad,33.2575547,-8.5018114,"https://www.google.com/maps?q=33.2575547,-8.5018114",3.3,Une adresse appréciée adapté aux familles et aux professionnels dans un cadre calme et sécurisé.,Automne,"visite de la médina, musées, gastronomie locale",Premium,1 semaine,Proche du centre-ville et des taxis,Environnement très sécurisé
El Jadida,hotel,A Casa Da Maré,33.2577165,-8.5014859,"https://www.google.com/maps?q=33.2577165,-8.5014859",4.6,Un hébergement parfait pour un séjour touristique dans un cadre calme et sécurisé.,Printemps,"sports nautiques, plage, randonnées",Luxe,2-3 jours,Situé près d'une gare ou station,Zone modérément sécurisée
El Jadida,hotel,Riad Le Mazagao,33.2562886,-8.5045917,"https://www.google.com/maps?q=33.2562886,-8.5045917",3.7,Un établissement adapté aux familles et aux professionnels dans un cadre calme et sécurisé.,Automne,"sites historiques, excursions guidées, activités de plein air",Premium,1 semaine,Situé près d'une gare ou station,Zone modérément sécurisée
El Jadida,hotel,Hotel En Ruine,33.2545235,-8.5046121,"https://www.google.com/maps?q=33.2545235,-8.5046121",4.2,Un hébergement idéal pour les voyageurs proposant un excellent rapport qualité-prix.,Automne,"plage, randonnées, sports nautiques",Moyen,10 jours,Situé près d'une gare ou station,Zone touristique sécurisée
El Jadida,hotel,Maison des Epices,33.2534837,-8.5052648,"https://www.google.com/maps?q=33.2534837,-8.5052648",3.0,Un endroit chaleureux idéal pour les voyageurs offrant une vue exceptionnelle.,Printemps,"visite de la médina, musées, gastronomie locale",Premium,1 semaine,Facile d’accès en transport public,Quartier calme et bien surveillé
El Jadida,hotel,Hotel Bordeaux,33.2539328,-8.5053416,"https://www.google.com/maps?q=33.2539328,-8.5053416",4.6,Un endroit chaleureux parfait pour un séjour touristique dans un cadre calme et sécurisé.,Été,"gastronomie locale, visite de la médina, musées",Luxe,10 jours,Situé près d'une gare ou station,Zone modérément sécurisée
El Jadida,hotel,Hotel De Nice,33.2545206,-8.5049173,"https://www.google.com/maps?q=33.2545206,-8.5049173",4.7,Un endroit chaleureux conçu pour offrir confort et praticité dans un cadre calme et sécurisé.,Hiver,"gastronomie locale, visite de la médina, musées",Premium,2-3 jours,Situé près d'une gare ou station,Environnement très sécurisé
El Jadida,hotel,Hotel El Jadida,33.2549224,-8.5056638,"https://www.google.com/maps?q=33.2549224,-8.5056638",4.3,Un endroit chaleureux parfait pour un séjour touristique offrant une vue exceptionnelle.,Hiver,"randonnées, sports nautiques, plage",Économique,10 jours,Facile d’accès en transport public,Environnement très sécurisé
El Jadida,hotel,Hotel de La Place,33.2512971,-8.5035112,"https://www.google.com/maps?q=33.2512971,-8.5035112",3.9,Un établissement adapté aux familles et aux professionnels dans un cadre calme et sécurisé.,Automne,"sites historiques, activités de plein air, excursions guidées",Luxe,1 semaine,Accessible en voiture uniquement,Zone modérément sécurisée
El Jadida,hotel,Foundouk El Bacha,33.2536748,-8.5095868,"https://www.google.com/maps?q=33.2536748,-8.5095868",3.8,Une adresse appréciée parfait pour un séjour touristique offrant une vue exceptionnelle.,Automne,"artisanat local, musique traditionnelle, festivals",Moyen,1 semaine,Accessible en voiture uniquement,Zone modérément sécurisée
El Jadida,hotel,Hotel Jahwara El Jadida,33.2429225,-8.4784871,"https://www.google.com/maps?q=33.2429225,-8.4784871",3.3,Un lieu d’accueil adapté aux familles et aux professionnels proposant un excellent rapport qualité-prix.,Été,"artisanat local, musique traditionnelle, festivals",Luxe,2-3 jours,Situé près d'une gare ou station,Environnement très sécurisé
El Jadida,hotel,Pyramides,33.2435874,-8.4888541,"https://www.google.com/maps?q=33.2435874,-8.4888541",3.7,Un établissement adapté aux familles et aux professionnels réputé pour son ambiance conviviale.,Été,"musique traditionnelle, festivals, artisanat local",Luxe,3-5 jours,Facile d’accès en transport public,Quartier calme et bien surveillé
El Jadida,guest_house,Riad La VIlla & SPA,33.2589196,-8.5059665,"https://www.google.com/maps?q=33.2589196,-8.5059665",3.1,Un établissement idéal pour les voyageurs offrant une vue exceptionnelle.,Printemps,"activités de plein air, excursions guidées, sites historiques",Luxe,3-5 jours,Accessible en voiture uniquement,Zone modérément sécurisée
El Jadida,guest_house,Riad Soleil D'Orient,33.2567576,-8.5092751,"https://www.google.com/maps?q=33.2567576,-8.5092751",3.8,Une adresse appréciée proche des attractions principales dans un cadre calme et sécurisé.,Été,"activités de plein air, excursions guidées, sites historiques",Luxe,3-5 jours,Situé près d'une gare ou station,Zone touristique sécurisée
El Jadida,guest_house,Riad La Maison des Épices à El Jadida,33.2534475,-8.5051557,"https://www.google.com/maps?q=33.2534475,-8.5051557",4.4,Un lieu d’accueil proche des attractions principales offrant une vue exceptionnelle.,Printemps,"musées, visite de la médina, gastronomie locale",Moyen,10 jours,Accessible en voiture uniquement,Environnement très sécurisé
El Jadida,guest_house,B&B Dar El Jadida,33.2574832,-8.5022245,"https://www.google.com/maps?q=33.2574832,-8.5022245",3.4,Un hébergement adapté aux familles et aux professionnels réputé pour son ambiance conviviale.,Hiver,"musées, gastronomie locale, visite de la médina",Moyen,10 jours,Facile d’accès en transport public,Environnement très sécurisé
El Jadida,guest_house,Burn out,33.2539013,-8.5127491,"https://www.google.com/maps?q=33.2539013,-8.5127491",3.5,Une adresse appréciée parfait pour un séjour touristique dans un cadre calme et sécurisé.,Automne,"visite de la médina, musées, gastronomie locale",Moyen,1 semaine,Proche du centre-ville et des taxis,Quartier calme et bien surveillé
El Jadida,guest_house,Dar Ettaki Workation Riad Cité Portugaise Mazagan,33.2570726,-8.5020647,"https://www.google.com/maps?q=33.2570726,-8.5020647",3.8,Un endroit chaleureux conçu pour offrir confort et praticité dans un cadre calme et sécurisé.,Hiver,"activités de plein air, sites historiques, excursions guidées",Premium,2-3 jours,Proche du centre-ville et des taxis,Zone touristique sécurisée
El Jadida,chalet,Club Vacance Sodep Marsa Maroc,33.2435302,-8.4791978,"https://www.google.com/maps?q=33.2435302,-8.4791978",3.2,Un établissement idéal pour les voyageurs proposant un excellent rapport qualité-prix.,Hiver,"festivals, musique traditionnelle, artisanat local",Moyen,3-5 jours,Situé près d'une gare ou station,Quartier calme et bien surveillé
El Jadida,chalet,Club de l'Ormvad,33.2430049,-8.4866506,"https://www.google.com/maps?q=33.2430049,-8.4866506",3.9,Un hébergement parfait pour un séjour touristique avec un service remarquable.,Printemps,"randonnées, plage, sports nautiques",Luxe,1 semaine,Proche du centre-ville et des taxis,Environnement très sécurisé
El Jadida,chalet,Centre Estival FAR,33.2434107,-8.4908114,"https://www.google.com/maps?q=33.2434107,-8.4908114",4.4,Un établissement parfait pour un séjour touristique avec un service remarquable.,Automne,"festivals, musique traditionnelle, artisanat local",Luxe,3-5 jours,Proche du centre-ville et des taxis,Environnement très sécurisé
Nador,hotel,Hotel Al Khattabi فندق الخطابي,35.1741386,-2.9212711,"https://www.google.com/maps?q=35.1741386,-2.9212711",3.2,Un endroit chaleureux proche des attractions principales réputé pour son ambiance conviviale.,Hiver,"randonnées, plage, sports nautiques",Économique,2-3 jours,Situé près d'une gare ou station,Zone touristique sécurisée
Nador,hotel,Al Hilal الهلال,35.1735738,-2.9215789,"https://www.google.com/maps?q=35.1735738,-2.9215789",3.9,Un endroit chaleureux proche des attractions principales offrant une vue exceptionnelle.,Hiver,"musique traditionnelle, festivals, artisanat local",Moyen,1 semaine,Facile d’accès en transport public,Zone modérément sécurisée
Nador,hotel,Hotel Nador فندق الناظور,35.1740761,-2.9214681,"https://www.google.com/maps?q=35.1740761,-2.9214681",4.5,Un hébergement conçu pour offrir confort et praticité avec un service remarquable.,Hiver,"activités de plein air, excursions guidées, sites historiques",Économique,3-5 jours,Situé près d'une gare ou station,Zone touristique sécurisée
Nador,hotel,Hotel Alhabib فندق الحبيب,35.1739696,-2.9205141,"https://www.google.com/maps?q=35.1739696,-2.9205141",4.9,Un hébergement adapté aux familles et aux professionnels dans un cadre calme et sécurisé.,Printemps,"sports nautiques, plage, randonnées",Premium,2-3 jours,Proche du centre-ville et des taxis,Zone modérément sécurisée
Nador,hotel,Hotel La Giralda,35.1723142,-2.9271739,"https://www.google.com/maps?q=35.1723142,-2.9271739",3.2,Un établissement adapté aux familles et aux professionnels dans un cadre calme et sécurisé.,Printemps,"sports nautiques, plage, randonnées",Moyen,3-5 jours,Situé près d'une gare ou station,Environnement très sécurisé
Nador,hotel,Hotel Lixus,35.1722222,-2.9273564,"https://www.google.com/maps?q=35.1722222,-2.9273564",4.6,Un établissement conçu pour offrir confort et praticité offrant une vue exceptionnelle.,Hiver,"randonnées, plage, sports nautiques",Moyen,1 semaine,Situé près d'une gare ou station,Environnement très sécurisé
Nador,hotel,Mediterannee,35.1790458,-2.922049,"https://www.google.com/maps?q=35.1790458,-2.9220490",3.5,Un lieu d’accueil conçu pour offrir confort et praticité offrant une vue exceptionnelle.,Hiver,"découverte culturelle, spa, shopping",Moyen,3-5 jours,Accessible en voiture uniquement,Environnement très sécurisé
Nador,hotel,Hôtel Molen Nador,35.1527438,-2.9256192,"https://www.google.com/maps?q=35.1527438,-2.9256192",3.0,Un établissement idéal pour les voyageurs dans un cadre calme et sécurisé.,Printemps,"festivals, musique traditionnelle, artisanat local",Premium,2-3 jours,Situé près d'une gare ou station,Environnement très sécurisé
Nador,hotel,فندق المغرب الكبير,35.180169,-2.9245099,"https://www.google.com/maps?q=35.1801690,-2.9245099",3.1,Un hébergement parfait pour un séjour touristique avec un service remarquable.,Été,"spa, shopping, découverte culturelle",Luxe,1 semaine,Accessible en voiture uniquement,Quartier calme et bien surveillé
Nador,hotel,Corniche Hotel,35.174646,-2.919868,"https://www.google.com/maps?q=35.1746460,-2.9198680",4.6,Un hébergement idéal pour les voyageurs dans un cadre calme et sécurisé.,Automne,"sites historiques, activités de plein air, excursions guidées",Premium,2-3 jours,Proche du centre-ville et des taxis,Quartier calme et bien surveillé
Nador,hotel,Al Andalus,35.1787503,-2.9265074,"https://www.google.com/maps?q=35.1787503,-2.9265074",3.5,Un endroit chaleureux conçu pour offrir confort et praticité avec un service remarquable.,Printemps,"musées, visite de la médina, gastronomie locale",Moyen,2-3 jours,Facile d’accès en transport public,Zone touristique sécurisée
Nador,hotel,Hotel Ryad,35.1796066,-2.9271347,"https://www.google.com/maps?q=35.1796066,-2.9271347",4.1,Un endroit chaleureux adapté aux familles et aux professionnels avec un service remarquable.,Printemps,"visite de la médina, gastronomie locale, musées",Luxe,10 jours,Accessible en voiture uniquement,Quartier calme et bien surveillé
Nador,hotel,فندق المطار,35.1514112,-2.9209205,"https://www.google.com/maps?q=35.1514112,-2.9209205",3.5,Un lieu d’accueil idéal pour les voyageurs offrant une vue exceptionnelle.,Hiver,"festivals, artisanat local, musique traditionnelle",Luxe,1 semaine,Situé près d'une gare ou station,Quartier calme et bien surveillé
Nador,hotel,Hotel Babel,35.1689558,-2.9246914,"https://www.google.com/maps?q=35.1689558,-2.9246914",3.7,Un établissement parfait pour un séjour touristique avec un service remarquable.,Printemps,"excursions guidées, activités de plein air, sites historiques",Économique,1 semaine,Accessible en voiture uniquement,Quartier calme et bien surveillé
Nador,hotel,Hotel Annakhil,35.1779981,-2.9307595,"https://www.google.com/maps?q=35.1779981,-2.9307595",4.7,Un hébergement idéal pour les voyageurs offrant une vue exceptionnelle.,Été,"festivals, artisanat local, musique traditionnelle",Luxe,2-3 jours,Proche du centre-ville et des taxis,Zone touristique sécurisée
Beni Mellal,hotel,Iman Alkhalil,32.3375903,-6.3734364,"https://www.google.com/maps?q=32.3375903,-6.3734364",4.1,Un lieu d’accueil idéal pour les voyageurs offrant une vue exceptionnelle.,Automne,"plage, randonnées, sports nautiques",Moyen,10 jours,Accessible en voiture uniquement,Zone modérément sécurisée
Beni Mellal,hotel,Tasmmet,32.3358368,-6.352411,"https://www.google.com/maps?q=32.3358368,-6.3524110",4.6,Une adresse appréciée proche des attractions principales dans un cadre calme et sécurisé.,Printemps,"spa, shopping, découverte culturelle",Luxe,1 semaine,Facile d’accès en transport public,Quartier calme et bien surveillé
Beni Mellal,hotel,Hotel Gharnata,32.3343178,-6.3584595,"https://www.google.com/maps?q=32.3343178,-6.3584595",4.6,Une adresse appréciée proche des attractions principales proposant un excellent rapport qualité-prix.,Automne,"shopping, spa, découverte culturelle",Moyen,3-5 jours,Facile d’accès en transport public,Environnement très sécurisé
Beni Mellal,hotel,Hotel Béni - Mellal Atlass,32.3338491,-6.3636162,"https://www.google.com/maps?q=32.3338491,-6.3636162",4.2,Un lieu d’accueil proche des attractions principales proposant un excellent rapport qualité-prix.,Printemps,"gastronomie locale, visite de la médina, musées",Moyen,10 jours,Proche du centre-ville et des taxis,Quartier calme et bien surveillé
Beni Mellal,hotel,hôtel Charaf,32.3441442,-6.3576643,"https://www.google.com/maps?q=32.3441442,-6.3576643",3.1,Un établissement idéal pour les voyageurs réputé pour son ambiance conviviale.,Été,"sites historiques, activités de plein air, excursions guidées",Premium,10 jours,Situé près d'une gare ou station,Quartier calme et bien surveillé
Beni Mellal,hotel,hôtel al bassatine,32.3365972,-6.3738331,"https://www.google.com/maps?q=32.3365972,-6.3738331",4.9,Un établissement idéal pour les voyageurs offrant une vue exceptionnelle.,Hiver,"activités de plein air, excursions guidées, sites historiques",Moyen,3-5 jours,Accessible en voiture uniquement,Zone touristique sécurisée
Beni Mellal,hotel,hôtel Beni Day,32.3373919,-6.3735399,"https://www.google.com/maps?q=32.3373919,-6.3735399",4.4,Un endroit chaleureux parfait pour un séjour touristique avec un service remarquable.,Hiver,"sports nautiques, plage, randonnées",Économique,2-3 jours,Situé près d'une gare ou station,Quartier calme et bien surveillé
Beni Mellal,hotel,hotel Imane Al khalil,32.3377576,-6.3732681,"https://www.google.com/maps?q=32.3377576,-6.3732681",4.3,Un lieu d’accueil proche des attractions principales proposant un excellent rapport qualité-prix.,Printemps,"découverte culturelle, shopping, spa",Moyen,10 jours,Facile d’accès en transport public,Zone modérément sécurisée
Beni Mellal,hotel,hôtel Hannioui,32.3442195,-6.3616944,"https://www.google.com/maps?q=32.3442195,-6.3616944",3.0,Un établissement parfait pour un séjour touristique dans un cadre calme et sécurisé.,Été,"visite de la médina, gastronomie locale, musées",Luxe,1 semaine,Facile d’accès en transport public,Zone modérément sécurisée
Beni Mellal,hotel,Hôtel Hadaik Ain Asserdoune,32.3408874,-6.370018,"https://www.google.com/maps?q=32.3408874,-6.3700180",3.5,Un lieu d’accueil proche des attractions principales réputé pour son ambiance conviviale.,Hiver,"activités de plein air, excursions guidées, sites historiques",Économique,1 semaine,Accessible en voiture uniquement,Zone touristique sécurisée
Beni Mellal,hotel,Ftah,32.3342459,-6.3536524,"https://www.google.com/maps?q=32.3342459,-6.3536524",3.7,Un hébergement adapté aux familles et aux professionnels offrant une vue exceptionnelle.,Hiver,"découverte culturelle, shopping, spa",Luxe,10 jours,Proche du centre-ville et des taxis,Environnement très sécurisé
Beni Mellal,guest_house,notre maison,32.3401302,-6.3660531,"https://www.google.com/maps?q=32.3401302,-6.3660531",3.8,Un hébergement idéal pour les voyageurs proposant un excellent rapport qualité-prix.,Hiver,"shopping, spa, découverte culturelle",Luxe,3-5 jours,Proche du centre-ville et des taxis,Zone modérément sécurisée
Beni Mellal,apartment,نبيل بني ملال,32.3520397,-6.3431918,"https://www.google.com/maps?q=32.3520397,-6.3431918",3.4,Un établissement conçu pour offrir confort et praticité proposant un excellent rapport qualité-prix.,Été,"festivals, artisanat local, musique traditionnelle",Premium,2-3 jours,Situé près d'une gare ou station,Zone touristique sécurisée
Guelmim,hotel,فندق الملتقى,28.9873499,-10.0574477,"https://www.google.com/maps?q=28.9873499,-10.0574477",3.5,Un endroit chaleureux adapté aux familles et aux professionnels dans un cadre calme et sécurisé.,Hiver,"spa, découverte culturelle, shopping",Luxe,1 semaine,Facile d’accès en transport public,Zone modérément sécurisée
Guelmim,hotel,Hotel Qoods,28.9891358,-10.0561276,"https://www.google.com/maps?q=28.9891358,-10.0561276",3.8,Une adresse appréciée parfait pour un séjour touristique dans un cadre calme et sécurisé.,Été,"gastronomie locale, musées, visite de la médina",Économique,1 semaine,Accessible en voiture uniquement,Environnement très sécurisé
Berkane,hotel,Hôtel Zaki نزل الزاكي,34.9286512,-2.3256322,"https://www.google.com/maps?q=34.9286512,-2.3256322",4.3,Un établissement conçu pour offrir confort et praticité offrant une vue exceptionnelle.,Printemps,"excursions guidées, sites historiques, activités de plein air",Économique,1 semaine,Proche du centre-ville et des taxis,Zone modérément sécurisée
Al Hoceïma,hotel,Hôtel Basilic,35.245033,-3.9306214,"https://www.google.com/maps?q=35.2450330,-3.9306214",3.1,Un endroit chaleureux conçu pour offrir confort et praticité avec un service remarquable.,Été,"randonnées, sports nautiques, plage",Moyen,10 jours,Proche du centre-ville et des taxis,Quartier calme et bien surveillé
Al Hoceïma,hotel,La Perla Bleue,35.2335156,-3.9273189,"https://www.google.com/maps?q=35.2335156,-3.9273189",3.0,Un hébergement conçu pour offrir confort et praticité avec un service remarquable.,Automne,"sports nautiques, randonnées, plage",Économique,3-5 jours,Situé près d'une gare ou station,Zone touristique sécurisée
Al Hoceïma,hotel,Mira Palace,35.2492871,-3.945557,"https://www.google.com/maps?q=35.2492871,-3.9455570",4.0,Un lieu d’accueil adapté aux familles et aux professionnels dans un cadre calme et sécurisé.,Hiver,"gastronomie locale, visite de la médina, musées",Luxe,3-5 jours,Proche du centre-ville et des taxis,Environnement très sécurisé
Al Hoceïma,hotel,Mercure,35.2447289,-3.926608,"https://www.google.com/maps?q=35.2447289,-3.9266080",4.3,Un endroit chaleureux conçu pour offrir confort et praticité proposant un excellent rapport qualité-prix.,Automne,"découverte culturelle, shopping, spa",Premium,2-3 jours,Accessible en voiture uniquement,Zone touristique sécurisée
Ouarzazate,hotel,Dar Bladi,30.905429,-6.8802079,"https://www.google.com/maps?q=30.9054290,-6.8802079",4.0,Un hébergement parfait pour un séjour touristique réputé pour son ambiance conviviale.,Printemps,"plage, sports nautiques, randonnées",Économique,1 semaine,Facile d’accès en transport public,Environnement très sécurisé
Ouarzazate,hotel,Dar Daif,30.905816,-6.8798006,"https://www.google.com/maps?q=30.9058160,-6.8798006",3.5,Une adresse appréciée conçu pour offrir confort et praticité proposant un excellent rapport qualité-prix.,Printemps,"sites historiques, activités de plein air, excursions guidées",Économique,2-3 jours,Situé près d'une gare ou station,Environnement très sécurisé
Ouarzazate,hotel,Fint,30.9212176,-6.8985128,"https://www.google.com/maps?q=30.9212176,-6.8985128",4.9,Un lieu d’accueil adapté aux familles et aux professionnels réputé pour son ambiance conviviale.,Automne,"plage, randonnées, sports nautiques",Économique,3-5 jours,Facile d’accès en transport public,Environnement très sécurisé
Ouarzazate,hotel,Riad Ouarzazate,30.9294113,-6.8986862,"https://www.google.com/maps?q=30.9294113,-6.8986862",3.4,Un établissement proche des attractions principales proposant un excellent rapport qualité-prix.,Été,"artisanat local, musique traditionnelle, festivals",Premium,1 semaine,Facile d’accès en transport public,Environnement très sécurisé
Ouarzazate,hotel,Le petit riad,30.9304311,-6.8973297,"https://www.google.com/maps?q=30.9304311,-6.8973297",4.0,Un lieu d’accueil conçu pour offrir confort et praticité réputé pour son ambiance conviviale.,Printemps,"musées, visite de la médina, gastronomie locale",Premium,3-5 jours,Accessible en voiture uniquement,Environnement très sécurisé
Ouarzazate,hotel,Aigle Hotel,30.9229109,-6.8973257,"https://www.google.com/maps?q=30.9229109,-6.8973257",3.9,Un endroit chaleureux conçu pour offrir confort et praticité avec un service remarquable.,Printemps,"visite de la médina, musées, gastronomie locale",Luxe,10 jours,Facile d’accès en transport public,Quartier calme et bien surveillé
Ouarzazate,hotel,Dar Chamaa,30.9037259,-6.8958116,"https://www.google.com/maps?q=30.9037259,-6.8958116",4.6,Une adresse appréciée parfait pour un séjour touristique réputé pour son ambiance conviviale.,Été,"excursions guidées, activités de plein air, sites historiques",Luxe,10 jours,Situé près d'une gare ou station,Quartier calme et bien surveillé
Ouarzazate,hotel,Ecolodge l'ile de Ouarzazate,30.9061766,-6.8575649,"https://www.google.com/maps?q=30.9061766,-6.8575649",4.2,Une adresse appréciée idéal pour les voyageurs avec un service remarquable.,Hiver,"excursions guidées, sites historiques, activités de plein air",Luxe,1 semaine,Proche du centre-ville et des taxis,Environnement très sécurisé
Ouarzazate,hotel,Riad Hanan,30.9042642,-6.8701252,"https://www.google.com/maps?q=30.9042642,-6.8701252",4.8,Un endroit chaleureux parfait pour un séjour touristique réputé pour son ambiance conviviale.,Hiver,"spa, découverte culturelle, shopping",Économique,1 semaine,Facile d’accès en transport public,Zone touristique sécurisée
Ouarzazate,hotel,Hotel Ouarzazate Le Zat,30.924687,-6.8847553,"https://www.google.com/maps?q=30.9246870,-6.8847553",3.9,Un endroit chaleureux idéal pour les voyageurs dans un cadre calme et sécurisé.,Été,"sports nautiques, randonnées, plage",Luxe,1 semaine,Accessible en voiture uniquement,Environnement très sécurisé
Ouarzazate,hotel,Fint,30.921397,-6.8984159,"https://www.google.com/maps?q=30.9213970,-6.8984159",4.1,Un lieu d’accueil proche des attractions principales offrant une vue exceptionnelle.,Hiver,"spa, découverte culturelle, shopping",Moyen,2-3 jours,Accessible en voiture uniquement,Quartier calme et bien surveillé
Ouarzazate,hotel,Oz Palace,30.9036232,-6.8971351,"https://www.google.com/maps?q=30.9036232,-6.8971351",5.0,Une adresse appréciée parfait pour un séjour touristique avec un service remarquable.,Été,"visite de la médina, musées, gastronomie locale",Moyen,2-3 jours,Situé près d'une gare ou station,Environnement très sécurisé
Ouarzazate,guest_house,Dar Kamar,30.9192734,-6.8988869,"https://www.google.com/maps?q=30.9192734,-6.8988869",4.0,Un endroit chaleureux idéal pour les voyageurs réputé pour son ambiance conviviale.,Été,"musées, visite de la médina, gastronomie locale",Premium,10 jours,Accessible en voiture uniquement,Quartier calme et bien surveillé
Ouarzazate,guest_house,Rose Noir,30.9201652,-6.8992034,"https://www.google.com/maps?q=30.9201652,-6.8992034",4.0,Un lieu d’accueil conçu pour offrir confort et praticité proposant un excellent rapport qualité-prix.,Printemps,"spa, shopping, découverte culturelle",Moyen,1 semaine,Proche du centre-ville et des taxis,Environnement très sécurisé
Ouarzazate,guest_house,Atbir House,30.9288644,-6.897381,"https://www.google.com/maps?q=30.9288644,-6.8973810",3.8,Un hébergement idéal pour les voyageurs proposant un excellent rapport qualité-prix.,Printemps,"sites historiques, excursions guidées, activités de plein air",Premium,2-3 jours,Proche du centre-ville et des taxis,Quartier calme et bien surveillé
Ouarzazate,guest_house,Git d'etape nomade,30.9021207,-6.8960831,"https://www.google.com/maps?q=30.9021207,-6.8960831",4.8,Un établissement idéal pour les voyageurs dans un cadre calme et sécurisé.,Hiver,"spa, shopping, découverte culturelle",Luxe,3-5 jours,Proche du centre-ville et des taxis,Zone modérément sécurisée
Ouarzazate,guest_house,Ecolodoge Palmeraie Ouarzazate,30.903947,-6.8982427,"https://www.google.com/maps?q=30.9039470,-6.8982427",3.7,Un lieu d’accueil idéal pour les voyageurs réputé pour son ambiance conviviale.,Automne,"activités de plein air, sites historiques, excursions guidées",Luxe,10 jours,Proche du centre-ville et des taxis,Environnement très sécurisé
Errachidia,hotel,Hotel Meski,31.9234549,-4.4329901,"https://www.google.com/maps?q=31.9234549,-4.4329901",4.4,Un lieu d’accueil proche des attractions principales avec un service remarquable.,Hiver,"gastronomie locale, musées, visite de la médina",Luxe,2-3 jours,Facile d’accès en transport public,Environnement très sécurisé
Errachidia,hotel,Hôtel Fekri,31.9295573,-4.4252112,"https://www.google.com/maps?q=31.9295573,-4.4252112",3.0,Un hébergement proche des attractions principales avec un service remarquable.,Hiver,"musique traditionnelle, festivals, artisanat local",Premium,1 semaine,Accessible en voiture uniquement,Quartier calme et bien surveillé
Errachidia,hotel,Milano,31.9299801,-4.4265747,"https://www.google.com/maps?q=31.9299801,-4.4265747",3.0,Un lieu d’accueil adapté aux familles et aux professionnels offrant une vue exceptionnelle.,Automne,"shopping, spa, découverte culturelle",Luxe,2-3 jours,Situé près d'une gare ou station,Quartier calme et bien surveillé
Errachidia,hotel,Hotel Kenzi Rissani,31.935304,-4.4212096,"https://www.google.com/maps?q=31.9353040,-4.4212096",3.3,Un hébergement adapté aux familles et aux professionnels réputé pour son ambiance conviviale.,Hiver,"découverte culturelle, spa, shopping",Économique,3-5 jours,Facile d’accès en transport public,Zone modérément sécurisée
Saidia,hotel,الرضا,35.0828118,-2.207243,"https://www.google.com/maps?q=35.0828118,-2.2072430",3.9,Un lieu d’accueil conçu pour offrir confort et praticité offrant une vue exceptionnelle.,Été,"découverte culturelle, shopping, spa",Premium,1 semaine,Proche du centre-ville et des taxis,Environnement très sécurisé
Saidia,hotel,فندق الصيف,35.0830379,-2.2031122,"https://www.google.com/maps?q=35.0830379,-2.2031122",4.2,Un hébergement parfait pour un séjour touristique proposant un excellent rapport qualité-prix.,Été,"musées, gastronomie locale, visite de la médina",Luxe,10 jours,Accessible en voiture uniquement,Quartier calme et bien surveillé
Saidia,hotel,فندق زياني,35.0831333,-2.2011836,"https://www.google.com/maps?q=35.0831333,-2.2011836",4.0,Une adresse appréciée idéal pour les voyageurs avec un service remarquable.,Été,"plage, sports nautiques, randonnées",Premium,2-3 jours,Proche du centre-ville et des taxis,Zone modérément sécurisée
Saidia,hotel,فندق سايم,35.083339,-2.1999432,"https://www.google.com/maps?q=35.0833390,-2.1999432",3.5,Un lieu d’accueil proche des attractions principales avec un service remarquable.,Été,"musées, gastronomie locale, visite de la médina",Luxe,2-3 jours,Facile d’accès en transport public,Zone modérément sécurisée
Saidia,hotel,Hôtel Atlal,35.0853562,-2.2240145,"https://www.google.com/maps?q=35.0853562,-2.2240145",4.6,Un établissement parfait pour un séjour touristique proposant un excellent rapport qualité-prix.,Automne,"spa, shopping, découverte culturelle",Premium,3-5 jours,Facile d’accès en transport public,Quartier calme et bien surveillé
Saidia,hotel,Bellington Appart Hôtel,35.0864951,-2.226247,"https://www.google.com/maps?q=35.0864951,-2.2262470",3.3,Un lieu d’accueil parfait pour un séjour touristique dans un cadre calme et sécurisé.,Automne,"visite de la médina, musées, gastronomie locale",Économique,2-3 jours,Proche du centre-ville et des taxis,Zone touristique sécurisée
Saidia,hotel,Hannour,35.0852648,-2.2218038,"https://www.google.com/maps?q=35.0852648,-2.2218038",4.0,Un lieu d’accueil proche des attractions principales réputé pour son ambiance conviviale.,Hiver,"shopping, spa, découverte culturelle",Moyen,3-5 jours,Proche du centre-ville et des taxis,Quartier calme et bien surveillé
Saidia,hotel,Titanic تيتانيك,35.0858807,-2.2231023,"https://www.google.com/maps?q=35.0858807,-2.2231023",3.0,Un endroit chaleureux idéal pour les voyageurs proposant un excellent rapport qualité-prix.,Été,"sites historiques, excursions guidées, activités de plein air",Moyen,10 jours,Facile d’accès en transport public,Zone modérément sécurisée
Saidia,hotel,Hotel Picasso,35.0860289,-2.2235233,"https://www.google.com/maps?q=35.0860289,-2.2235233",4.2,Un endroit chaleureux adapté aux familles et aux professionnels réputé pour son ambiance conviviale.,Automne,"artisanat local, musique traditionnelle, festivals",Moyen,10 jours,Facile d’accès en transport public,Quartier calme et bien surveillé
Saidia,hostel,الشقة كليفاكانس,35.081715,-2.2055794,"https://www.google.com/maps?q=35.0817150,-2.2055794",3.6,Un endroit chaleureux adapté aux familles et aux professionnels avec un service remarquable.,Printemps,"activités de plein air, excursions guidées, sites historiques",Économique,10 jours,Situé près d'une gare ou station,Quartier calme et bien surveillé
Saidia,hostel,الإقامة نهال,35.0817513,-2.2057994,"https://www.google.com/maps?q=35.0817513,-2.2057994",4.0,Un lieu d’accueil adapté aux familles et aux professionnels réputé pour son ambiance conviviale.,Printemps,"gastronomie locale, musées, visite de la médina",Économique,10 jours,Facile d’accès en transport public,Environnement très sécurisé
Saidia,hostel,الإقامة عاشور,35.0814986,-2.205946,"https://www.google.com/maps?q=35.0814986,-2.2059460",4.5,Un établissement proche des attractions principales proposant un excellent rapport qualité-prix.,Hiver,"découverte culturelle, spa, shopping",Moyen,1 semaine,Facile d’accès en transport public,Zone touristique sécurisée
Saidia,hostel,الإقامة الشريفة 2,35.082435,-2.204216,"https://www.google.com/maps?q=35.0824350,-2.2042160",4.7,Un hébergement adapté aux familles et aux professionnels réputé pour son ambiance conviviale.,Hiver,"excursions guidées, activités de plein air, sites historiques",Luxe,1 semaine,Facile d’accès en transport public,Quartier calme et bien surveillé
Tifelt,hotel,النجمة الخضراء,33.8923098,-6.3051189,"https://www.google.com/maps?q=33.8923098,-6.3051189",3.0,Une adresse appréciée idéal pour les voyageurs réputé pour son ambiance conviviale.,Printemps,"festivals, artisanat local, musique traditionnelle",Moyen,1 semaine,Accessible en voiture uniquement,Zone touristique sécurisée
Taroudant,hotel,Palais Salam,30.4729147,-8.8713029,"https://www.google.com/maps?q=30.4729147,-8.8713029",4.8,Un hébergement adapté aux familles et aux professionnels proposant un excellent rapport qualité-prix.,Hiver,"sports nautiques, randonnées, plage",Luxe,1 semaine,Situé près d'une gare ou station,Quartier calme et bien surveillé
Taroudant,hotel,Riad Tafilag,30.4742968,-8.8781458,"https://www.google.com/maps?q=30.4742968,-8.8781458",4.5,Un hébergement idéal pour les voyageurs réputé pour son ambiance conviviale.,Automne,"sports nautiques, plage, randonnées",Moyen,10 jours,Situé près d'une gare ou station,Quartier calme et bien surveillé
Taroudant,hotel,Riad Le Jasmin,30.478368,-8.8311839,"https://www.google.com/maps?q=30.4783680,-8.8311839",3.6,Un lieu d’accueil parfait pour un séjour touristique avec un service remarquable.,Hiver,"gastronomie locale, musées, visite de la médina",Premium,2-3 jours,Proche du centre-ville et des taxis,Zone touristique sécurisée
Sefrou,hotel,Hotel Sidi Ali Bousarrin,33.8231844,-4.8473693,"https://www.google.com/maps?q=33.8231844,-4.8473693",4.8,Un endroit chaleureux conçu pour offrir confort et praticité avec un service remarquable.,Printemps,"artisanat local, festivals, musique traditionnelle",Premium,10 jours,Situé près d'une gare ou station,Zone touristique sécurisée
Sefrou,guest_house,Dar Attamani,33.8301804,-4.8365501,"https://www.google.com/maps?q=33.8301804,-4.8365501",4.7,Un endroit chaleureux proche des attractions principales avec un service remarquable.,Hiver,"sites historiques, activités de plein air, excursions guidées",Économique,10 jours,Situé près d'une gare ou station,Zone touristique sécurisée
Tan-Tan,hotel,فندق تافراوت,28.4326278,-11.1044915,"https://www.google.com/maps?q=28.4326278,-11.1044915",3.8,Une adresse appréciée adapté aux familles et aux professionnels proposant un excellent rapport qualité-prix.,Automne,"festivals, musique traditionnelle, artisanat local",Moyen,3-5 jours,Facile d’accès en transport public,Quartier calme et bien surveillé
Tan-Tan,hotel,Sable d´or,28.4390437,-11.1029177,"https://www.google.com/maps?q=28.4390437,-11.1029177",3.4,Un hébergement conçu pour offrir confort et praticité dans un cadre calme et sécurisé.,Hiver,"gastronomie locale, musées, visite de la médina",Luxe,1 semaine,Situé près d'une gare ou station,Quartier calme et bien surveillé
Tan-Tan,hotel,Hôtel Afra,28.4376567,-11.0901869,"https://www.google.com/maps?q=28.4376567,-11.0901869",3.2,Un établissement proche des attractions principales offrant une vue exceptionnelle.,Hiver,"musées, visite de la médina, gastronomie locale",Premium,2-3 jours,Proche du centre-ville et des taxis,Zone modérément sécurisée
Tan-Tan,hotel,MJI group,28.4390935,-11.1030713,"https://www.google.com/maps?q=28.4390935,-11.1030713",4.6,Une adresse appréciée conçu pour offrir confort et praticité avec un service remarquable.,Été,"musique traditionnelle, festivals, artisanat local",Luxe,1 semaine,Accessible en voiture uniquement,Zone touristique sécurisée
Tan-Tan,hotel,Hotel Diamant,28.4431179,-11.1014225,"https://www.google.com/maps?q=28.4431179,-11.1014225",4.4,Un établissement adapté aux familles et aux professionnels avec un service remarquable.,Été,"musées, gastronomie locale, visite de la médina",Moyen,2-3 jours,Facile d’accès en transport public,Environnement très sécurisé
Tan-Tan,hostel,دار الشباب بئر انزران,28.4401806,-11.1007656,"https://www.google.com/maps?q=28.4401806,-11.1007656",4.9,Un endroit chaleureux parfait pour un séjour touristique offrant une vue exceptionnelle.,Printemps,"randonnées, plage, sports nautiques",Luxe,2-3 jours,Facile d’accès en transport public,Zone modérément sécurisée
Lahraouyine,apartment,"إقامة حدائق ماجوريل ""أ""",33.6140741,-7.4885726,"https://www.google.com/maps?q=33.6140741,-7.4885726",4.3,Une adresse appréciée conçu pour offrir confort et praticité offrant une vue exceptionnelle.,Printemps,"musées, gastronomie locale, visite de la médina",Premium,10 jours,Facile d’accès en transport public,Quartier calme et bien surveillé
Lahraouyine,apartment,"إقامة حدائق ماجوريل ""ب""",33.6139664,-7.4879417,"https://www.google.com/maps?q=33.6139664,-7.4879417",3.6,Un endroit chaleureux adapté aux familles et aux professionnels réputé pour son ambiance conviviale.,Été,"excursions guidées, sites historiques, activités de plein air",Luxe,1 semaine,Accessible en voiture uniquement,Zone touristique sécurisée
Lahraouyine,apartment,إقامة حمو,33.6140118,-7.4872683,"https://www.google.com/maps?q=33.6140118,-7.4872683",4.2,Un endroit chaleureux proche des attractions principales dans un cadre calme et sécurisé.,Automne,"artisanat local, festivals, musique traditionnelle",Luxe,10 jours,Situé près d'une gare ou station,Zone touristique sécurisée
Lahraouyine,apartment,إقامة شمس البرنوصي,33.6270394,-7.496857,"https://www.google.com/maps?q=33.6270394,-7.4968570",3.2,Un lieu d’accueil parfait pour un séjour touristique offrant une vue exceptionnelle.,Hiver,"excursions guidées, activités de plein air, sites historiques",Économique,1 semaine,Accessible en voiture uniquement,Quartier calme et bien surveillé
Lahraouyine,apartment,إقامة املاك البرنوصي,33.6318721,-7.4894993,"https://www.google.com/maps?q=33.6318721,-7.4894993",4.3,Un établissement conçu pour offrir confort et praticité réputé pour son ambiance conviviale.,Hiver,"gastronomie locale, visite de la médina, musées",Premium,3-5 jours,Situé près d'une gare ou station,Quartier calme et bien surveillé
Lahraouyine,apartment,اقامة بيتي سكن,33.6255685,-7.499186,"https://www.google.com/maps?q=33.6255685,-7.4991860",3.8,Une adresse appréciée proche des attractions principales proposant un excellent rapport qualité-prix.,Hiver,"découverte culturelle, shopping, spa",Moyen,2-3 jours,Facile d’accès en transport public,Environnement très sécurisé
Lahraouyine,apartment,اقامة العالية البرنوصي,33.625396,-7.4977009,"https://www.google.com/maps?q=33.6253960,-7.4977009",3.8,Un hébergement conçu pour offrir confort et praticité dans un cadre calme et sécurisé.,Hiver,"sports nautiques, randonnées, plage",Luxe,3-5 jours,Accessible en voiture uniquement,Environnement très sécurisé
Ben Guerir,hotel,Hôtel Milano فندق ميلانو,32.2454767,-7.9575486,"https://www.google.com/maps?q=32.2454767,-7.9575486",4.7,Une adresse appréciée proche des attractions principales réputé pour son ambiance conviviale.,Printemps,"musées, gastronomie locale, visite de la médina",Économique,3-5 jours,Proche du centre-ville et des taxis,Zone modérément sécurisée
Témara,apartment,Tem 047,33.927558,-6.926971,"https://www.google.com/maps?q=33.9275580,-6.9269710",4.3,Un endroit chaleureux parfait pour un séjour touristique offrant une vue exceptionnelle.,Automne,"visite de la médina, gastronomie locale, musées",Premium,10 jours,Accessible en voiture uniquement,Zone modérément sécurisée
Témara,apartment,Cosy,33.936733,-6.889689,"https://www.google.com/maps?q=33.9367330,-6.8896890",3.5,Un hébergement proche des attractions principales offrant une vue exceptionnelle.,Été,"excursions guidées, activités de plein air, sites historiques",Économique,10 jours,Accessible en voiture uniquement,Environnement très sécurisé
M'diq,hotel,Sofitel Tamuda Bay Beach and Spa,35.6951845,-5.328927,"https://www.google.com/maps?q=35.6951845,-5.3289270",4.1,Un endroit chaleureux conçu pour offrir confort et praticité offrant une vue exceptionnelle.,Hiver,"randonnées, plage, sports nautiques",Moyen,2-3 jours,Accessible en voiture uniquement,Zone modérément sécurisée
M'diq,hotel,Golden Beach,35.6862433,-5.3229377,"https://www.google.com/maps?q=35.6862433,-5.3229377",3.9,Une adresse appréciée conçu pour offrir confort et praticité avec un service remarquable.,Hiver,"spa, découverte culturelle, shopping",Moyen,1 semaine,Situé près d'une gare ou station,Zone touristique sécurisée
M'diq,hotel,Hotel Badis,35.687095,-5.3245807,"https://www.google.com/maps?q=35.6870950,-5.3245807",3.1,Un établissement conçu pour offrir confort et praticité offrant une vue exceptionnelle.,Été,"musées, visite de la médina, gastronomie locale",Moyen,3-5 jours,Proche du centre-ville et des taxis,Zone modérément sécurisée
M'diq,hotel,Blue Inn,35.6854845,-5.3220294,"https://www.google.com/maps?q=35.6854845,-5.3220294",4.7,Un endroit chaleureux conçu pour offrir confort et praticité dans un cadre calme et sécurisé.,Été,"randonnées, sports nautiques, plage",Premium,1 semaine,Facile d’accès en transport public,Quartier calme et bien surveillé
Skhirate,hotel,la Kabash,33.8885281,-7.0132966,"https://www.google.com/maps?q=33.8885281,-7.0132966",3.8,Une adresse appréciée idéal pour les voyageurs réputé pour son ambiance conviviale.,Été,"artisanat local, musique traditionnelle, festivals",Luxe,10 jours,Accessible en voiture uniquement,Quartier calme et bien surveillé
Aït Melloul,hotel,Hotel Joubir,30.3497375,-9.4998455,"https://www.google.com/maps?q=30.3497375,-9.4998455",3.0,Une adresse appréciée adapté aux familles et aux professionnels réputé pour son ambiance conviviale.,Automne,"plage, sports nautiques, randonnées",Luxe,3-5 jours,Situé près d'une gare ou station,Environnement très sécurisé
Sidi Bennour,hotel,Hotel Sania,32.6507284,-8.4242923,"https://www.google.com/maps?q=32.6507284,-8.4242923",3.4,Un endroit chaleureux adapté aux familles et aux professionnels offrant une vue exceptionnelle.,Été,"musique traditionnelle, artisanat local, festivals",Luxe,2-3 jours,Facile d’accès en transport public,Environnement très sécurisé
Sidi Bennour,hotel,فندق المسافرين,32.6504621,-8.425571,"https://www.google.com/maps?q=32.6504621,-8.4255710",3.4,Un établissement conçu pour offrir confort et praticité avec un service remarquable.,Été,"sports nautiques, randonnées, plage",Luxe,2-3 jours,Proche du centre-ville et des taxis,Zone touristique sécurisée
Midelt,hotel,Hotel Ayachi,32.681448,-4.7344422,"https://www.google.com/maps?q=32.6814480,-4.7344422",4.2,Un hébergement conçu pour offrir confort et praticité proposant un excellent rapport qualité-prix.,Automne,"musique traditionnelle, artisanat local, festivals",Premium,10 jours,Accessible en voiture uniquement,Zone touristique sécurisée
Midelt,hotel,Hotel Kasbah Asmaa,32.6815624,-4.7132991,"https://www.google.com/maps?q=32.6815624,-4.7132991",4.9,Une adresse appréciée parfait pour un séjour touristique offrant une vue exceptionnelle.,Hiver,"gastronomie locale, visite de la médina, musées",Luxe,10 jours,Situé près d'une gare ou station,Zone touristique sécurisée
Midelt,hotel,Hotel Boughafer,32.6827704,-4.7427348,"https://www.google.com/maps?q=32.6827704,-4.7427348",3.4,Un établissement parfait pour un séjour touristique avec un service remarquable.,Été,"musées, gastronomie locale, visite de la médina",Luxe,1 semaine,Proche du centre-ville et des taxis,Zone modérément sécurisée
Midelt,hotel,Hotel Ali,32.6825937,-4.7424982,"https://www.google.com/maps?q=32.6825937,-4.7424982",3.2,Un lieu d’accueil parfait pour un séjour touristique proposant un excellent rapport qualité-prix.,Hiver,"festivals, musique traditionnelle, artisanat local",Moyen,2-3 jours,Situé près d'une gare ou station,Zone touristique sécurisée
Midelt,hotel,Hotel Nice 06,32.6884679,-4.7468286,"https://www.google.com/maps?q=32.6884679,-4.7468286",3.9,Un endroit chaleureux adapté aux familles et aux professionnels proposant un excellent rapport qualité-prix.,Printemps,"musique traditionnelle, artisanat local, festivals",Moyen,1 semaine,Accessible en voiture uniquement,Quartier calme et bien surveillé
Midelt,hotel,Hotel Atlas,32.682084,-4.7428484,"https://www.google.com/maps?q=32.6820840,-4.7428484",4.7,Un endroit chaleureux conçu pour offrir confort et praticité dans un cadre calme et sécurisé.,Été,"festivals, artisanat local, musique traditionnelle",Économique,10 jours,Situé près d'une gare ou station,Zone touristique sécurisée
Midelt,hostel,Coopérative Tourisme Social Maison D'hôtes,32.6801368,-4.7289643,"https://www.google.com/maps?q=32.6801368,-4.7289643",4.7,Un endroit chaleureux parfait pour un séjour touristique dans un cadre calme et sécurisé.,Été,"activités de plein air, excursions guidées, sites historiques",Moyen,10 jours,Situé près d'une gare ou station,Zone touristique sécurisée
Azrou,hotel,Hotel Panorama,33.4354366,-5.2149719,"https://www.google.com/maps?q=33.4354366,-5.2149719",4.7,Une adresse appréciée parfait pour un séjour touristique avec un service remarquable.,Printemps,"musées, visite de la médina, gastronomie locale",Moyen,10 jours,Situé près d'une gare ou station,Zone modérément sécurisée
Azrou,hotel,Hotel El Fath,33.4377457,-5.2223396,"https://www.google.com/maps?q=33.4377457,-5.2223396",4.1,Un lieu d’accueil adapté aux familles et aux professionnels offrant une vue exceptionnelle.,Hiver,"visite de la médina, musées, gastronomie locale",Luxe,1 semaine,Accessible en voiture uniquement,Zone touristique sécurisée
Azrou,hotel,Palais de Cerisiers,33.4446743,-5.1804192,"https://www.google.com/maps?q=33.4446743,-5.1804192",4.6,Un hébergement idéal pour les voyageurs réputé pour son ambiance conviviale.,Printemps,"excursions guidées, sites historiques, activités de plein air",Luxe,1 semaine,Facile d’accès en transport public,Quartier calme et bien surveillé
Azrou,hotel,Hotel Azrou,33.4334757,-5.2262003,"https://www.google.com/maps?q=33.4334757,-5.2262003",4.4,Un lieu d’accueil proche des attractions principales avec un service remarquable.,Printemps,"randonnées, plage, sports nautiques",Premium,1 semaine,Situé près d'une gare ou station,Zone touristique sécurisée
Azrou,hotel,Hotel Beauséjour,33.4348791,-5.2202906,"https://www.google.com/maps?q=33.4348791,-5.2202906",3.4,Une adresse appréciée idéal pour les voyageurs avec un service remarquable.,Hiver,"artisanat local, musique traditionnelle, festivals",Économique,10 jours,Proche du centre-ville et des taxis,Environnement très sécurisé
Azrou,hotel,Diamant de l'atlas,33.4347901,-5.2222193,"https://www.google.com/maps?q=33.4347901,-5.2222193",3.8,Un hébergement parfait pour un séjour touristique offrant une vue exceptionnelle.,Été,"activités de plein air, sites historiques, excursions guidées",Luxe,3-5 jours,Accessible en voiture uniquement,Zone touristique sécurisée
Azrou,hotel,Riad Azrou,33.4348678,-5.2203443,"https://www.google.com/maps?q=33.4348678,-5.2203443",4.6,Un lieu d’accueil parfait pour un séjour touristique dans un cadre calme et sécurisé.,Printemps,"spa, découverte culturelle, shopping",Économique,1 semaine,Proche du centre-ville et des taxis,Environnement très sécurisé
Azrou,hotel,Hotel Atlas,33.4348626,-5.2204138,"https://www.google.com/maps?q=33.4348626,-5.2204138",4.5,Un hébergement adapté aux familles et aux professionnels avec un service remarquable.,Automne,"plage, sports nautiques, randonnées",Premium,1 semaine,Facile d’accès en transport public,Environnement très sécurisé
Azrou,hotel,Palais des cerisiers,33.4442861,-5.1804992,"https://www.google.com/maps?q=33.4442861,-5.1804992",3.3,Une adresse appréciée parfait pour un séjour touristique dans un cadre calme et sécurisé.,Été,"musées, visite de la médina, gastronomie locale",Luxe,1 semaine,Proche du centre-ville et des taxis,Quartier calme et bien surveillé
Azrou,hotel,Hotel des cèdres,33.4358765,-5.2201047,"https://www.google.com/maps?q=33.4358765,-5.2201047",4.3,Un endroit chaleureux idéal pour les voyageurs dans un cadre calme et sécurisé.,Printemps,"musique traditionnelle, artisanat local, festivals",Premium,10 jours,Situé près d'une gare ou station,Environnement très sécurisé
Azrou,guest_house,Gîte Takchmirte,33.4479857,-5.2090704,"https://www.google.com/maps?q=33.4479857,-5.2090704",3.5,Un hébergement proche des attractions principales avec un service remarquable.,Printemps,"spa, découverte culturelle, shopping",Moyen,2-3 jours,Situé près d'une gare ou station,Quartier calme et bien surveillé
Azrou,guest_house,PISO MOHAMMED,33.4344569,-5.2185888,"https://www.google.com/maps?q=33.4344569,-5.2185888",3.4,Un établissement parfait pour un séjour touristique dans un cadre calme et sécurisé.,Hiver,"gastronomie locale, visite de la médina, musées",Moyen,1 semaine,Proche du centre-ville et des taxis,Zone modérément sécurisée
Azrou,hostel,Auberge de Jeunesse d'Azrou,33.4388952,-5.2094451,"https://www.google.com/maps?q=33.4388952,-5.2094451",3.4,Un établissement proche des attractions principales dans un cadre calme et sécurisé.,Été,"musées, visite de la médina, gastronomie locale",Luxe,1 semaine,Situé près d'une gare ou station,Zone modérément sécurisée
Azrou,apartment,sweet azrou holiday,33.4507669,-5.2296203,"https://www.google.com/maps?q=33.4507669,-5.2296203",4.8,Un hébergement idéal pour les voyageurs offrant une vue exceptionnelle.,Printemps,"randonnées, plage, sports nautiques",Économique,2-3 jours,Accessible en voiture uniquement,Environnement très sécurisé
Azrou,apartment,Sweet azrou holiday,33.4507294,-5.2295686,"https://www.google.com/maps?q=33.4507294,-5.2295686",3.3,Un hébergement idéal pour les voyageurs dans un cadre calme et sécurisé.,Été,"festivals, artisanat local, musique traditionnelle",Luxe,2-3 jours,Facile d’accès en transport public,Zone touristique sécurisée
Smara,hotel,Hôtel Amine فندق الأمين,26.7412468,-11.676451,"https://www.google.com/maps?q=26.7412468,-11.6764510",3.6,Un hébergement conçu pour offrir confort et praticité offrant une vue exceptionnelle.,Printemps,"randonnées, sports nautiques, plage",Luxe,3-5 jours,Proche du centre-ville et des taxis,Zone touristique sécurisée
Smara,hotel,Hôtel Paris,26.7415751,-11.6729936,"https://www.google.com/maps?q=26.7415751,-11.6729936",5.0,Un hébergement idéal pour les voyageurs offrant une vue exceptionnelle.,Hiver,"visite de la médina, gastronomie locale, musées",Moyen,1 semaine,Proche du centre-ville et des taxis,Environnement très sécurisé
Smara,guest_house,دار بومجان,26.7342308,-11.6648548,"https://www.google.com/maps?q=26.7342308,-11.6648548",3.8,Une adresse appréciée proche des attractions principales réputé pour son ambiance conviviale.,Automne,"spa, shopping, découverte culturelle",Premium,10 jours,Accessible en voiture uniquement,Zone modérément sécurisée
Laâyoune,hotel,Nagjir,27.1502274,-13.1981859,"https://www.google.com/maps?q=27.1502274,-13.1981859",3.3,Un hébergement proche des attractions principales proposant un excellent rapport qualité-prix.,Printemps,"sports nautiques, plage, randonnées",Luxe,3-5 jours,Accessible en voiture uniquement,Zone modérément sécurisée
Laâyoune,hotel,Hôtel Rimal Sahara فندق رمال الصحراء,27.1632481,-13.2170841,"https://www.google.com/maps?q=27.1632481,-13.2170841",4.5,Un hébergement conçu pour offrir confort et praticité avec un service remarquable.,Automne,"sites historiques, activités de plein air, excursions guidées",Économique,1 semaine,Facile d’accès en transport public,Quartier calme et bien surveillé
Laâyoune,hotel,Hôtel Rif فندق الريف,27.1641796,-13.2053513,"https://www.google.com/maps?q=27.1641796,-13.2053513",4.5,Un établissement parfait pour un séjour touristique offrant une vue exceptionnelle.,Été,"plage, randonnées, sports nautiques",Luxe,1 semaine,Situé près d'une gare ou station,Zone touristique sécurisée
Laâyoune,hotel,Ahl al-Makki أهل المكي,27.1507448,-13.1973724,"https://www.google.com/maps?q=27.1507448,-13.1973724",4.5,Un établissement parfait pour un séjour touristique réputé pour son ambiance conviviale.,Été,"shopping, découverte culturelle, spa",Économique,3-5 jours,Accessible en voiture uniquement,Environnement très sécurisé
Laâyoune,hotel,Hôtel Parador,27.1599298,-13.2045936,"https://www.google.com/maps?q=27.1599298,-13.2045936",4.1,Un endroit chaleureux adapté aux familles et aux professionnels offrant une vue exceptionnelle.,Automne,"shopping, découverte culturelle, spa",Luxe,2-3 jours,Situé près d'une gare ou station,Environnement très sécurisé
Laâyoune,hotel,Hôtel Zaamour,27.1500576,-13.2006593,"https://www.google.com/maps?q=27.1500576,-13.2006593",3.9,Un lieu d’accueil proche des attractions principales réputé pour son ambiance conviviale.,Été,"activités de plein air, excursions guidées, sites historiques",Moyen,1 semaine,Facile d’accès en transport public,Zone modérément sécurisée
Laâyoune,hotel,Hôtel Sahariano,27.1515209,-13.1971701,"https://www.google.com/maps?q=27.1515209,-13.1971701",3.6,Un établissement conçu pour offrir confort et praticité proposant un excellent rapport qualité-prix.,Hiver,"plage, randonnées, sports nautiques",Premium,2-3 jours,Proche du centre-ville et des taxis,Quartier calme et bien surveillé
Laâyoune,hotel,maamoun,27.1518512,-13.2021584,"https://www.google.com/maps?q=27.1518512,-13.2021584",4.8,Un établissement idéal pour les voyageurs réputé pour son ambiance conviviale.,Été,"randonnées, plage, sports nautiques",Moyen,1 semaine,Proche du centre-ville et des taxis,Environnement très sécurisé
Laâyoune,hotel,Hotel San Mao Sahara,27.1631146,-13.2163135,"https://www.google.com/maps?q=27.1631146,-13.2163135",2.0,Une adresse appréciée adapté aux familles et aux professionnels offrant une vue exceptionnelle.,Automne,"plage, randonnées, sports nautiques",Économique,10 jours,Proche du centre-ville et des taxis,Environnement très sécurisé
Laâyoune,hotel,Hôtel Parador,27.1600738,-13.2042587,"https://www.google.com/maps?q=27.1600738,-13.2042587",4.8,Un établissement adapté aux familles et aux professionnels réputé pour son ambiance conviviale.,Automne,"plage, randonnées, sports nautiques",Économique,3-5 jours,Situé près d'une gare ou station,Zone modérément sécurisée
Laâyoune,hotel,Hôtel Lakouara,27.1622413,-13.2053585,"https://www.google.com/maps?q=27.1622413,-13.2053585",4.8,Une adresse appréciée idéal pour les voyageurs réputé pour son ambiance conviviale.,Été,"festivals, musique traditionnelle, artisanat local",Luxe,1 semaine,Situé près d'une gare ou station,Zone modérément sécurisée
Laâyoune,guest_house,dar dyafa,27.1577677,-13.2029227,"https://www.google.com/maps?q=27.1577677,-13.2029227",4.8,Une adresse appréciée adapté aux familles et aux professionnels réputé pour son ambiance conviviale.,Printemps,"festivals, artisanat local, musique traditionnelle",Premium,3-5 jours,Facile d’accès en transport public,Zone modérément sécurisée
Laâyoune,hostel,hotel safariyat,27.1566512,-13.2030918,"https://www.google.com/maps?q=27.1566512,-13.2030918",4.3,Un endroit chaleureux proche des attractions principales réputé pour son ambiance conviviale.,Automne,"sites historiques, excursions guidées, activités de plein air",Luxe,10 jours,Proche du centre-ville et des taxis,Quartier calme et bien surveillé
Dakhla,hotel,Dar Rio Oro,23.7032552,-15.925559,"https://www.google.com/maps?q=23.7032552,-15.9255590",3.0,Une adresse appréciée parfait pour un séjour touristique réputé pour son ambiance conviviale.,Automne,"randonnées, sports nautiques, plage",Économique,3-5 jours,Situé près d'une gare ou station,Zone modérément sécurisée
Dakhla,hotel,Bab Al Bahar Hotel & Spa,23.6935195,-15.9339168,"https://www.google.com/maps?q=23.6935195,-15.9339168",3.5,Un endroit chaleureux conçu pour offrir confort et praticité réputé pour son ambiance conviviale.,Été,"découverte culturelle, spa, shopping",Premium,2-3 jours,Situé près d'une gare ou station,Quartier calme et bien surveillé
Dakhla,hotel,Sahara,23.6978706,-15.9314724,"https://www.google.com/maps?q=23.6978706,-15.9314724",3.1,Un établissement proche des attractions principales dans un cadre calme et sécurisé.,Automne,"visite de la médina, gastronomie locale, musées",Moyen,2-3 jours,Situé près d'une gare ou station,Zone touristique sécurisée
Dakhla,hotel,Hotel Doumss فندق دومس,23.707731,-15.9261069,"https://www.google.com/maps?q=23.7077310,-15.9261069",4.7,Une adresse appréciée conçu pour offrir confort et praticité réputé pour son ambiance conviviale.,Automne,"randonnées, plage, sports nautiques",Premium,10 jours,Accessible en voiture uniquement,Quartier calme et bien surveillé
Dakhla,hotel,Hotel Dubai,23.6987612,-15.9308273,"https://www.google.com/maps?q=23.6987612,-15.9308273",3.1,Un établissement conçu pour offrir confort et praticité réputé pour son ambiance conviviale.,Hiver,"gastronomie locale, visite de la médina, musées",Premium,3-5 jours,Proche du centre-ville et des taxis,Zone modérément sécurisée
Dakhla,hotel,Ramsis,23.7006043,-15.9297691,"https://www.google.com/maps?q=23.7006043,-15.9297691",4.0,Un endroit chaleureux parfait pour un séjour touristique offrant une vue exceptionnelle.,Printemps,"spa, shopping, découverte culturelle",Luxe,3-5 jours,Proche du centre-ville et des taxis,Environnement très sécurisé
Dakhla,hotel,Hotel Atlas,23.6988817,-15.9310894,"https://www.google.com/maps?q=23.6988817,-15.9310894",3.3,Un endroit chaleureux idéal pour les voyageurs dans un cadre calme et sécurisé.,Hiver,"plage, sports nautiques, randonnées",Économique,3-5 jours,Accessible en voiture uniquement,Zone modérément sécurisée
Dakhla,hotel,Hotel Aigue,23.6979431,-15.9315659,"https://www.google.com/maps?q=23.6979431,-15.9315659",3.2,Une adresse appréciée adapté aux familles et aux professionnels offrant une vue exceptionnelle.,Automne,"shopping, spa, découverte culturelle",Moyen,2-3 jours,Facile d’accès en transport public,Zone touristique sécurisée
Dakhla,hotel,Hotel Tirs,23.6976629,-15.931901,"https://www.google.com/maps?q=23.6976629,-15.9319010",3.3,Un lieu d’accueil proche des attractions principales dans un cadre calme et sécurisé.,Hiver,"activités de plein air, sites historiques, excursions guidées",Luxe,2-3 jours,Situé près d'une gare ou station,Environnement très sécurisé
Dakhla,hotel,Hotel Al Quds,23.6985568,-15.9313552,"https://www.google.com/maps?q=23.6985568,-15.9313552",4.5,Un hébergement idéal pour les voyageurs dans un cadre calme et sécurisé.,Été,"spa, découverte culturelle, shopping",Moyen,3-5 jours,Facile d’accès en transport public,Zone modérément sécurisée
Dakhla,hotel,Hotel Mansour,23.6975561,-15.9316288,"https://www.google.com/maps?q=23.6975561,-15.9316288",4.5,Un établissement idéal pour les voyageurs avec un service remarquable.,Printemps,"plage, sports nautiques, randonnées",Premium,10 jours,Facile d’accès en transport public,Zone touristique sécurisée
Dakhla,hotel,Hotel Annakhil,23.6981121,-15.9321074,"https://www.google.com/maps?q=23.6981121,-15.9321074",3.6,Une adresse appréciée conçu pour offrir confort et praticité dans un cadre calme et sécurisé.,Printemps,"spa, découverte culturelle, shopping",Luxe,1 semaine,Accessible en voiture uniquement,Quartier calme et bien surveillé
Dakhla,hotel,فندق بولوتاد,23.6944779,-15.933544,"https://www.google.com/maps?q=23.6944779,-15.9335440",3.8,Une adresse appréciée conçu pour offrir confort et praticité offrant une vue exceptionnelle.,Hiver,"plage, randonnées, sports nautiques",Moyen,1 semaine,Proche du centre-ville et des taxis,Quartier calme et bien surveillé
Dakhla,hotel,Bahia,23.698501,-15.9306806,"https://www.google.com/maps?q=23.6985010,-15.9306806",3.7,Un endroit chaleureux proche des attractions principales proposant un excellent rapport qualité-prix.,Automne,"festivals, musique traditionnelle, artisanat local",Premium,2-3 jours,Facile d’accès en transport public,Quartier calme et bien surveillé
Dakhla,hotel,فندق المحيط,23.6934625,-15.9372971,"https://www.google.com/maps?q=23.6934625,-15.9372971",4.0,Une adresse appréciée adapté aux familles et aux professionnels réputé pour son ambiance conviviale.,Automne,"gastronomie locale, visite de la médina, musées",Premium,3-5 jours,Facile d’accès en transport public,Zone touristique sécurisée
Dakhla,hotel,Hotel El Pescador,23.6901569,-15.9400143,"https://www.google.com/maps?q=23.6901569,-15.9400143",3.3,Un lieu d’accueil idéal pour les voyageurs proposant un excellent rapport qualité-prix.,Automne,"festivals, artisanat local, musique traditionnelle",Premium,1 semaine,Accessible en voiture uniquement,Zone modérément sécurisée
Dakhla,hotel,Le Palais Rhoul Hotel & Spa,23.6940447,-15.933445,"https://www.google.com/maps?q=23.6940447,-15.9334450",3.6,Une adresse appréciée parfait pour un séjour touristique dans un cadre calme et sécurisé.,Hiver,"shopping, spa, découverte culturelle",Économique,1 semaine,Proche du centre-ville et des taxis,Zone modérément sécurisée
Dakhla,hotel,Hotel El Massira,23.6907922,-15.9406993,"https://www.google.com/maps?q=23.6907922,-15.9406993",4.6,Un établissement proche des attractions principales avec un service remarquable.,Automne,"festivals, artisanat local, musique traditionnelle",Premium,10 jours,Accessible en voiture uniquement,Quartier calme et bien surveillé
Dakhla,hotel,Hotel Tafoudart,23.6898629,-15.9383078,"https://www.google.com/maps?q=23.6898629,-15.9383078",3.2,Un lieu d’accueil idéal pour les voyageurs dans un cadre calme et sécurisé.,Printemps,"plage, randonnées, sports nautiques",Moyen,2-3 jours,Proche du centre-ville et des taxis,Quartier calme et bien surveillé
Dakhla,hotel,Hotel Erraha,23.6897726,-15.9376931,"https://www.google.com/maps?q=23.6897726,-15.9376931",3.8,Un hébergement proche des attractions principales offrant une vue exceptionnelle.,Hiver,"randonnées, plage, sports nautiques",Économique,3-5 jours,Facile d’accès en transport public,Environnement très sécurisé
Dakhla,hotel,Hotel Mansour,23.69718,-15.931571,"https://www.google.com/maps?q=23.6971800,-15.9315710",3.7,Un endroit chaleureux parfait pour un séjour touristique dans un cadre calme et sécurisé.,Hiver,"artisanat local, festivals, musique traditionnelle",Premium,3-5 jours,Accessible en voiture uniquement,Environnement très sécurisé
Dakhla,hotel,Hotel El Bachir,23.7182738,-15.9225388,"https://www.google.com/maps?q=23.7182738,-15.9225388",3.3,Une adresse appréciée conçu pour offrir confort et praticité dans un cadre calme et sécurisé.,Automne,"découverte culturelle, spa, shopping",Moyen,10 jours,Situé près d'une gare ou station,Quartier calme et bien surveillé
Dakhla,hotel,Hotel Imperial Playa,23.7061894,-15.9243299,"https://www.google.com/maps?q=23.7061894,-15.9243299",4.2,Une adresse appréciée conçu pour offrir confort et praticité avec un service remarquable.,Printemps,"artisanat local, festivals, musique traditionnelle",Luxe,1 semaine,Situé près d'une gare ou station,Environnement très sécurisé
Dakhla,hotel,Hotel al Ahram,23.6977632,-15.9312825,"https://www.google.com/maps?q=23.6977632,-15.9312825",3.4,Un hébergement adapté aux familles et aux professionnels réputé pour son ambiance conviviale.,Printemps,"spa, découverte culturelle, shopping",Luxe,3-5 jours,Accessible en voiture uniquement,Zone modérément sécurisée
Dakhla,hotel,Hotel Ayouz,23.6890907,-15.9438801,"https://www.google.com/maps?q=23.6890907,-15.9438801",4.0,Un hébergement conçu pour offrir confort et praticité avec un service remarquable.,Hiver,"sites historiques, excursions guidées, activités de plein air",Économique,1 semaine,Accessible en voiture uniquement,Zone modérément sécurisée
Dakhla,hotel,Hôtel Rias Dakhla,23.6879659,-15.9407708,"https://www.google.com/maps?q=23.6879659,-15.9407708",3.4,Un endroit chaleureux idéal pour les voyageurs dans un cadre calme et sécurisé.,Été,"randonnées, plage, sports nautiques",Économique,1 semaine,Facile d’accès en transport public,Quartier calme et bien surveillé
Dakhla,hotel,Sahara Regency,23.7021441,-15.9281192,"https://www.google.com/maps?q=23.7021441,-15.9281192",4.0,Un endroit chaleureux idéal pour les voyageurs offrant une vue exceptionnelle.,Été,"gastronomie locale, visite de la médina, musées",Économique,10 jours,Proche du centre-ville et des taxis,Zone modérément sécurisée
Dakhla,hotel,Hotel Ahram,23.6977493,-15.9313223,"https://www.google.com/maps?q=23.6977493,-15.9313223",4.5,Un établissement idéal pour les voyageurs réputé pour son ambiance conviviale.,Printemps,"festivals, artisanat local, musique traditionnelle",Premium,3-5 jours,Accessible en voiture uniquement,Environnement très sécurisé
