row_index,Rating
21753,3.5
251,3.4
22941,4.4
618,3.8
17090,4.3
6362,3.1
24680,3.8
28329,3.0
15874,4.8
22653,3.4
25721,3.8
21403,5.0
8765,4.7
19011,4.3
29152,4.7
8270,4.0
18488,3.4
8336,4.4
5403,4.4
12729,3.5
1474,4.3
10540,4.6
15473,3.0
17934,3.5
13469,3.0
10372,4.9
9070,3.7
1713,3.0
19999,5.0
3995,3.7
465,3.7
20533,4.1
19455,4.7
26407,3.5
708,4.0
22373,3.0
21358,3.5
21069,4.5
7907,4.4
1256,4.4
15705,3.2
4716,5.0
13002,2.0
6418,3.0
24292,4.5
21319,3.8
12347,3.4
23684,3.4
16490,4.0
8293,4.0
2554,3.4
11897,4.7
16164,3.5
1338,4.1
27668,4.1
24721,3.1
19126,3.8
25203,3.7
24116,4.3
25019,3.8
5365,4.7
10722,4.1
6676,3.3
23257,4.0
16614,4.3
10339,3.1
18253,4.0
2865,4.2
16975,3.1
21597,4.3
29273,4.4
3836,4.2
29036,3.2
19565,4.2
18145,4.6
4122,3.6
21092,3.8
683,3.6
16037,3.2
26463,4.3
17681,4.7
1291,3.8
19434,4.7
19575,3.1
15573,4.7
21108,4.6
16798,4.6
14528,3.0
7047,3.0
10370,3.3
25855,3.4
10475,4.8
14464,4.2
19022,4.8
26610,4.8
29930,4.8
29795,4.7
22201,4.3
26552,3.3
18245,4.0
27891,4.5
7348,4.7
25148,3.9
5474,3.8
6760,4.7
9410,4.0
8500,3.0
15353,3.5
8971,3.0
14171,4.3
1383,4.1
15337,4.7
2441,4.3
22032,3.8
22563,4.7
21835,3.5
14881,4.0
20553,4.0
21941,3.7
13540,4.0
24069,4.0
18659,4.2
8099,3.4
27608,3.3
11379,3.8
23186,3.0
16853,3.8
20905,3.4
5525,3.8
21169,4.8
17171,4.3
28918,4.6
431,4.8
11985,3.6
14854,4.8
27678,5.0
2751,4.5
21491,3.2
12451,4.9
6235,3.5
29614,4.1
1866,4.6
9027,3.8
7294,4.7
124,4.0
451,4.0
28296,3.2
1606,4.0
17075,3.3
14969,3.8
23036,3.1
14217,4.5
29197,3.3
14514,4.2
29977,4.8
15885,3.5
6753,3.9
15013,3.8
14476,4.0
24435,3.8
25236,4.9
6377,4.9
22873,4.0
8094,4.5
21618,3.0
12290,4.7
19658,3.0
26158,4.6
19200,3.8
24980,3.4
13044,3.8
2081,3.5
15260,3.7
23879,3.8
20051,4.5
18430,4.1
6419,4.5
170,2.0
26493,3.6
11044,4.7
13702,3.0
2090,3.7
15236,4.9
8358,4.3
24434,4.6
24656,3.9
7880,3.4
11007,3.8
7469,3.8
24162,4.7
8952,3.0
11399,4.0
10091,3.8
23594,4.6
6498,3.8
27524,4.0
14733,5.0
21576,4.7
17037,4.3
3509,4.3
7640,3.6
25386,3.4
12678,4.6
12930,3.4
22383,3.8
19779,3.4
17518,5.0
5998,4.9
3,5.0
15569,3.6
1632,4.3
18115,4.9
22959,3.3
7569,4.8
17036,3.1
24875,4.0
16445,4.0
27154,4.4
3393,3.0
18760,3.8
466,3.7
10054,3.5
19421,4.7
11909,4.8
29046,4.3
23992,3.6
9807,3.4
19000,4.1
4338,3.4
10580,4.8
17328,3.8
22584,3.6
3628,4.0
7793,4.9
17689,4.3
10206,4.3
22156,3.0
15365,3.8
12157,4.3
5676,4.4
11034,3.5
15914,4.7
28844,4.2
22923,4.8
24228,4.7
8540,4.5
20841,4.0
7092,4.8
27224,3.0
20472,3.1
28676,4.7
8914,3.5
844,2.0
24257,4.2
16594,4.3
16496,3.5
10030,3.2
17941,3.4
7665,4.3
6503,4.6
3397,3.5
25366,3.6
1398,4.8
8101,3.1
4217,3.7
28266,3.0
26266,3.5
7481,3.1
10322,4.3
13791,4.5
11508,4.9
16207,3.9
24563,3.0
8932,3.4
795,3.7
8021,3.8
22166,4.8
7922,3.9
19027,4.2
23995,3.0
29460,3.0
6746,4.7
25688,3.3
6366,3.0
23294,4.4
28043,4.3
24628,3.6
23158,4.2
20511,4.5
9014,4.5
24913,3.5
19599,3.6
22076,3.8
16417,3.1
10989,4.6
16424,3.9
11117,4.6
24108,3.8
26032,5.0
4335,3.9
13953,3.8
4550,4.9
9897,3.3
3693,4.2
17155,4.6
8193,4.7
27549,4.3
20138,3.0
10329,4.3
21324,3.0
11398,3.9
14975,5.0
4610,3.3
14664,3.9
21193,4.8
21752,4.3
25327,4.7
28728,4.0
8729,5.0
28014,4.7
7650,4.1
4201,3.4
4191,4.8
11812,4.4
11449,4.0
9291,4.9
29979,4.4
8796,3.6
11827,4.0
3784,3.2
9676,3.3
11132,3.0
22558,4.3
9571,3.3
25778,4.6
26544,4.3
22533,3.8
12017,4.3
22690,4.5
26564,4.7
6517,3.5
5359,4.0
2909,4.3
14875,4.5
11389,3.0
21831,4.2
3416,4.5
21678,4.1
27163,3.2
28921,4.3
21764,5.0
11178,3.7
14601,4.9
759,3.8
21200,4.7
7102,5.0
24920,4.0
1788,4.7
27545,4.7
26637,3.5
22155,4.0
23304,3.0
1350,4.0
14627,4.7
19408,3.4
24389,3.6
8622,4.6
25750,4.8
15991,3.1
19762,4.4
8316,4.0
26713,4.6
27898,3.8
2361,3.5
1402,4.3
25083,3.0
26890,3.8
15081,3.9
12723,4.2
17415,3.3
21703,3.6
25641,3.8
6424,3.8
70,3.8
5507,3.0
18364,3.6
27623,4.0
1879,4.6
8288,4.4
21406,4.3
14741,3.6
21155,3.4
26080,3.2
10543,3.4
19269,3.9
4558,4.1
18411,3.0
23777,3.0
22479,4.9
5503,4.5
2206,4.7
1809,4.8
24279,4.0
16757,3.4
28139,3.1
28213,4.8
5099,4.7
17054,5.0
29701,3.4
2442,3.7
26268,4.3
13987,4.7
5123,4.4
2220,4.0
6245,4.4
18347,4.2
222,3.8
12137,4.7
655,3.8
17084,3.0
23209,3.8
19682,3.5
9237,4.6
322,4.2
9997,5.0
13784,4.8
7784,4.1
5144,4.5
14920,4.7
21933,4.1
9375,3.8
8478,3.5
29709,4.8
17080,4.2
15144,3.8
6010,4.6
13449,4.8
9891,1.0
6455,4.3
5731,4.7
369,4.1
20848,4.9
22820,5.0
4121,3.3
23949,3.8
8241,4.5
16073,3.4
25656,3.4
22414,5.0
9086,3.5
26948,3.4
1131,3.5
2265,4.0
6137,3.0
28833,4.5
5306,4.7
373,4.3
4528,3.4
9469,3.0
22364,3.2
10646,4.0
25917,3.2
26313,3.1
8647,3.2
14304,4.2
20762,4.7
28819,4.3
5638,4.1
2075,3.3
14432,4.9
21471,4.4
27519,3.5
5963,4.8
27735,3.3
2916,4.5
12216,3.4
1418,4.2
13215,3.2
12939,3.0
11679,3.5
16839,3.9
26519,4.9
9920,4.4
27565,4.3
25050,3.0
18206,3.0
28345,4.7
115,3.8
10035,4.1
20499,4.6
24705,3.5
22177,4.3
21401,4.3
17554,3.4
22280,3.0
10422,3.1
22916,4.6
28934,3.5
7063,3.2
17460,3.4
24608,4.7
21274,3.8
22942,3.0
20576,4.0
1554,3.2
16384,3.5
29740,3.8
25655,4.8
18577,3.5
21202,4.8
23975,3.8
22257,3.7
6263,3.0
88,3.3
18387,3.8
21920,3.6
8960,3.0
14577,4.7
19237,3.6
16145,3.4
3070,4.6
8895,3.4
26832,3.4
15276,3.8
15105,4.9
21262,4.6
14001,3.7
12088,3.8
16899,4.5
18457,4.7
24391,3.8
776,4.8
17825,3.7
17884,3.4
14452,4.4
939,3.8
10397,4.7
14822,3.2
12292,3.1
25748,4.7
12037,3.0
19249,4.8
4397,3.4
12351,3.5
611,3.3
30,4.8
24992,3.4
25488,4.3
5043,4.0
3056,3.0
7172,4.8
7917,4.2
2174,3.8
12539,3.5
26142,4.8
2984,4.3
2207,3.2
547,3.4
16613,3.0
11275,3.8
18012,4.7
945,3.9
26819,4.3
24449,3.0
10468,3.0
13982,4.2
12309,4.8
8835,3.2
29804,4.6
3352,3.8
24439,3.3
1680,4.5
25776,4.3
1557,3.2
18318,3.5
10711,4.3
5863,4.6
12568,3.1
7729,4.1
19534,4.8
2698,3.8
4199,4.7
21755,4.2
29409,4.5
24613,4.5
5653,3.7
14048,3.1
20486,3.5
15829,4.8
23339,3.2
22445,5.0
8596,4.7
3732,3.2
17626,4.4
14608,3.9
1719,4.0
16730,4.3
18220,4.6
13530,3.6
26934,4.3
8781,4.9
18439,3.5
3113,3.9
10285,3.6
28747,4.1
1498,2.0
18796,4.7
28354,4.6
28013,4.0
9298,4.8
15075,4.7
22001,3.3
14807,1.0
1497,3.3
27493,3.9
29599,4.6
18104,3.8
27914,3.3
26302,3.6
21012,4.9
3296,3.8
13559,3.2
11661,3.2
27927,3.9
18582,3.1
21896,3.3
22819,3.0
12538,3.9
563,3.8
5345,3.9
17365,4.3
12086,4.7
24399,4.4
5290,3.7
23290,3.9
1873,3.1
13263,3.6
19248,3.3
29208,3.2
25692,4.3
18447,3.9
14827,4.7
8665,3.2
6133,3.6
18356,3.1
13692,4.8
26886,4.9
25726,4.2
9090,4.0
14421,3.5
29088,3.9
349,3.0
1687,4.7
1355,4.8
20506,4.3
20678,3.4
9939,4.7
789,3.2
688,4.7
23105,3.2
9756,3.0
26504,4.8
3529,4.7
14942,3.4
26624,3.3
5683,4.1
14954,3.7
14359,3.8
19305,3.4
13153,4.0
11806,3.0
29281,1.0
22723,4.7
26986,5.0
2766,4.3
19470,3.7
2026,4.1
20197,4.3
1527,4.8
23204,4.5
29673,3.9
13594,4.0
2703,4.7
5187,3.1
25528,3.4
27014,3.0
18083,4.7
14491,3.9
23875,3.5
6708,4.9
29252,3.4
10562,4.4
9296,5.0
16228,3.5
22091,2.0
29914,3.1
10719,3.8
17407,3.2
25429,3.4
5910,2.0
22735,4.5
16341,4.3
24535,4.5
4424,3.1
10927,4.0
25146,4.5
25084,4.7
12636,4.4
26620,3.8
6179,4.0
16793,4.6
13701,3.8
10007,4.2
12988,5.0
5554,3.1
4189,4.0
20859,3.0
14015,3.8
19958,3.0
8132,4.6
3739,4.0
26271,4.8
13553,3.4
9509,4.4
19746,3.1
6759,4.1
8459,3.3
28342,4.0
26149,3.8
9068,3.3
24464,3.8
6550,3.5
6178,3.7
11227,4.4
12956,4.3
17324,4.8
2710,4.3
25037,5.0
16495,3.2
2684,4.4
1393,3.3
20397,4.7
2226,4.8
2534,4.7
10868,3.7
3336,3.7
13678,4.5
27150,4.6
29509,3.0
14876,4.9
17279,3.8
24773,4.2
19444,4.3
5663,4.6
8992,4.1
907,3.0
3899,4.0
18041,3.9
18005,3.6
10919,3.6
3617,3.9
13474,3.2
24236,5.0
8890,5.0
21525,3.4
19227,4.5
8010,3.0
29649,0.0
8248,4.7
14526,4.5
2727,4.4
17404,4.9
1604,5.0
24238,3.2
4564,3.8
28280,4.0
7733,4.9
25806,4.6
2412,4.3
25160,4.1
21947,3.3
29241,4.2
3274,4.8
6020,3.0
7656,3.3
2425,4.2
28760,3.6
27379,4.7
14355,3.6
25405,3.3
28504,4.2
17762,4.9
14778,3.8
14041,4.1
29362,3.0
20879,4.2
6777,3.2
15341,3.4
11732,4.7
18744,3.0
24536,4.3
13633,4.3
21519,3.0
2873,2.0
17693,4.4
26595,4.7
13442,4.3
11902,4.3
3315,3.8
25678,3.0
606,4.8
10227,3.3
11778,4.0
12624,3.8
18857,3.0
14943,3.8
12553,3.1
7747,4.5
856,3.0
1926,3.8
13909,3.7
15521,3.8
26917,3.2
18615,3.0
28485,3.0
6804,3.1
8489,3.4
7117,3.8
17250,4.6
23765,4.6
9233,4.1
44,4.3
2812,3.1
25985,4.6
22104,4.7
9464,4.8
29497,5.0
15532,4.0
359,3.2
11783,4.2
20248,4.0
18516,4.7
16764,3.5
11960,3.0
19061,4.2
18406,4.8
585,4.3
4978,4.3
22955,3.4
6435,5.0
26582,4.3
9614,4.3
14200,3.2
9558,3.3
29122,4.8
200,4.5
29253,3.7
4563,3.8
16324,4.7
17870,3.2
27259,3.8
2051,4.0
6293,3.4
26505,4.3
22011,3.1
22532,3.4
26619,3.0
28275,3.8
4825,4.3
3533,4.4
7627,4.3
19834,4.6
2264,4.3
1232,4.0
16816,3.7
26874,3.2
20722,4.9
28278,3.4
27431,3.5
3926,4.7
2536,4.9
5597,4.8
18958,3.9
24406,4.5
12943,4.1
25355,3.3
17765,3.0
29277,3.2
6535,4.3
7401,3.0
21509,4.5
24746,4.3
7007,3.0
24542,3.3
28443,4.3
11393,3.8
4072,3.0
18527,4.0
9977,4.4
11836,3.5
26635,3.7
1065,3.8
28983,3.0
2855,3.4
27694,3.4
25779,4.5
376,3.9
29040,3.8
23527,3.6
16008,3.6
27358,3.3
833,3.5
18638,3.5
21215,4.0
21194,3.8
5050,3.5
14524,3.4
7168,3.7
23955,3.8
21502,4.9
11558,4.4
15703,3.5
16845,4.9
3073,3.8
6275,4.4
2527,3.2
8504,4.8
4954,3.7
27500,4.0
11029,3.4
6698,3.8
20798,3.2
24411,4.1
5001,3.2
12408,3.5
14073,3.5
4724,3.0
6994,3.8
28971,3.8
9405,4.3
7508,4.4
69,4.5
17691,4.7
1739,3.0
22849,3.5
23464,4.4
17531,4.7
16787,3.6
22304,4.9
23306,3.8
11270,3.9
16340,4.4
227,4.5
14234,3.3
9209,4.5
14860,3.0
12065,4.9
1864,4.8
11071,3.4
20831,3.9
3429,3.3
8919,3.2
5191,3.6
21201,3.4
1812,3.0
9073,3.8
383,3.6
14383,3.0
729,4.3
313,4.8
18618,4.8
14544,4.4
10168,3.5
2826,3.4
29698,4.0
22498,5.0
5673,4.6
5262,3.1
3059,3.4
17074,4.3
25177,2.0
6711,4.1
17621,4.3
12645,2.0
4044,3.6
25209,4.6
9279,4.9
12960,4.4
3994,4.7
8823,1.0
14578,3.4
12014,3.6
20913,3.7
26034,3.8
9668,4.6
2897,3.8
11243,3.9
24184,4.1
29648,3.0
725,4.1
4618,4.2
5407,4.5
29770,3.4
6920,4.4
9276,3.0
11550,4.4
9563,3.2
8372,4.8
4447,3.1
7713,4.3
15933,3.0
7811,4.8
5826,3.5
9750,4.4
23632,4.3
620,3.8
15533,4.5
27295,3.8
9254,4.4
16739,4.3
26897,4.8
17473,3.4
17003,4.0
6025,4.9
5418,3.8
6494,4.7
12630,3.6
1977,4.3
24898,3.5
20433,3.8
28347,3.8
21711,4.6
28977,3.5
7751,4.4
10834,3.4
28719,3.8
16734,3.9
14880,4.8
20687,4.4
26475,4.0
7724,4.8
27386,4.8
16134,4.4
29945,3.2
2815,4.1
16647,4.5
21380,3.8
2782,3.8
25217,3.4
7258,4.7
27423,4.3
5528,3.7
2512,3.3
12277,4.3
12918,4.9
23175,3.4
18144,4.6
22434,4.4
28946,3.9
20362,3.3
9284,3.0
21161,3.0
24956,3.8
54,3.0
18053,3.0
19192,4.8
15176,4.8
3463,5.0
6706,3.6
15041,3.2
13761,3.8
2847,4.6
5485,3.8
16551,4.5
10877,3.5
14979,3.7
28820,3.8
4032,4.5
26138,3.4
25423,4.6
29392,4.6
5070,4.7
24595,4.3
2859,4.9
13495,3.8
28382,3.8
898,3.8
12747,4.7
25483,4.7
1722,3.5
15943,4.0
25438,3.8
27617,4.7
20818,3.8
16882,3.4
13590,3.5
3737,3.1
7828,4.2
19514,3.9
29216,3.0
10696,4.7
14378,3.6
7152,4.4
20944,4.8
27164,4.4
20601,3.9
24979,3.5
19693,3.5
913,4.8
21694,3.4
16098,4.3
28287,4.7
17999,3.3
23313,3.8
13243,5.0
20555,4.4
25999,3.5
9779,3.4
15727,4.1
28785,3.9
26563,4.0
28410,3.0
18183,4.8
23784,3.1
4970,3.0
20729,3.1
15798,4.3
25877,3.2
8454,4.2
28786,3.7
6842,4.2
26366,3.4
15816,4.3
20834,3.8
6913,4.5
2095,3.5
7986,4.4
18916,3.6
6290,5.0
19437,4.7
18902,5.0
15102,4.8
29711,3.5
17441,4.9
2245,4.4
26628,3.8
3938,4.6
1153,4.4
12484,4.4
26888,5.0
1084,3.8
3505,4.0
11499,4.7
14273,4.5
24046,4.5
25260,4.2
27318,4.3
19353,2.0
15363,3.7
25665,4.5
4489,3.4
23331,4.8
7609,3.3
27599,3.5
29042,3.1
5076,4.9
3826,3.6
11501,3.4
14338,4.0
16952,4.0
4305,3.0
25318,3.9
1880,3.0
13604,3.6
26210,4.7
8025,3.2
3921,4.4
2998,4.5
2707,3.0
24478,3.9
24652,4.0
10454,4.8
27361,4.7
16597,4.9
4966,3.0
18823,3.1
6285,3.0
4547,3.4
21256,4.3
27206,3.6
12923,3.5
9905,4.8
17574,4.5
3302,3.5
23357,4.6
29438,3.8
21892,3.7
24888,3.6
3974,3.8
24994,4.3
16970,3.9
14094,3.1
1328,4.9
19050,4.3
6619,4.9
28828,3.1
21027,4.6
1318,3.5
1775,3.9
12416,3.6
16763,3.1
7949,3.0
26549,3.1
5508,3.8
12868,4.7
27940,3.5
11507,4.6
3877,3.5
29347,4.8
5493,3.5
12403,3.0
2001,3.2
10497,3.5
27351,3.9
311,3.1
20272,4.3
57,4.7
1631,3.8
13505,4.8
19628,3.0
19676,4.6
15846,4.3
1534,4.5
18644,3.1
5420,4.4
12169,4.3
16909,3.1
15884,4.7
29053,3.1
22813,3.9
25257,4.7
1280,4.4
28949,4.7
27558,3.9
20048,4.4
5165,3.0
21789,4.7
24653,3.4
21328,4.7
9913,3.3
12079,3.4
6890,4.0
5934,3.0
4510,3.0
23635,3.0
4286,3.0
884,3.4
11325,4.6
15094,3.1
13094,4.6
8355,3.8
542,4.9
28364,4.0
4418,3.8
26081,3.8
27753,4.7
4226,3.0
1862,4.3
4836,5.0
1272,4.8
20970,3.0
29041,5.0
28015,4.6
2838,4.7
735,3.0
24243,2.0
25130,4.0
15002,4.3
11342,3.2
15435,3.4
1521,4.0
10520,4.2
15782,4.3
18926,3.7
24922,3.2
14987,3.5
21516,4.3
18716,5.0
8246,4.6
15283,4.7
5013,4.5
28361,5.0
16487,4.7
2645,3.8
15854,4.7
24686,3.1
5708,4.5
28927,3.0
3248,4.2
24361,4.5
2736,4.1
25213,3.4
4388,4.2
22017,3.8
23062,3.2
21252,4.5
11129,4.3
9373,3.5
29189,3.1
1188,4.5
21483,3.9
327,3.6
29986,4.0
19306,4.1
2582,4.3
17108,4.7
2028,3.6
18662,3.4
20016,4.0
27873,3.1
21131,4.7
9138,4.3
17746,4.0
826,4.9
4847,3.6
3930,4.4
13578,3.5
8051,3.6
4064,4.3
18210,3.5
356,3.1
17020,4.7
22036,3.7
16989,3.9
10166,3.4
24865,4.9
19617,3.3
9801,3.0
29906,3.7
24787,3.5
7341,3.3
8079,3.8
22961,3.8
2115,4.4
20050,4.7
3879,3.0
8040,4.6
24498,3.3
16225,4.7
19725,3.1
8687,3.6
22090,3.7
6048,4.7
6650,3.5
6964,3.5
17872,4.5
25142,4.1
1356,4.2
18075,4.6
29142,3.5
4973,4.5
2252,3.4
23033,4.1
29877,3.4
2789,4.2
3953,4.7
16563,4.6
2085,3.1
8815,3.4
29495,4.2
25192,4.0
17236,3.9
26306,4.7
16813,3.4
8158,4.3
8966,4.7
15931,3.8
21846,4.8
10134,3.3
8184,3.1
26337,5.0
15426,4.7
21851,5.0
19704,3.1
22142,3.4
22099,3.5
22485,4.3
22768,3.0
2704,4.6
8670,3.9
23904,4.7
3433,4.9
9363,3.6
10594,3.4
26512,3.0
6316,4.4
218,3.0
27969,4.9
19961,4.4
18573,3.6
408,4.3
2655,3.5
24821,3.8
14115,3.4
29069,3.8
12832,4.3
11012,4.6
12715,4.3
22398,3.0
8721,4.3
14505,4.5
21014,4.9
11513,4.5
23,4.4
26322,5.0
15039,3.8
5180,3.3
19144,3.4
7046,4.7
22041,4.8
19589,3.0
6018,4.3
21301,3.8
29360,3.6
26208,3.8
10930,3.8
27803,4.7
11242,3.9
12805,3.6
4099,4.8
15731,4.7
19515,3.0
7131,3.6
26465,4.7
12890,4.4
19335,4.8
14018,3.0
16219,4.3
29184,3.0
1276,3.9
11146,3.7
28766,3.5
28835,2.0
18671,4.1
11915,4.5
2577,4.9
16561,4.5
5019,3.8
10827,4.3
12405,3.6
12481,4.3
9285,4.8
6750,4.0
10500,4.3
9529,4.8
13496,4.9
25195,4.2
20200,3.4
18490,3.3
24421,3.8
16357,3.2
11895,4.7
5549,3.4
3794,3.3
102,4.8
7204,3.3
2332,4.6
1261,4.9
23366,4.4
23965,4.0
15568,4.5
29997,4.3
23583,4.4
28079,4.1
19010,3.8
668,4.6
14401,3.5
26412,3.5
20243,4.1
22470,3.1
16227,3.7
15396,4.5
17739,3.5
29341,4.3
812,3.0
24894,4.5
7449,3.8
26198,4.1
16501,4.3
8256,3.7
15723,4.8
21970,4.4
2101,3.6
24863,4.8
25956,3.5
3211,4.8
9355,4.5
28201,4.6
19705,3.4
28313,3.0
21177,4.5
23942,4.9
1247,3.1
23622,4.9
28454,3.7
11235,4.0
18264,4.9
3387,3.3
25391,3.8
4069,4.3
5635,3.8
8908,3.0
12620,3.5
17293,4.7
17098,3.6
8807,4.3
3369,4.7
20182,3.7
457,3.6
20881,3.5
5202,3.5
9646,4.9
19547,3.1
3532,4.3
11010,3.5
29072,4.3
23824,3.4
28135,3.2
29730,4.8
2334,3.0
1399,3.4
16146,4.9
9928,4.8
14299,3.6
9198,3.1
14128,4.9
28847,3.5
18438,3.9
7722,4.0
23823,4.0
3008,5.0
24719,4.4
22196,4.9
24424,4.5
18570,4.7
13740,4.3
26061,3.8
9485,4.0
6551,4.4
29819,3.5
20099,3.7
22593,4.8
1012,3.9
11121,4.0
25739,1.0
19703,3.8
12859,4.6
15760,3.1
25147,3.6
29353,3.5
12060,3.5
26247,4.5
9994,4.6
23682,3.2
20253,4.7
3620,3.0
19822,3.3
9771,4.2
21891,3.0
12872,3.1
29108,4.1
5763,3.0
24444,4.6
7395,3.3
7109,4.0
2598,3.4
18808,3.2
11418,5.0
19114,4.9
17440,3.8
23083,3.4
15498,4.2
20916,3.3
25579,4.5
22153,4.1
6561,3.1
1944,3.3
2893,3.1
239,3.0
2002,4.7
19505,3.4
23277,3.4
8037,3.6
9459,3.3
19695,4.3
16783,4.1
9366,4.2
20549,3.2
416,3.5
6576,4.0
651,4.1
29939,4.8
12548,3.8
16192,3.8
10157,3.4
13011,3.4
9625,3.8
6234,3.5
13642,3.7
8538,3.5
16518,3.8
23604,3.8
29942,4.2
15652,4.5
19962,3.0
701,3.6
14007,4.0
23672,3.8
24204,4.7
28232,3.8
14469,3.0
14471,3.6
8993,3.7
26556,3.3
22121,4.3
24744,1.0
12609,4.8
12113,4.6
25839,4.1
7800,3.8
26190,3.8
27831,3.8
14718,3.0
12375,4.8
12266,5.0
27757,5.0
12143,3.0
12273,3.5
14003,4.6
21441,3.2
20471,4.7
28396,3.6
257,4.8
14695,4.6
19078,3.2
23780,3.5
7138,1.0
28817,5.0
335,5.0
23368,3.8
10710,3.0
2374,4.6
28394,4.3
29818,3.8
10191,4.8
28149,3.1
7826,3.8
15259,3.9
12571,4.7
27352,4.2
6607,3.0
16750,4.2
12895,4.7
17688,3.1
26757,3.6
4245,3.7
3910,4.7
14438,3.0
12009,3.3
3705,3.2
21273,4.7
1224,4.4
16221,3.8
13883,4.3
638,3.4
23070,4.2
4704,3.0
26045,4.7
8442,3.9
13154,4.3
12759,4.3
7315,3.5
2687,3.4
16271,3.3
16670,4.6
16506,2.0
5130,3.0
10880,3.0
24691,4.5
22277,4.6
4821,4.2
26472,4.2
10519,4.4
3984,4.3
7447,4.3
4265,3.9
14786,3.5
22638,4.8
3381,3.7
8091,4.7
11879,4.7
24635,3.4
3634,3.2
27636,4.1
23977,4.8
8087,4.3
11163,3.9
2467,3.0
3522,4.4
12049,3.4
26786,4.8
18027,4.3
10943,3.4
12623,3.0
6136,3.0
20934,3.3
28073,4.7
17525,4.8
2616,4.7
23489,3.3
3287,4.9
2638,4.2
11420,3.1
22714,3.7
2323,3.5
11697,2.0
4692,4.7
6682,3.0
13396,3.8
17666,3.5
26430,4.8
10548,3.5
13681,4.4
19679,3.0
1891,3.0
9733,3.4
21965,3.7
13583,4.8
10240,4.1
3422,3.9
17998,5.0
25995,4.0
21622,4.1
2879,3.3
24838,4.7
25901,3.4
22757,4.7
17785,4.9
25626,4.9
13959,4.1
5816,3.6
7969,3.4
29295,4.0
26785,4.8
7431,5.0
3277,3.5
19605,3.0
8449,5.0
9635,3.0
23463,4.0
13722,3.1
5421,4.8
9071,3.4
10122,3.9
11931,4.3
17001,3.7
15940,3.6
10470,4.3
616,4.9
17190,4.3
20345,3.3
18819,4.0
19199,3.6
4504,4.6
25307,3.8
1437,4.7
8292,4.7
13437,4.0
11320,5.0
11604,3.3
24761,4.5
1231,3.9
531,4.9
29895,4.4
19789,4.0
20846,3.3
23972,3.6
3207,2.0
5847,4.4
13206,3.0
13713,4.7
9022,3.3
3355,4.5
14666,3.2
2862,4.5
9322,4.4
15266,4.0
28926,4.0
23626,5.0
5802,4.0
9880,4.3
22159,4.0
9263,4.0
26020,4.6
5504,4.5
12382,2.0
6914,3.7
28365,3.1
15208,4.1
175,3.0
7422,3.7
22892,3.7
19292,4.3
16463,3.0
17321,2.0
2930,4.3
17099,3.5
17180,3.0
13800,3.0
24932,4.3
20649,4.5
23543,4.2
21446,3.6
6417,3.6
7703,3.0
24964,3.2
9805,3.8
17389,3.7
17131,3.9
3653,4.7
2519,4.7
3147,4.3
25928,3.0
28563,3.9
25104,3.8
6648,4.9
10761,4.4
17603,4.5
8602,4.1
7720,4.7
16600,3.4
7095,3.1
29557,4.6
20656,4.9
20275,4.8
8317,4.9
1574,4.3
6815,3.7
1349,4.9
28167,3.4
25669,3.8
7582,4.6
12066,4.5
14829,4.7
5071,4.2
6127,4.6
3223,3.5
16451,3.6
265,4.0
15506,3.1
11396,3.5
19653,3.9
21886,4.5
13083,4.9
6950,4.8
6039,3.0
15578,3.5
19476,4.9
13079,4.6
18891,3.9
27659,4.7
25601,3.8
5512,3.7
13922,4.3
25132,4.5
21022,4.1
25356,5.0
9056,4.0
17455,4.3
13307,3.6
23437,3.3
2127,4.7
15503,4.6
23151,4.7
83,4.3
21759,3.4
28144,4.2
7576,4.1
27944,4.7
10899,4.8
6933,4.3
11285,3.0
17052,4.9
3244,3.3
14619,4.3
4957,4.0
12610,3.5
7004,3.5
29952,4.1
10075,3.4
13165,4.3
900,2.0
17820,4.0
23611,3.1
5357,4.7
26894,4.9
14819,3.7
25436,4.6
1830,3.4
14204,3.0
17428,3.7
20193,3.9
13542,3.4
28579,3.3
3019,4.1
21173,4.0
6354,3.4
22051,3.5
1233,5.0
11309,4.3
23343,4.3
6770,3.0
14194,3.8
7728,3.3
11758,3.7
25025,3.8
27887,4.0
27731,5.0
424,3.8
18637,4.3
22182,3.3
29465,3.8
18181,3.4
8936,4.3
26939,3.2
27407,4.3
809,4.7
15528,4.4
23409,3.8
25404,4.8
25135,4.5
27885,3.9
27216,4.9
18989,3.9
3341,3.8
17422,3.0
24641,3.6
19320,3.4
17983,3.0
3125,3.0
13911,3.5
10783,3.0
8492,3.5
12980,4.3
21433,3.0
23884,3.9
7515,3.6
6034,3.3
16373,3.0
19638,3.8
714,3.2
7948,4.5
3219,3.9
12313,4.0
6052,4.7
8331,4.3
2548,4.8
22772,4.6
18727,4.3
1929,5.0
19671,4.8
16397,4.7
8197,3.4
20550,4.0
9500,3.0
29013,4.3
14862,3.8
3588,4.1
8072,4.2
14705,3.7
27166,3.0
2608,3.7
11388,4.2
21532,3.0
12778,3.3
7781,4.0
11118,3.8
3128,4.9
19763,3.0
15288,3.6
15985,3.8
8300,4.0
26944,3.8
4568,4.6
15423,4.2
29793,4.9
9453,3.9
27501,3.7
6599,4.5
1847,4.0
21658,3.8
21745,3.3
27579,4.3
2188,3.4
17992,3.4
26175,4.6
1298,3.4
12050,4.0
19872,3.4
2781,3.5
28040,3.8
25360,3.4
7706,4.5
24706,4.3
12240,3.0
25144,3.5
29869,4.8
28922,4.7
10277,3.2
27289,3.8
9507,3.0
25603,3.8
5612,4.3
23282,3.6
18254,4.6
19387,4.0
28229,4.6
19407,3.0
1786,4.7
5163,3.5
14078,4.3
16637,3.3
8157,3.1
9924,4.7
17339,4.3
25595,4.7
20613,3.4
12381,4.2
1443,4.3
6870,3.9
21960,3.2
18815,4.9
7256,3.1
5865,4.6
26089,4.5
26179,3.2
20737,4.2
5928,4.7
1833,4.1
24582,3.5
25795,3.4
11286,3.3
20202,3.5
21145,3.0
4872,4.2
29934,3.8
10788,4.6
13073,4.8
1472,5.0
20088,4.1
3233,4.8
25650,4.8
24869,4.7
1026,4.9
6692,3.2
3559,4.8
29813,4.1
1174,3.8
28878,3.2
23120,3.0
3132,3.8
27066,3.8
14930,4.3
19121,3.8
20087,4.6
10459,4.3
11670,4.3
11402,3.4
18721,3.0
2267,3.6
8726,3.3
21035,3.4
1197,4.0
14910,3.6
23335,4.5
4577,4.8
28947,3.5
5819,4.0
12578,3.8
9212,3.0
6534,3.9
3254,3.8
22519,4.3
24716,4.4
13160,5.0
6876,4.5
554,4.2
9380,3.5
29093,4.5
23681,4.3
19411,3.0
1440,3.8
19496,5.0
20843,4.3
18228,4.0
16352,4.8
1206,4.0
20978,3.5
13370,4.2
17797,3.6
16847,3.2
26926,4.3
15484,3.8
23307,4.7
3848,4.5
264,3.2
3740,3.8
24395,3.2
6946,3.1
4182,3.1
19732,4.8
19137,3.9
29821,3.8
24796,4.0
21594,4.9
17122,4.2
24944,3.6
29486,3.0
3349,4.5
13310,4.9
20617,4.1
3334,3.8
20992,3.4
23668,3.8
8341,4.0
26307,3.1
25480,3.8
18471,4.3
19699,4.7
13792,4.4
1572,3.6
13738,3.8
26440,4.0
9210,3.0
17668,3.8
16842,4.2
17665,3.5
11040,4.5
13899,4.0
4219,3.4
15468,4.3
21184,4.2
10203,4.1
16186,4.5
411,3.8
820,4.7
8710,4.9
19659,4.3
5090,4.3
621,4.3
21175,4.7
13712,4.9
18694,4.8
5575,3.0
13588,4.5
744,3.9
3080,4.8
10153,4.8
29180,3.7
27992,3.1
17584,4.1
10351,3.5
3288,3.4
6857,3.7
10389,3.3
26721,4.1
6309,3.0
13352,3.0
8074,3.3
19130,4.8
18774,5.0
7406,4.1
23947,4.0
14517,4.1
7768,4.0
8663,3.4
15598,3.0
2165,2.0
16871,4.6
16066,4.3
6717,4.7
13555,3.1
1584,3.0
7051,4.3
16693,3.8
24433,3.4
3138,4.7
23400,3.4
29319,1.0
15963,4.6
20480,4.8
11423,5.0
19767,3.6
13649,3.9
19066,3.9
1287,3.9
18533,4.3
12437,4.6
10501,5.0
16060,3.6
6600,3.6
7298,4.7
23658,4.2
15794,4.7
18684,4.6
12401,3.0
18609,4.3
2238,3.0
8870,3.1
16277,4.2
7416,4.3
8113,3.4
10462,4.0
16720,4.7
21245,4.8
22847,3.5
8309,3.0
9889,4.8
18899,3.9
10296,3.0
14825,3.8
19674,4.7
26048,4.8
21127,4.6
24188,3.6
21246,4.8
29692,4.1
24348,4.0
15959,3.5
24568,4.0
14981,4.3
12727,4.4
11699,3.6
5116,3.7
24338,4.8
28380,3.0
18063,4.7
19890,3.4
16188,3.8
21795,1.0
28810,3.5
2215,3.2
26257,4.6
19654,3.1
24733,4.0
8019,4.5
14413,4.3
13822,3.8
1704,4.5
21602,4.7
28026,4.7
7763,3.5
11857,3.4
23111,4.5
13602,3.4
19116,5.0
3437,4.7
7247,3.6
18483,4.4
18853,5.0
1274,3.0
24327,4.7
25309,3.8
19739,3.0
12885,4.5
6210,4.3
18679,4.9
11313,3.9
7075,4.7
24756,4.3
22476,3.9
2273,4.3
6027,4.5
3699,4.8
12551,3.5
1329,4.8
16786,4.5
14192,4.3
19893,4.4
20274,4.1
1571,3.9
18421,3.4
3165,3.0
10689,4.7
8310,5.0
11192,3.7
2074,3.0
7050,4.8
19210,4.1
13508,3.8
10511,4.2
22497,3.0
23220,4.9
14283,3.0
26129,4.7
23087,2.0
2202,4.7
9704,3.6
12565,3.1
8265,1.0
24897,3.2
4660,4.8
6300,3.9
695,3.9
23015,4.7
26718,3.0
484,4.7
25278,3.4
3733,3.8
15756,3.3
12654,3.9
25796,4.0
28964,3.3
22438,3.8
28065,3.5
2450,3.3
6793,3.1
1504,4.1
19971,4.7
20845,3.2
25935,3.0
4834,4.3
12669,3.6
29099,4.3
10198,3.6
21134,4.0
4129,3.3
9747,4.3
2306,3.6
16265,4.2
766,3.0
803,3.0
11627,3.4
7224,4.3
17567,4.3
27444,3.7
17555,4.0
11323,4.2
23288,3.5
13249,2.0
15291,4.3
28297,3.6
18499,3.4
3689,3.5
1061,4.3
29812,3.6
41,3.3
22917,3.8
12586,4.9
23142,3.0
12081,4.6
19521,4.3
3213,4.3
23642,4.6
6595,4.7
23201,4.5
8229,4.8
12709,4.8
10824,4.8
2923,4.8
26539,4.3
11876,3.0
7304,3.4
26108,3.4
2053,4.6
4936,3.2
27483,3.6
10325,4.0
16949,4.7
2545,3.2
12387,3.1
22622,4.9
101,3.8
16960,4.9
28469,3.6
6384,4.3
20267,3.4
24412,4.9
2825,3.4
14587,3.6
7686,4.3
12788,3.8
1943,4.5
27713,3.0
5955,5.0
20060,4.6
11607,4.5
14990,3.8
29225,3.0
12374,4.3
22124,3.5
11305,4.0
10152,4.6
25059,4.9
11096,3.8
6084,4.0
6952,4.0
8451,3.9
2447,3.5
20439,3.8
17240,4.6
4420,4.0
2733,3.6
29800,3.4
8513,3.0
15080,5.0
15615,3.1
13643,3.0
8008,3.4
3519,3.9
829,3.0
7808,4.4
18154,4.9
27794,4.7
4653,4.8
185,3.7
22586,4.4
4490,4.4
27920,4.7
19441,4.3
25341,3.6
19845,3.8
14941,3.8
6292,4.2
18453,4.7
28070,4.4
4574,4.3
25061,3.0
12166,3.4
12064,3.4
18580,4.0
14800,4.4
14406,4.4
17169,3.9
27680,4.0
15869,3.0
21794,3.0
13227,4.6
20075,4.2
20201,4.0
5764,4.1
21860,4.2
8450,5.0
433,4.9
11917,4.3
353,3.2
8365,3.4
604,4.9
17852,4.8
14640,3.6
29132,4.3
21423,3.2
4275,3.8
4953,3.8
16602,4.7
3571,4.0
8452,3.0
16439,4.4
14096,3.2
16592,4.0
13512,3.6
7546,3.1
24452,3.0
28567,4.6
1039,4.5
14583,4.8
12564,4.8
18175,4.0
29009,3.4
14055,5.0
5331,3.1
15922,3.5
11448,4.7
3958,3.5
29173,4.4
8482,4.3
18473,4.6
540,4.2
29286,4.3
1749,3.8
12141,4.3
28195,3.4
29083,4.6
6664,3.3
27157,3.0
24878,4.8
22921,4.4
5923,3.8
17777,3.8
20473,4.3
17503,3.8
23660,3.6
29580,5.0
24790,4.3
29958,4.6
18826,3.8
10902,3.4
4948,4.0
12299,3.1
28055,3.0
24083,4.3
22211,2.0
25460,3.3
27824,3.0
19969,3.8
4031,4.8
17049,4.8
21171,4.7
9434,4.7
25865,3.5
20699,4.5
11326,3.0
22506,4.4
12117,4.2
22342,3.0
123,4.0
1405,3.3
27508,3.7
13607,3.4
11474,3.0
29923,3.8
22183,3.8
25922,4.8
21832,3.8
1768,3.6
23006,3.5
2322,3.3
25320,4.3
18310,3.4
22792,3.0
27538,4.3
13052,3.0
2255,3.3
2806,3.8
2681,3.7
6974,3.8
13501,5.0
23271,3.6
3960,4.3
3314,4.0
15821,3.9
14808,4.7
8874,4.3
24346,3.0
21982,3.6
29684,3.3
10506,3.7
6700,4.7
26011,3.6
29652,4.5
6077,4.4
12800,4.2
28994,4.1
7952,3.0
12785,3.9
6062,4.6
14467,4.8
22848,3.6
18732,4.6
12534,3.6
3237,3.8
26323,4.3
28214,4.3
28228,3.9
27813,3.0
27482,3.4
14736,4.0
22024,3.9
27182,4.8
15951,3.4
29534,3.2
21049,3.9
6649,3.5
11636,4.1
1077,3.7
25287,3.9
25111,4.3
5857,4.0
6061,4.0
28336,4.5
13217,4.3
9573,4.7
2150,3.7
14358,3.6
3489,3.9
24042,3.6
5887,4.4
26079,4.5
26046,4.3
29631,3.8
2380,3.5
27180,4.8
13847,3.0
15642,4.0
27958,3.8
22377,4.4
29907,3.3
27690,3.0
6978,3.0
7589,3.4
17757,4.3
8069,3.4
29077,4.9
6593,3.0
20968,3.8
3724,4.8
29344,4.4
23114,4.7
29894,3.0
13875,4.5
18465,5.0
25965,3.6
7834,5.0
1365,3.0
18479,4.6
29853,4.8
575,3.1
3204,3.9
4442,4.7
13933,3.1
9857,3.8
8976,3.0
2065,3.6
21978,4.0
22324,4.3
5061,3.7
1859,3.6
509,2.0
19564,4.3
24912,4.7
1491,4.5
7639,3.6
9463,3.5
27137,3.4
2814,4.3
14420,3.5
15356,3.0
16090,3.3
13325,4.0
2697,4.6
24526,3.8
25254,3.4
10798,4.9
16432,3.6
6624,3.8
7072,4.3
15232,4.3
7712,4.8
29103,4.1
11710,3.0
26056,3.1
19974,4.7
28489,4.0
5719,3.6
902,4.0
6501,4.6
8192,3.3
26777,4.1
513,3.7
7359,3.5
13037,3.9
24430,4.5
3501,3.1
5652,4.4
8443,3.5
28571,3.6
2915,4.5
24299,4.8
27586,4.3
17996,3.0
5888,4.0
1601,4.3
12883,4.4
2338,4.6
3157,4.7
18501,3.1
14982,5.0
12053,3.7
21410,4.4
28101,4.4
15182,4.7
26714,4.7
14913,3.0
26982,4.6
1097,4.6
19664,4.3
24591,4.8
13529,4.6
10721,4.3
19827,3.5
28955,3.4
7719,3.4
10192,3.0
15201,4.0
16595,4.4
3821,4.8
14149,4.3
27279,4.4
7088,4.6
22606,3.4
26236,4.7
16449,3.0
9723,3.8
14137,4.3
3012,3.4
9072,3.8
4309,4.2
11414,2.0
20890,4.9
15535,3.0
26192,3.2
28539,3.5
29820,3.4
11086,4.1
27746,3.2
29528,3.4
11768,3.1
20826,5.0
25141,4.1
24926,3.4
21296,3.0
28292,4.3
810,4.5
17060,4.9
14099,3.6
3714,4.1
18633,3.0
26720,3.0
224,3.1
3846,3.4
13906,3.6
20839,3.5
29245,3.5
25647,4.5
3018,4.7
29366,3.8
16889,3.5
3261,3.8
11105,3.6
29177,3.6
29130,4.7
16775,4.6
23376,4.7
4159,4.4
11214,3.5
10224,4.2
17613,3.0
26455,4.8
13480,4.3
20524,4.4
23298,4.3
7591,3.4
15191,3.5
13415,4.3
10376,3.0
3511,4.7
7819,3.6
25226,3.6
19618,4.6
6603,4.0
21280,3.4
11225,4.7
28917,4.6
16876,3.6
1535,3.5
2878,3.8
5140,3.0
6307,4.6
3652,4.6
17716,3.0
6340,3.7
25980,4.3
10430,5.0
10090,5.0
18476,3.1
28401,3.4
20394,3.9
28255,4.0
18505,4.8
5714,3.0
19245,4.0
29135,3.8
26228,3.0
9201,4.0
6812,4.5
12491,3.4
26644,4.8
21719,3.8
8797,4.0
29965,4.5
29545,3.7
20457,4.1
25243,4.6
16598,3.5
25210,4.2
13915,3.4
245,4.3
5483,4.0
5324,3.4
12377,3.6
14945,3.8
19347,4.5
11269,4.5
308,3.6
27400,4.5
23600,3.8
15842,4.0
17646,5.0
20778,3.4
10569,4.3
8165,4.4
9347,4.4
7201,3.1
19062,4.3
12307,3.5
27222,4.0
59,3.2
17647,4.2
7260,3.0
15894,4.6
28553,3.0
27047,3.9
24149,3.4
1362,4.0
11206,3.5
14386,4.3
16307,3.4
18251,4.3
18558,3.5
24038,4.8
23691,3.5
26066,3.9
1870,3.2
13114,3.2
26415,3.4
1166,3.8
6536,4.9
13627,4.9
21228,3.6
13651,4.3
25938,4.6
1419,4.5
29325,4.7
14202,3.8
24544,4.4
17021,3.2
19139,3.1
25898,4.6
25589,3.4
2205,3.0
25110,3.4
5936,3.0
25077,4.8
16267,3.8
6421,3.3
10700,4.3
27772,3.9
13282,3.8
18986,3.2
6660,3.5
1205,4.3
6677,3.8
21547,4.1
9822,3.2
20548,3.4
9222,4.0
11361,3.0
15308,3.0
16045,4.7
4290,3.6
25749,4.0
6195,3.6
2927,3.9
11304,4.3
6839,3.6
12659,3.8
4591,4.8
26359,3.8
5625,4.2
8542,4.6
586,3.8
11838,3.5
10337,3.0
28916,3.7
3043,5.0
15776,3.7
22317,3.0
26078,3.9
9674,4.0
22145,4.2
20672,4.6
11476,4.2
11365,4.2
16582,4.9
14845,3.0
16629,3.0
14694,4.3
19755,3.6
27724,4.5
19761,3.0
1187,3.0
19516,4.5
21444,3.6
8929,4.3
28995,4.7
23970,3.8
13595,3.2
13646,4.7
10675,4.8
25924,4.3
29959,3.0
15877,4.3
18328,3.7
17612,4.7
14937,3.2
13190,4.6
17561,3.7
3717,3.6
13253,3.5
1144,3.8
27960,4.2
4630,3.5
23305,3.5
1158,3.1
25813,4.4
8978,3.1
28932,4.8
13169,2.0
23202,3.8
21883,3.8
7738,3.8
3882,3.8
26965,4.5
14651,3.4
26844,3.8
26730,4.8
3872,5.0
23027,4.0
4807,4.5
18496,4.8
9248,4.9
2946,4.0
19509,3.8
7603,4.9
21001,3.5
20784,3.1
24689,3.4
27098,3.9
17768,4.9
5318,3.0
27660,4.9
13213,4.6
29190,4.6
11504,3.6
28249,4.8
4205,4.3
14363,4.2
10615,3.2
5030,3.5
22774,4.8
26513,4.0
8410,3.5
18365,2.0
9480,4.8
9152,3.5
3728,3.4
2966,3.2
10428,4.7
14545,5.0
23760,3.8
15204,4.2
16778,5.0
19854,4.3
10664,4.3
16264,4.2
29769,4.5
26075,3.0
17931,3.8
9441,3.6
16072,4.2
23919,3.4
17137,4.8
19863,2.0
26750,4.0
14774,4.0
3941,4.2
17854,4.6
95,4.3
6279,3.8
26428,3.8
28465,4.3
27622,3.8
28376,3.6
10917,3.4
27234,3.6
15171,4.1
962,4.7
26240,4.9
13175,3.6
27087,4.3
13398,3.7
26090,3.8
25324,4.3
6808,4.7
18127,4.0
22887,4.1
18317,3.7
22375,4.5
21018,3.6
12802,3.0
29140,3.5
18201,4.0
2349,3.0
27615,4.5
17333,3.1
29782,3.5
8828,3.6
8810,4.8
2621,4.3
28635,3.6
9570,3.8
14181,4.2
17661,4.6
13872,4.5
11203,4.4
3582,4.0
18247,3.6
14814,5.0
3295,4.7
22106,3.6
4401,3.3
29522,4.8
2403,3.7
15362,3.4
23297,4.5
25448,4.0
12579,2.0
9577,3.3
19669,4.6
2109,4.8
22148,4.9
28102,4.4
26203,3.5
10709,4.2
410,4.5
6549,3.0
10688,4.7
14840,3.8
2189,3.5
20545,3.5
25660,4.1
2816,4.7
28282,4.4
12261,4.8
10231,4.0
19897,2.0
12599,4.2
28136,3.5
26181,3.6
23878,4.2
4585,3.4
18515,4.9
12550,4.3
23826,3.9
21801,3.0
23761,4.5
11355,3.5
4417,3.6
12054,4.5
8965,3.7
29031,4.0
12950,4.0
17544,4.7
4041,4.6
16573,3.0
1654,3.4
28827,4.0
16706,4.3
13788,3.0
25396,4.4
21513,4.7
11976,3.9
15219,3.4
13150,4.3
3062,4.5
22073,3.0
14335,4.2
11274,4.0
15726,3.6
27838,4.5
15340,4.6
19609,4.4
2247,4.8
6357,3.4
1135,3.8
21837,4.9
26565,3.0
19545,3.7
6491,4.8
4714,4.4
18943,4.2
23266,4.9
24654,3.0
9976,4.4
7003,3.4
9929,4.8
18456,3.1
15584,4.6
28727,3.7
10130,3.2
7482,3.2
22696,3.4
29956,4.2
18419,3.3
22268,3.0
8251,4.6
6306,3.6
24601,3.4
12255,3.6
13132,3.4
28104,4.4
26517,3.5
2458,4.7
29828,4.8
9761,4.3
10853,4.3
15133,3.6
19524,4.3
5217,3.6
27685,4.3
14275,3.6
23631,3.3
19603,4.0
15538,3.5
26608,3.3
12798,2.0
13314,4.8
10621,3.2
25500,3.5
3472,4.7
4680,3.8
26876,4.1
16938,3.8
9043,3.5
21048,4.6
2146,4.3
22805,3.0
27614,3.9
12796,4.7
17545,3.0
21178,3.4
19179,3.8
610,4.6
7946,3.6
14224,4.6
6518,2.0
23813,3.4
5351,3.1
643,3.8
1464,3.8
9619,3.7
12827,4.5
25035,3.2
22174,3.8
23477,4.9
7858,4.0
19597,4.2
5333,4.7
28857,4.5
21911,3.7
11854,3.0
25479,4.0
22184,4.8
6545,3.0
20030,3.1
11660,4.3
26861,4.6
24359,3.2
22739,3.7
6270,4.4
25490,3.2
16844,3.8
19788,3.6
22140,3.9
12250,4.6
29352,4.2
29917,4.7
26281,4.5
14468,3.2
23039,3.0
360,4.3
21065,4.7
14462,4.1
2910,4.4
15937,4.3
2199,4.5
24153,3.5
6871,4.9
6405,3.0
26993,4.3
27953,3.0
15196,4.2
4139,4.8
7944,4.7
22782,3.5
27631,3.5
25863,5.0
10505,3.8
9414,3.1
20011,3.0
12514,3.6
6756,4.7
1522,3.7
21033,3.8
19829,3.6
21877,4.7
2182,3.8
3496,4.3
25202,4.4
24372,3.4
13090,3.8
14675,3.2
19015,2.0
18885,3.0
3375,3.4
17759,4.4
12326,3.2
14237,4.8
8842,3.5
21445,4.8
18441,4.0
15590,3.7
11843,4.5
22980,3.8
18129,5.0
20755,3.9
17841,3.6
27162,3.8
21220,4.9
18736,4.9
24099,4.8
9952,3.1
13852,4.2
29526,4.3
1760,3.8
14543,3.4
17215,4.3
17604,3.8
19193,4.7
21577,4.0
14751,4.7
17895,3.9
10628,3.5
15655,4.9
18759,4.3
12085,4.7
8896,4.7
21072,3.8
8064,4.0
11177,3.6
16926,4.8
4038,4.9
4863,4.8
26918,3.1
20718,4.7
13208,3.0
27703,3.4
4505,4.8
11958,4.0
10809,3.0
14752,4.0
11299,3.6
5473,4.0
20134,4.1
2799,3.6
2235,4.3
5716,4.7
17811,3.0
3168,4.6
8298,4.0
17381,4.3
29263,3.0
15665,3.9
19318,4.9
14644,4.6
20646,3.7
9055,3.8
27638,3.8
22392,3.9
22308,3.3
8497,3.9
12369,4.5
22227,4.5
25385,3.6
5689,4.2
19072,4.3
6715,4.6
22205,4.0
16996,4.0
4024,4.8
22469,4.5
17286,3.0
24523,3.4
10249,3.9
17318,4.5
19598,3.4
1748,3.2
11624,3.8
28112,3.5
10138,4.3
6685,4.8
13312,3.4
584,3.5
12959,3.8
6225,3.8
22676,3.3
5011,5.0
14929,4.3
15421,3.9
2315,4.0
23356,4.0
6170,3.9
7877,4.4
13826,4.7
15825,2.0
18106,4.1
4013,4.1
25010,2.0
8887,5.0
24670,3.2
6466,4.3
7093,4.6
1020,4.6
10826,4.2
1533,4.0
483,4.8
21237,4.1
707,3.5
2712,4.1
4337,3.3
10879,3.0
19395,3.3
10378,3.3
10841,3.8
23901,4.7
27467,3.1
28226,3.4
10445,3.0
577,3.6
15725,4.1
14729,4.0
6667,4.1
4914,4.3
27336,4.2
3947,4.7
19084,4.7
12348,4.3
4269,4.3
10366,4.0
21696,3.4
18486,3.6
7661,3.7
1624,4.5
9541,3.6
24776,3.4
9975,4.5
3540,4.6
23125,4.7
29179,4.9
1576,4.6
16852,3.5
21056,4.3
21068,4.8
11307,5.0
12854,5.0
6232,4.7
28711,4.8
26749,4.7
24261,4.2
10036,4.4
14518,4.2
2112,3.8
7356,3.6
13459,4.7
24587,4.4
22352,4.7
17703,4.7
3479,3.4
29929,3.3
7458,3.9
19771,4.7
3615,3.3
2003,5.0
15263,4.0
10269,3.5
11868,3.1
14532,4.5
19484,3.0
11848,3.5
11790,4.0
16751,4.0
16801,3.1
24559,3.8
21213,4.1
5562,3.8
4874,3.6
11933,5.0
31,3.1
697,3.0
6045,4.9
631,4.6
10408,3.8
8287,3.9
19518,4.3
4767,4.9
18751,4.3
25798,3.9
25149,4.0
20909,3.8
994,4.3
12238,3.0
4600,4.2
21543,3.1
3817,4.0
22284,3.5
17631,4.0
20743,4.8
19133,3.4
7658,3.8
24952,3.8
8018,4.0
7290,4.3
21170,3.4
1348,4.4
3264,3.9
29831,3.8
14906,4.9
6161,3.4
29901,3.1
3388,3.0
3310,3.3
26932,4.4
26925,4.8
20793,4.8
24172,4.3
10843,4.3
6883,3.8
26495,3.6
16203,3.3
12893,4.8
5709,4.7
24864,3.5
28568,4.8
15767,3.2
22527,3.4
26358,4.8
28422,3.0
12706,4.3
22252,3.0
2498,3.1
12761,5.0
20684,3.5
5502,3.7
23753,4.1
5995,4.1
6228,3.4
26332,4.1
17135,4.8
15258,4.0
1199,4.7
27458,4.4
14507,4.1
1692,3.4
20667,5.0
1709,4.2
14225,4.7
10671,3.5
29523,4.7
4169,4.5
23537,3.0
27280,4.6
22749,3.2
27418,4.8
18036,4.7
18534,3.7
6621,3.9
15778,4.5
1608,4.0
19074,4.8
15546,2.0
27743,4.2
26112,3.4
3015,4.5
27498,4.3
2988,4.0
22880,4.7
4590,4.4
19452,3.0
26500,4.3
26196,3.1
114,3.0
26959,3.8
20974,3.3
2480,4.4
16262,4.5
16656,2.0
23673,3.2
28445,3.4
22290,4.3
686,3.0
2997,4.5
28791,3.4
19684,3.7
13609,4.7
9195,4.9
9356,3.0
12320,3.3
18729,3.0
28222,3.4
22513,3.4
20749,3.5
27675,3.4
27434,3.8
12487,4.3
13815,3.8
14163,4.8
17326,3.8
6144,3.0
838,3.8
18998,3.0
6524,3.1
15481,4.8
25850,4.4
415,5.0
28875,3.1
6874,4.0
25588,5.0
6486,3.0
10906,3.5
21582,3.9
25967,3.1
28919,4.2
16213,3.3
7655,3.0
14091,4.2
1432,3.7
18894,3.8
26573,4.8
26781,3.8
9934,3.1
24093,4.7
6510,3.8
242,4.6
25914,3.4
26866,4.9
4572,3.4
29428,4.3
27244,4.0
4376,3.8
5446,4.3
23754,5.0
6674,3.0
9922,4.1
22599,4.8
20101,4.7
23491,4.3
4271,3.5
5835,3.7
28235,4.2
13589,4.5
19742,3.3
19920,4.0
10901,3.0
19171,3.4
8703,4.0
9129,4.8
18422,3.8
20428,3.7
23728,3.5
16726,4.7
23011,3.0
25837,4.9
8104,4.0
15680,4.6
16636,3.9
24665,3.6
13433,4.6
7864,4.5
16214,4.3
1186,3.8
12245,3.0
21250,4.0
7675,3.4
12331,4.8
18699,4.3
25800,3.8
21036,4.8
25685,3.3
14095,3.8
22143,4.9
24934,3.4
27562,5.0
21409,4.0
17938,4.1
11368,4.8
3468,3.0
21311,3.3
8882,3.0
18132,3.0
21010,4.6
24614,4.8
22910,4.7
23447,3.4
3837,4.7
23738,3.8
18930,4.6
300,5.0
5292,3.3
749,4.5
9504,3.0
22751,4.6
23606,4.3
29732,4.3
6781,3.1
1194,4.1
18069,4.1
1712,3.0
5862,3.8
23983,3.4
22097,3.6
1900,4.3
13177,4.5
26768,4.9
24783,3.4
3078,4.8
22222,3.8
25848,3.5
3209,4.1
1253,4.5
7466,3.3
18306,3.4
27605,3.3
1208,3.1
9478,3.5
439,4.6
16543,3.6
6104,4.0
5593,4.5
6891,3.6
28603,4.9
24210,3.3
68,4.7
21541,4.0
27864,3.0
19085,3.1
1066,4.0
22791,4.2
20494,3.8
15073,3.5
11983,3.2
673,3.8
4279,3.8
17781,4.0
12272,4.0
10669,4.7
11731,3.8
18954,3.6
15923,3.4
13935,3.3
12525,4.4
16519,3.9
13904,3.3
24352,4.7
17744,3.5
21935,3.0
6798,4.4
10515,3.2
13593,4.3
18915,3.9
977,3.0
23836,3.2
14447,3.2
24157,3.2
26679,4.0
6735,4.2
4701,4.2
8149,4.6
22456,3.5
29150,3.4
7001,4.3
26469,4.6
23273,3.5
16104,3.2
25684,3.8
12567,4.7
27661,4.0
7376,4.2
8280,4.8
3801,4.9
5614,4.7
12129,3.4
20850,4.3
11099,4.4
14186,4.0
11968,3.8
13625,3.9
841,4.5
29622,3.0
28179,4.7
21746,4.0
24583,4.8
20701,4.8
6423,4.4
14884,3.3
10272,4.9
7547,3.5
4365,1.0
11256,4.2
18168,4.9
20865,3.0
3458,3.9
19821,3.0
15601,4.3
18630,3.3
15644,4.6
20647,4.6
2305,3.0
26031,4.7
16408,3.8
19219,3.8
5896,3.6
11808,4.8
16466,4.7
21857,3.8
29668,3.8
11532,3.8
13848,4.4
1488,3.8
10495,4.7
26454,4.8
11654,3.8
18379,3.8
20072,5.0
20512,3.7
8187,3.4
4779,3.0
576,3.4
13776,4.9
24059,3.4
17291,3.7
18338,1.0
29136,3.0
23195,4.0
20220,4.8
16717,3.5
25245,4.8
14160,3.6
13952,4.8
2177,4.3
1835,4.9
25127,4.7
18817,4.8
14019,4.3
7861,2.0
6592,4.7
15394,4.5
13674,4.7
27245,4.7
14525,3.7
23555,3.1
11792,3.4
13966,3.0
17225,4.2
28778,4.4
6203,4.1
817,3.4
13340,4.4
2677,3.8
6790,4.3
6705,5.0
2392,4.3
24343,4.1
4373,3.8
24091,3.8
5728,4.0
8100,3.8
3576,4.3
10752,4.1
24256,5.0
4516,4.4
20814,4.0
2796,3.8
21757,4.3
29983,4.4
72,3.8
9594,4.2
23693,4.8
23402,4.0
28034,3.8
10981,3.8
10099,4.5
11438,2.0
1325,4.7
22681,3.6
4453,4.6
10221,4.1
20438,4.2
16819,3.0
17903,3.8
8361,2.0
14962,3.6
18530,3.0
15755,4.5
18021,3.5
28236,3.8
28992,4.8
19025,3.0
10914,4.8
29510,3.0
25468,3.4
14425,3.0
26744,3.5
18503,3.6
15264,3.1
1821,3.8
23121,4.3
15056,4.7
18459,3.5
12909,4.6
8174,4.1
3497,4.7
24168,4.2
2725,3.2
8956,5.0
20091,3.8
15205,4.9
23531,4.7
24919,4.1
5086,4.7
20318,4.5
7806,4.7
20154,3.5
9622,3.4
2609,3.8
6338,4.7
25270,4.7
12358,4.5
24555,3.2
17196,4.8
15465,4.7
3572,3.5
28054,4.9
21912,3.8
6747,4.5
11756,4.4
4487,4.8
9262,4.0
18475,3.4
18904,4.3
16321,3.2
711,3.5
724,5.0
26795,4.3
28684,3.5
10480,4.7
3434,4.7
12679,4.5
4462,3.9
23263,3.5
921,4.3
1394,4.0
4328,4.3
5059,3.8
29399,3.8
7073,4.2
20573,4.7
7586,4.1
11566,3.0
580,4.2
22639,3.6
10509,3.8
19142,3.4
21825,3.8
16973,3.4
23497,3.2
3672,4.3
9812,4.3
19631,3.4
27301,4.3
18451,3.0
16831,4.2
4222,4.1
8736,4.0
27880,3.3
29290,3.0
14735,4.7
1258,3.5
6515,4.0
14653,4.7
3633,4.5
5063,4.5
17906,4.7
16794,4.4
8465,4.7
13205,3.4
19413,3.2
5900,3.2
7562,3.5
23025,3.5
15409,5.0
20065,3.0
9786,4.5
11147,3.4
28975,3.7
3171,4.9
16030,3.4
22013,3.8
10830,3.6
13298,4.7
22272,3.7
27238,3.7
16904,3.3
5846,4.4
15860,4.1
837,3.0
29969,5.0
17878,3.3
3887,4.8
29760,3.7
22822,4.3
24961,4.2
23808,3.3
24196,4.8
142,3.0
6282,3.4
24639,5.0
1694,3.8
14661,3.1
8829,3.9
6544,4.0
4005,4.3
18735,4.2
14775,4.1
25497,3.3
21397,3.3
23474,3.1
11018,3.6
2237,4.0
27284,4.2
8146,3.5
22829,3.8
21580,3.8
12440,4.5
16118,4.3
28060,3.9
14703,3.9
10341,3.2
8423,3.0
5721,4.8
13115,3.7
18153,4.7
23937,4.9
21079,4.8
21085,4.3
10697,3.8
16872,4.3
8406,3.3
8608,3.3
20809,3.9
9167,4.3
12434,3.5
6490,3.8
11541,3.0
10887,3.7
13295,4.2
10427,3.0
2312,3.2
14655,3.8
28880,4.8
19453,4.8
22300,4.6
23908,3.8
16908,4.0
27771,3.5
25368,3.0
16803,4.6
20133,4.0
24581,4.7
2018,3.4
28623,3.0
25520,3.8
4842,3.6
27733,4.0
22141,4.4
14747,3.1
5740,4.4
21879,3.1
4094,4.3
29220,4.0
24592,4.3
10241,4.1
15554,4.3
29798,3.5
25255,4.3
3531,3.5
29754,3.3
16699,4.7
14909,4.2
20732,4.3
13735,3.6
23244,4.6
16064,3.7
13925,3.4
21649,4.3
17723,4.3
7870,3.0
1732,3.1
6930,3.8
7139,2.0
6973,3.0
25415,3.8
19111,3.0
15286,4.5
3894,4.2
8404,3.4
15387,4.5
15270,3.9
4934,4.0
14760,4.9
12295,4.3
1458,3.8
22715,3.8
9684,4.7
19204,3.9
28536,3.6
22428,3.1
7921,3.0
22007,3.9
23141,5.0
26810,3.2
8607,3.0
5999,3.5
28615,3.8
7216,3.5
9659,4.3
8918,4.0
5792,4.5
26555,4.7
2301,4.3
7285,4.1
9442,4.6
379,3.1
26392,3.5
3950,3.5
18838,4.2
16841,3.9
16108,3.0
8611,3.0
19449,3.1
6051,3.6
4509,3.1
9119,3.5
29377,3.7
7185,3.9
27056,3.0
23079,4.3
26968,3.8
399,4.1
15788,3.4
28633,4.0
2503,3.2
8059,4.4
21239,4.7
9770,3.6
11265,4.0
28208,4.7
12965,3.8
29736,4.8
10084,4.5
26380,2.0
25152,4.6
24415,4.6
5371,4.8
12540,4.3
13170,3.0
19748,3.1
2422,4.5
11724,4.1
467,3.9
12838,4.5
19812,4.5
19419,3.2
26765,3.4
23935,4.7
29199,3.8
29762,4.0
12735,4.8
24183,3.5
7782,3.7
8623,3.0
26626,3.1
14888,4.8
407,3.0
8425,4.2
8994,3.0
13047,4.0
18092,4.3
6687,4.5
27989,4.5
26063,4.3
17836,3.1
8843,4.3
18651,4.5
8937,3.3
177,3.0
8195,3.8
25679,2.0
29943,3.3
19783,3.0
12131,4.2
295,4.7
21210,4.0
14508,4.6
26174,3.9
19150,4.7
28853,4.5
26110,3.0
9888,3.9
5244,3.1
26047,3.5
24163,3.5
8576,4.2
24049,3.6
6065,4.9
22605,4.0
13679,4.0
42,5.0
26104,4.6
3570,3.4
10947,4.6
22710,4.5
8289,3.2
4049,3.4
10957,4.8
27956,4.4
8588,3.3
17873,4.6
15628,4.4
5811,3.7
26389,4.7
27196,3.5
10368,4.8
420,3.0
10790,3.2
29471,4.7
7958,3.4
11176,3.4
2474,3.5
21635,4.0
19633,3.9
18854,4.7
19972,3.8
19098,3.0
21940,3.8
9197,4.4
2640,3.4
21339,3.8
18149,3.8
22637,3.0
26586,3.8
8764,4.9
15759,3.0
87,2.0
27442,4.0
24866,3.4
479,4.7
9059,4.5
13821,3.3
14782,4.0
28997,3.5
23732,4.3
22806,4.3
2483,3.3
11074,3.0
8839,3.8
13225,3.0
28321,4.4
15028,3.4
22022,4.7
6415,4.8
8349,4.8
21901,3.1
25382,4.8
17707,3.8
17538,3.9
15508,3.6
906,4.5
29057,4.3
4074,3.4
18131,4.5
25509,4.3
28224,4.5
4356,4.1
17123,4.0
11597,3.8
12687,3.8
25412,3.6
12908,3.7
2381,4.8
6381,3.8
10861,4.0
13196,3.5
19917,3.1
12353,4.1
110,2.0
5743,3.2
16092,4.9
6678,4.3
8836,3.9
28544,4.9
6097,4.7
21885,3.8
29640,3.8
5921,4.8
23924,3.9
28111,4.4
9345,4.4
19721,3.3
16161,3.8
5305,4.6
9049,4.5
13194,4.7
26223,3.1
5617,3.1
10061,4.4
23310,4.7
29183,3.9
8582,4.6
11753,3.8
18517,5.0
22833,4.7
3912,3.4
1430,3.9
2529,4.3
23055,4.4
9421,4.9
26807,3.6
21529,5.0
6448,4.8
18413,4.2
12372,3.0
7646,3.6
29303,3.6
2326,4.7
29565,4.9
4921,4.5
11775,4.3
28772,4.8
3948,3.0
9136,4.4
25841,4.7
8751,4.5
11052,3.2
471,3.8
20396,2.0
14548,4.1
25783,3.2
12220,3.6
19757,4.7
12052,3.5
25033,3.9
3323,4.0
10608,3.8
15758,3.4
9962,3.8
27441,3.6
21842,4.2
28734,4.3
1162,4.2
12176,4.3
21979,3.3
7369,3.4
13641,4.8
3795,4.5
1219,1.0
4527,3.3
862,4.7
19400,3.0
20911,4.7
10941,3.8
13290,4.3
18742,4.5
22907,3.5
27231,4.7
5352,4.6
15040,3.0
5557,4.2
4411,4.5
11681,3.8
26016,4.7
24978,4.3
11893,3.1
18914,3.8
25261,2.0
8148,4.7
29037,3.4
5874,3.9
21981,4.4
5303,3.0
6586,4.1
8641,3.7
286,4.5
5356,3.8
13539,3.5
7584,4.7
6846,3.0
7762,3.0
25442,4.9
13938,4.7
15331,3.4
293,3.4
9052,3.5
3593,3.3
18102,4.9
16772,4.6
21931,4.8
16791,4.2
915,3.5
2728,4.0
29728,3.0
17969,3.7
12505,4.3
23996,4.0
16688,3.1
10186,3.1
22960,5.0
5800,4.3
5416,3.8
9729,4.6
20989,3.1
8813,4.8
9710,4.3
25543,4.9
13514,4.1
14857,5.0
27153,4.3
13356,4.3
12244,3.8
6987,4.8
8826,5.0
23536,4.9
16257,4.3
10920,4.6
15159,3.6
14361,2.0
8127,3.4
18234,3.8
24660,4.9
20203,3.9
25305,3.4
6507,3.2
12845,4.9
116,4.5
22510,4.4
8088,4.2
17899,3.6
2935,3.2
23169,3.0
13098,3.3
20291,4.1
18547,3.0
27079,3.8
13695,3.5
19993,3.9
16031,4.2
8928,4.8
12105,3.4
5175,3.8
26741,4.2
8642,4.9
23731,4.0
2066,4.7
17039,4.3
1071,3.9
7076,3.5
21936,3.5
1720,1.0
22402,3.5
12230,4.7
23506,4.3
25792,4.5
28869,4.3
25937,4.8
16400,4.3
9958,4.5
1237,3.0
18538,4.3
11822,4.3
24158,4.4
21916,3.0
16823,3.3
16681,4.2
17398,3.3
3878,3.1
27219,3.1
8233,4.7
28641,3.0
12811,3.7
27171,4.8
2578,3.2
14654,4.9
27287,4.2
1123,3.5
4518,3.8
20117,3.8
16631,3.5
2223,3.8
27841,5.0
16302,4.3
16771,4.4
24963,4.3
21112,4.3
21405,3.8
22162,4.2
1479,3.8
26457,5.0
10936,4.8
14773,4.7
24205,4.7
15685,3.9
6036,4.0
3372,4.3
90,3.1
14071,4.6
25943,3.5
422,3.5
18783,4.7
27230,3.9
23336,4.5
14301,4.1
21084,3.8
29261,4.8
8897,3.3
26817,4.7
13084,4.2
11427,3.8
14660,4.7
10423,4.1
28306,3.8
5314,4.8
25008,4.3
25615,4.0
14991,3.9
29060,4.0
11585,3.8
23216,3.7
26114,3.2
9278,3.8
2993,5.0
11500,4.2
4166,4.5
10194,5.0
14077,4.4
18269,3.3
28089,4.0
13236,3.4
12072,4.3
21348,4.7
11107,3.0
26162,4.5
16247,3.6
7153,4.7
22634,3.8
21238,4.0
20540,3.6
12302,3.8
18912,4.7
29008,3.4
28252,3.8
26603,4.7
14111,4.3
13185,3.1
8396,4.5
25988,3.8
6143,4.2
22769,4.3
18084,4.7
5848,3.0
5527,2.0
3405,4.4
26126,3.6
26600,4.2
1570,4.0
12311,4.3
16372,4.8
19102,4.7
4113,3.8
5326,3.3
14297,4.8
25599,3.4
2470,4.7
7163,4.5
13244,4.1
16325,4.0
13466,3.7
9140,3.1
3481,4.3
14032,4.8
1357,5.0
7825,5.0
12030,3.6
17705,3.8
22557,4.5
4743,4.0
11570,3.0
19380,4.9
3354,4.7
1321,3.9
7714,4.4
11804,3.0
10312,4.0
13078,4.3
3485,3.0
14206,4.7
1905,3.2
4007,4.8
2138,3.8
13424,4.0
23890,3.8
9325,4.7
9109,3.5
24984,4.0
18867,3.0
1671,4.7
7911,3.7
3721,4.3
7608,3.9
11551,3.8
20270,4.8
16886,3.0
21613,4.0
6409,3.0
29107,3.8
2778,3.1
4154,3.9
21742,4.0
3898,3.3
26459,3.0
17869,5.0
9931,3.7
23395,4.5
24342,3.3
8114,4.7
19608,3.6
26308,4.7
26583,5.0
10362,4.9
6394,2.0
17283,3.3
28871,4.9
1793,4.5
17277,4.4
8453,4.2
16547,4.0
4192,4.5
4548,4.8
15431,4.2
1305,4.8
26674,3.6
891,3.0
10418,3.6
9515,4.3
14223,4.9
1838,3.0
4193,4.8
9720,5.0
10219,3.0
29781,4.6
832,3.0
387,3.6
22767,3.0
19365,5.0
14190,4.2
1358,4.4
23518,3.8
25432,4.0
7592,3.0
2448,4.7
9033,4.7
16468,3.0
20069,4.7
18586,3.0
7307,3.7
15840,3.8
14107,4.2
27359,3.0
17176,3.0
4446,3.8
10017,4.3
12806,2.0
5364,3.3
17497,3.4
27727,4.0
16895,4.2
4539,3.3
140,4.5
23516,4.2
27741,4.3
29224,4.8
16507,4.0
21390,4.7
63,3.5
10257,4.0
16046,3.3
3376,4.7
9636,4.4
1372,4.3
2753,4.6
29201,3.7
13717,4.4
3335,3.9
10513,4.2
4456,5.0
4609,5.0
12160,3.1
22610,4.8
16297,4.0
16047,4.7
25947,4.7
12922,3.2
7143,3.9
14613,3.7
17533,3.6
17504,4.5
21670,4.1
12284,4.6
10961,4.8
11794,4.6
15656,5.0
7985,3.6
12010,3.8
15117,3.3
25856,3.0
18016,4.8
14176,3.5
12033,3.8
19016,3.3
20593,3.0
28277,4.0
24859,3.8
24280,4.4
2906,3.0
6092,4.0
21417,4.4
5277,4.6
16545,4.0
6993,4.4
5168,3.3
23348,3.5
6497,4.3
14931,3.0
28749,3.8
10434,4.3
17255,4.0
16298,3.8
9383,3.8
4325,4.3
2506,3.2
24273,4.4
517,4.0
1705,3.4
26130,4.3
14902,4.3
8668,3.3
17147,3.6
7872,4.3
24805,5.0
26805,4.6
16392,3.0
16286,4.4
13616,3.8
13214,4.5
7473,3.0
8290,4.0
3493,3.0
1314,3.7
16128,4.3
24461,3.6
2777,4.3
1112,3.9
4904,4.0
553,3.9
5112,4.3
16596,4.0
25639,4.1
25651,4.5
19580,3.6
22507,4.8
17229,3.7
21459,3.7
27738,3.8
29982,3.6
28514,4.7
17837,3.0
3156,3.0
623,3.8
27649,4.0
28548,3.8
13802,3.5
24056,4.7
23250,4.8
4829,4.0
13035,3.0
10037,4.3
5294,4.5
3772,4.1
22244,4.7
10935,5.0
1335,4.3
15268,3.4
2872,3.4
14454,3.0
23565,3.0
12957,4.2
6775,3.0
3446,1.0
22151,3.2
16332,3.2
1991,4.1
18329,3.0
25891,4.7
16640,3.5
6349,4.3
25439,4.5
24304,3.8
19382,3.7
8935,4.9
5170,3.2
21190,4.2
15024,4.0
9970,3.2
26024,3.0
11051,4.7
9229,3.8
5484,4.6
1101,4.4
15412,3.5
2948,3.8
4441,4.3
2680,3.3
18641,4.5
1957,3.3
20999,4.8
6013,3.2
14324,4.3
6729,3.5
20404,3.4
5182,3.8
6231,4.7
3886,4.3
3528,4.9
3025,4.5
16441,2.0
14689,4.7
5917,4.1
2699,3.8
3337,4.8
5916,3.6
9002,3.0
21306,3.9
27262,3.8
29608,3.0
4126,4.3
3011,3.6
225,3.5
28169,4.3
2354,4.0
21211,4.3
6407,4.5
26362,5.0
17678,4.8
18868,4.2
27440,3.4
26675,4.4
1526,4.9
3803,3.2
20356,3.4
10321,3.7
10606,4.0
2794,4.6
23421,3.5
12195,4.3
10631,4.1
26250,3.0
28655,1.0
592,4.0
28257,4.6
28590,4.1
1146,3.4
15113,3.1
22660,3.7
26997,4.1
28288,4.4
3965,4.4
12840,3.5
22472,3.3
6844,3.7
19081,3.9
6878,4.8
21899,4.7
11658,3.7
19460,3.6
13941,3.5
3415,4.3
12814,3.7
19331,4.2
169,4.9
17121,3.4
16289,4.6
12527,3.0
5985,3.2
27560,4.7
5253,3.9
26183,4.3
20295,3.3
4649,4.6
13634,3.5
8771,4.4
21160,3.8
2455,4.8
4808,3.3
11988,4.0
137,3.9
5129,3.0
19871,4.0
16812,4.2
17218,4.3
1029,3.8
20305,4.3
9483,3.9
25868,4.0
7048,5.0
29595,4.1
11762,3.8
5459,4.9
3852,3.7
17316,4.4
26393,3.7
21122,3.0
21351,3.5
15772,3.5
19468,3.8
17362,3.5
25375,3.5
6864,3.5
15645,4.4
14326,3.0
18856,3.8
29488,4.3
9742,3.2
29950,4.0
20794,4.1
20424,3.1
19809,3.0
13943,3.6
10687,3.6
12324,3.2
17512,3.1
15063,3.3
746,4.8
27987,3.4
16604,4.3
6181,4.6
1794,4.7
24677,4.0
3669,4.0
1333,4.4
29790,3.3
18717,4.5
8103,4.7
1776,4.7
18169,4.8
4629,3.3
14592,4.4
7717,3.5
8909,4.6
23687,4.1
10052,3.5
13764,4.0
18319,5.0
22070,3.6
27792,5.0
25409,4.6
381,5.0
17639,4.2
17536,3.0
2162,4.8
15967,3.5
23500,3.5
10870,4.9
477,4.5
22163,3.5
9819,3.0
13021,4.3
11674,3.4
29579,4.7
7615,3.4
23269,4.3
3824,4.3
27177,4.7
1586,3.0
8198,3.7
8039,4.0
2743,4.5
22561,3.0
21106,4.3
15388,3.2
18239,4.0
12989,3.8
24467,3.0
26300,4.4
14851,4.7
12034,4.2
3569,4.8
6537,4.1
18650,4.0
22461,4.0
12248,4.9
6315,4.7
13811,4.8
15237,4.1
26383,3.1
13957,4.4
29312,4.5
888,3.8
8441,3.1
16083,3.9
7649,3.4
10318,4.3
8858,3.2
6653,4.3
15333,4.1
1157,4.7
18002,4.5
7270,4.3
4935,4.3
24699,3.0
13212,4.9
7551,4.8
29359,3.4
1477,4.7
27027,3.5
16731,3.2
26863,3.5
20178,3.0
12257,3.8
3143,3.0
1241,3.3
3325,3.8
8854,3.8
14617,4.9
19510,3.8
28283,3.9
14793,4.5
16147,3.0
21393,3.8
15900,3.0
558,3.3
7496,4.9
13768,3.0
15961,4.8
24020,3.0
27271,4.0
27905,4.1
3682,3.0
8086,3.5
26490,3.6
15298,4.7
19303,3.5
2185,3.1
1455,4.3
28894,3.4
23651,4.3
4333,3.8
4601,3.2
348,4.9
20271,3.0
25005,3.0
8268,3.9
1836,4.3
21872,4.8
23783,3.4
10274,4.3
26731,4.7
28886,4.7
543,3.7
11072,4.3
7537,4.0
10819,4.2
22105,3.0
535,4.7
10607,3.4
25735,4.6
20603,4.8
29134,3.1
17379,3.6
13134,3.6
22245,4.8
25076,4.9
6348,3.6
16437,3.9
11290,4.0
21257,3.8
27365,4.0
27592,4.6
18043,4.1
16553,3.8
6274,3.1
19451,3.0
23329,4.7
12783,4.2
1277,4.9
16130,4.6
22716,3.9
17267,4.0
1670,4.0
12007,3.4
15163,4.3
16540,4.3
361,3.8
9217,4.0
16327,4.9
14498,4.0
3870,3.8
16419,3.8
6577,3.6
22734,3.4
12389,3.1
1264,4.3
3024,4.0
23553,4.8
15819,4.0
15793,3.4
9349,4.6
19464,3.0
2705,5.0
14074,4.6
16362,4.8
28882,3.3
11701,3.8
23188,3.3
460,3.6
13991,4.0
1817,4.2
6959,3.7
17406,4.5
6932,3.8
20413,3.8
23718,3.8
21412,3.5
17769,3.0
23603,3.6
11847,3.8
2626,3.0
2938,4.2
8679,4.7
25095,4.5
26064,4.3
6068,4.2
3245,4.1
26803,4.0
23694,4.9
19855,3.5
21140,3.0
1152,3.6
18014,4.7
9092,4.0
2279,4.8
26845,4.8
27535,4.7
3903,3.6
11376,3.5
14218,3.4
2134,4.7
12898,3.1
3104,4.5
10239,4.3
29044,3.8
29947,4.7
1647,4.7
19391,3.4
15978,4.5
27209,4.8
27496,4.7
20293,3.7
25176,4.1
128,3.0
28187,4.0
8022,5.0
22487,4.5
22170,4.7
23134,3.4
2669,4.6
11339,3.1
18805,4.0
19429,4.0
13458,4.1
25933,3.0
24717,4.2
22540,4.7
11734,4.0
17062,3.0
17970,4.8
10792,4.8
13077,4.4
13209,4.2
11037,4.0
10818,3.8
13014,3.8
5151,5.0
27078,4.1
20174,4.3
28349,3.7
14634,3.5
26186,3.0
3544,4.7
18886,3.8
15238,3.2
7097,4.7
27459,4.9
21454,4.8
13940,4.8
3187,3.0
8550,4.7
2184,4.5
3487,4.7
5945,3.8
20664,4.0
26343,3.7
4073,4.1
6162,4.8
23034,3.4
9651,4.5
6242,3.5
28845,4.0
2045,3.8
2293,4.7
20774,3.6
19406,3.0
5833,3.6
4770,3.7
17711,4.3
22489,4.6
16467,4.6
9409,3.8
7859,4.6
29807,3.7
6053,3.1
21349,3.1
11862,4.7
17023,3.4
21958,3.1
25613,3.9
20773,3.3
3091,4.1
22733,4.3
18874,4.9
21407,3.8
29380,4.0
2178,4.5
3331,3.6
17834,5.0
12170,3.5
2783,4.3
6100,3.0
13413,3.1
24450,1.0
14522,3.4
23362,3.8
27621,3.0
5376,3.1
25539,3.4
7654,3.5
22522,3.1
11462,3.6
19770,3.0
25248,4.8
12831,3.9
20853,4.8
4909,3.9
29636,3.7
5412,3.6
29146,3.5
11417,4.3
27984,3.5
17893,4.9
29186,4.0
9806,3.8
4230,4.5
18242,4.3
7019,4.2
27212,4.2
29843,4.6
17102,4.3
28750,4.7
9851,3.5
23392,4.1
18879,4.8
11443,3.0
5992,3.6
26525,4.3
1579,4.9
19297,4.2
2968,3.4
16119,3.6
22607,3.5
21365,4.9
14848,4.3
967,3.0
5547,4.0
13373,3.8
18143,3.2
18785,3.0
29185,4.5
14802,3.2
19784,3.7
21129,4.1
1691,4.0
11621,4.0
5293,3.8
25644,3.0
21656,4.1
13287,3.8
658,3.8
18523,5.0
28404,4.8
26137,3.5
4545,3.8
18466,3.1
9037,4.9
10741,4.5
4012,4.1
19398,3.1
12293,4.3
549,4.1
19007,3.0
15879,4.7
7134,3.8
3131,3.1
15970,4.6
6626,4.8
7513,4.0
14216,3.2
6639,4.9
15218,4.9
21166,3.4
14711,3.3
12499,3.6
8903,4.7
26850,4.3
21076,3.4
27537,4.6
12801,3.6
12104,3.6
6532,3.5
26740,5.0
17423,3.6
2167,3.4
6345,3.9
14946,3.1
20032,4.7
26676,3.0
28379,3.1
24576,3.2
29870,3.8
28256,4.1
19213,3.5
2624,4.5
11526,4.4
29381,3.9
10971,3.0
23613,3.0
17341,5.0
8603,4.3
15709,3.1
28512,3.4
21150,4.2
26791,3.4
22600,3.2
22004,4.8
5207,3.0
23268,4.8
18698,4.8
6969,4.2
12139,3.3
20741,4.7
10952,4.3
26477,3.3
8654,4.5
11942,4.7
14332,4.2
21647,4.0
17804,3.4
20770,4.5
11297,3.3
28274,3.5
4496,4.4
4307,4.6
3520,3.4
20945,4.8
29662,3.0
15603,4.0
18584,4.1
19823,4.7
29809,4.5
2078,4.0
27795,3.8
8468,4.1
2183,3.2
2675,3.0
2391,4.4
10791,3.7
2522,4.3
23021,4.3
7476,3.2
25878,3.5
24383,4.8
7740,3.7
19780,4.3
15634,4.7
21937,3.8
9050,4.7
17808,4.0
19848,2.0
1222,3.6
28796,4.8
15469,4.0
11230,4.5
12896,3.6
2154,3.4
7259,3.3
29198,3.1
2298,4.3
10031,3.8
1803,4.3
8977,4.0
8350,3.7
11060,3.4
16658,4.8
20661,3.5
26827,5.0
19134,4.3
22655,3.2
15101,4.1
8899,4.7
6728,4.7
15427,4.0
14731,3.9
22884,4.5
25459,4.5
9724,4.0
22938,3.5
16306,4.8
205,4.0
9026,3.6
27159,4.3
10163,4.9
28137,4.2
16238,4.7
24068,3.4
13423,4.2
10869,3.8
3538,3.8
20265,4.8
18907,4.8
16224,4.3
12267,4.0
958,4.8
5701,4.1
15354,3.0
1005,3.8
20697,4.7
14682,3.0
24872,3.0
18500,4.7
2771,2.0
109,4.2
6800,5.0
21819,3.0
15478,3.8
12099,4.6
18996,4.8
23578,2.0
20398,4.8
26077,4.9
19379,4.2
24571,3.9
8109,4.9
2339,3.0
9508,3.8
23755,4.1
20242,3.4
29372,4.8
9332,3.3
19135,3.0
9498,1.0
25453,4.8
4197,3.9
19651,3.8
8117,3.8
29659,3.5
10852,3.7
4045,4.8
24525,3.0
14803,4.0
8066,3.6
19910,4.7
24319,4.1
22729,3.8
24151,4.3
14709,3.4
27957,3.0
21617,3.3
15400,4.3
1476,4.1
29410,4.3
5748,4.2
9264,4.9
19461,4.0
4731,4.4
13573,3.8
22526,3.9
11711,3.1
50,4.4
22325,3.2
29472,3.0
15381,4.3
1686,5.0
3859,4.1
11773,4.8
4398,3.9
7413,3.0
25586,3.4
25507,4.7
8182,3.8
12469,4.7
21137,3.1
23988,4.9
14952,4.4
15188,3.0
23746,3.6
5404,4.8
27341,3.4
12724,3.0
14989,3.4
24896,4.8
10977,3.4
3198,3.8
5254,3.5
4224,3.0
13238,4.1
8715,3.7
23920,3.3
25857,4.4
27883,3.1
9012,3.4
16022,3.8
4828,3.9
4260,3.1
5027,3.7
20614,4.3
14393,3.0
21000,4.1
8583,4.3
15837,5.0
16202,4.2
24676,4.4
11140,4.0
21862,3.8
22028,4.3
28036,4.0
24145,4.3
8814,4.5
23892,4.3
18377,3.3
7110,4.9
22088,3.8
1223,3.2
27665,3.8
3625,3.8
15910,3.8
23228,4.0
9785,3.0
3360,4.3
12032,3.5
10733,4.5
21708,3.8
17918,4.4
10948,4.0
930,3.1
28682,4.6
22413,4.4
18575,3.0
11201,4.3
6002,3.4
17763,4.7
1345,3.8
982,4.8
5023,4.8
8546,4.7
23219,4.3
26452,3.3
9537,4.6
3785,4.3
25990,4.0
4752,4.1
20179,4.9
29306,3.8
8898,3.8
9844,3.4
9656,5.0
14826,3.3
18728,4.7
28773,3.6
15172,4.4
22808,4.2
18757,4.6
8395,3.8
26381,4.3
10126,4.4
23008,3.4
2416,4.5
27832,4.7
18283,3.5
12276,3.8
10460,5.0
23232,3.2
19808,4.0
28067,4.0
7749,3.9
4671,3.0
10029,3.7
10810,4.8
13484,4.3
29058,3.7
27656,4.4
49,5.0
17698,4.7
26779,4.7
29242,3.8
26520,4.8
16153,4.3
29892,4.7
19196,3.4
28913,3.0
9586,3.5
8411,4.3
22755,4.7
27399,4.2
28650,3.7
27783,3.3
4323,4.0
10760,3.8
17445,3.8
24179,4.1
18463,3.0
25379,4.8
25823,3.0
19513,4.9
9749,4.9
9338,4.2
17382,4.3
15014,4.7
27975,3.8
24593,4.8
9861,3.0
7660,3.2
17610,4.3
25268,3.9
13552,3.0
21731,3.0
5948,3.1
19228,4.4
23720,4.5
15895,3.5
10349,4.5
8951,3.0
9925,3.9
16435,3.2
17505,3.3
5885,3.0
22789,3.6
11557,3.1
11006,3.8
1697,4.7
16316,4.3
5751,3.9
27142,3.2
8220,4.4
14757,3.5
19907,3.2
13504,4.2
1989,3.0
25313,3.8
24036,4.8
20296,3.0
2439,3.8
26843,3.1
23647,3.0
3379,3.7
19798,3.2
19726,4.9
20287,3.1
18560,5.0
11409,3.5
3934,3.3
16137,4.8
2039,3.5
2360,4.5
21973,3.0
12350,4.3
10137,3.8
5567,3.8
1964,4.0
8657,3.3
5015,4.9
14103,3.6
16579,4.5
10864,3.8
6669,3.6
10044,3.5
8799,3.6
18846,4.3
8961,3.6
13198,4.7
16744,3.0
5288,4.3
2452,3.2
12587,3.8
25041,3.8
23102,4.8
6936,4.6
25730,2.0
23014,4.2
24054,3.5
22040,4.7
17562,4.7
11562,3.4
17923,4.8
15828,3.8
28524,3.0
7775,3.1
16826,4.8
27762,4.0
5064,5.0
17609,4.4
24219,4.8
19562,3.4
2046,3.8
16231,3.4
14354,4.9
6327,3.0
24967,4.7
8456,3.0
21152,3.0
19243,4.3
6123,3.6
5563,3.8
23617,4.3
9623,4.7
12344,3.9
4116,4.7
11251,4.3
12657,4.2
5031,4.3
24931,3.4
15170,4.4
12655,4.8
12357,3.4
19486,4.3
24441,3.8
7383,2.0
23296,3.4
13574,4.3
22571,3.5
3680,3.0
9010,4.8
13088,3.4
2089,4.9
7683,4.7
21700,3.4
6015,4.4
29685,4.3
6647,3.8
17699,4.0
20419,3.8
8239,3.6
24750,3.8
5176,3.0
25622,3.8
28414,4.9
6590,4.7
24295,3.4
4786,4.1
3655,3.0
10140,3.8
18979,4.9
11782,4.0
9602,3.3
28850,4.5
3975,5.0
8388,3.0
1119,4.3
6386,4.8
11522,3.8
12056,4.8
18238,4.0
14236,4.9
9179,4.2
4862,3.0
11940,4.9
11766,3.5
15993,4.7
24754,3.5
18829,3.8
17914,4.9
21028,4.1
28095,3.5
17977,4.9
25387,3.7
10280,3.6
23623,3.0
13914,3.1
7167,4.5
23722,3.0
23157,4.3
5837,3.4
24057,3.1
4464,3.0
23475,3.8
16261,3.8
285,4.7
22695,3.8
23914,4.7
24565,3.2
21458,3.9
8116,4.7
6230,4.0
20994,3.0
18357,4.2
12717,3.7
26283,4.5
9754,3.0
27324,3.4
28353,4.7
3048,4.1
10148,4.7
16511,4.5
4661,3.6
20928,4.7
4046,4.7
22321,4.2
1918,4.5
10644,4.2
1736,3.7
1979,4.7
19412,3.6
2067,4.3
18462,4.0
23819,3.3
20742,3.8
10076,4.5
18572,3.1
12304,3.0
25170,4.9
4445,3.3
5893,4.7
24598,3.4
14790,4.7
3061,4.6
1156,4.6
28914,4.0
23205,3.2
4691,4.9
25949,3.4
22512,3.8
28576,4.7
25765,3.0
2919,4.7
22358,4.2
15477,4.8
1693,3.9
28132,3.7
13730,4.1
2732,4.1
3624,4.8
19886,4.3
17537,4.9
11318,4.7
18688,3.6
8878,4.9
27030,3.0
8541,4.8
27474,4.9
15752,4.3
3755,4.7
27627,4.0
19502,4.8
6755,3.1
7300,3.0
17623,4.1
5970,4.7
5230,4.7
25529,4.2
4021,3.4
15548,4.8
13729,4.3
21824,3.3
7028,5.0
23881,3.5
13525,3.0
7142,4.9
6324,3.6
15875,4.8
17470,3.4
25918,4.4
17377,3.2
28330,4.7
9495,3.3
7593,4.9
28441,3.0
20375,4.5
9893,4.3
27517,3.5
16151,3.0
1373,4.7
7695,4.6
29437,3.5
11521,3.8
8126,3.8
16323,3.0
18068,4.0
12733,3.5
26518,3.0
27913,3.9
19517,5.0
426,3.8
15841,3.4
23608,4.3
12660,3.6
25057,4.0
339,4.0
3480,4.3
22079,3.0
29727,3.6
723,3.8
11506,4.7
8833,4.0
9412,3.8
15648,3.9
14710,4.7
18081,4.2
10978,4.6
3649,3.8
11165,4.6
13471,4.8
2959,3.0
26770,5.0
129,4.7
3663,3.4
22351,3.4
14279,2.0
5350,3.0
28837,3.2
13447,3.1
16129,4.3
3194,3.3
11200,3.1
14445,3.5
11509,4.0
25854,4.0
16355,3.9
18305,3.4
1235,4.7
3403,3.2
22492,3.4
27477,3.3
3269,3.5
29243,3.0
23441,4.3
1442,4.7
6485,4.8
5022,3.5
20665,3.4
25649,4.3
24283,4.8
9818,4.1
28888,2.0
29637,3.0
10477,3.3
14264,4.6
25182,4.7
6286,3.8
608,3.3
25009,3.5
675,3.1
19,3.2
5434,3.4
18326,5.0
19106,5.0
25388,4.1
1643,4.0
26971,4.3
19059,4.7
29307,4.0
2487,3.7
9444,4.7
17993,3.8
13903,4.3
7387,4.7
28522,4.7
29326,4.1
7115,4.9
25065,3.2
23520,4.0
25602,3.7
25680,3.5
19220,4.6
27601,4.5
10158,3.5
19949,3.9
22049,4.7
3800,3.2
6900,3.2
25912,3.8
7700,3.2
1649,4.5
21570,4.1
24682,3.9
18502,4.3
7894,4.5
7648,3.3
20761,5.0
25612,3.8
8506,4.1
1983,3.9
21844,4.7
14850,3.5
21715,3.5
1540,4.3
27781,4.0
9272,4.3
13736,3.2
19525,4.5
8849,4.7
21102,4.8
751,3.5
23469,4.9
9514,4.7
15744,3.5
17776,4.3
27468,4.4
24332,3.0
12082,3.4
1149,4.6
12736,4.5
22072,3.8
25399,3.3
15647,4.0
17436,4.2
2086,4.4
18167,3.0
11844,4.7
12264,3.0
18114,3.7
19924,4.2
18359,3.0
21463,4.4
8945,4.4
19707,3.3
21396,4.6
10448,3.4
2364,4.5
47,3.0
15714,4.1
19031,3.2
29525,4.5
27074,3.4
22682,4.6
13706,3.1
2758,4.6
11337,4.1
23149,4.3
19039,4.9
10802,4.0
3289,3.9
26136,3.9
20585,4.3
4755,3.8
19696,3.8
23990,3.2
19511,3.0
25020,3.2
22204,4.3
26100,3.7
2446,4.7
18873,4.4
13167,3.9
1871,3.8
19672,4.5
17223,4.3
11973,4.2
418,5.0
11123,4.1
1213,3.5
12430,4.7
15625,3.3
7160,4.2
11632,3.4
2499,4.0
27288,4.7
21952,4.5
10108,5.0
29856,4.8
16903,4.9
10732,3.4
4840,3.8
2912,4.1
17997,4.7
6369,3.8
1038,3.7
7931,3.8
27161,3.4
29421,4.3
12543,3.4
28870,4.8
23076,3.1
13174,3.8
29560,3.5
5736,5.0
19916,4.3
23902,4.7
28931,4.8
8883,4.8
27019,3.7
12689,4.3
22731,3.8
29681,4.4
27028,4.5
24546,3.5
16683,3.9
241,4.8
12619,4.5
27646,3.6
25275,3.0
15571,3.8
21440,3.8
19378,3.8
1952,4.7
10743,4.9
6257,4.5
1594,4.8
16942,4.3
1984,4.0
25191,4.0
10872,4.3
26458,3.4
1042,4.4
28332,4.8
20854,3.0
21359,3.5
1783,4.0
62,3.0
0,4.7
18769,3.9
3462,3.8
14034,3.8
12789,3.5
18373,4.0
26881,3.8
2144,3.4
24128,4.3
5852,3.2
3665,4.2
11606,3.5
29592,3.0
605,4.7
14742,4.5
13060,4.2
2271,4.3
1878,3.4
17683,5.0
3038,5.0
21430,4.5
27419,4.5
14737,3.3
11726,4.8
1028,4.4
18179,3.8
25400,3.2
28981,3.3
23484,4.7
6543,4.2
7524,4.0
4221,3.1
9757,3.1
1941,3.2
12493,1.0
8327,3.1
3449,3.7
17411,4.7
24873,4.9
14431,4.0
26173,3.7
14658,4.0
12830,4.3
26082,4.9
16457,3.2
12480,4.1
4526,3.0
21996,4.6
413,4.7
20427,4.2
9367,3.7
18510,4.7
15824,3.6
3954,3.2
22775,3.8
22282,4.3
8464,4.2
7385,3.6
15168,3.0
26111,4.7
28387,3.4
23089,4.8
15252,4.9
18198,4.1
22920,3.5
2288,4.8
15370,4.8
13742,3.7
16664,4.3
24929,4.5
5321,3.3
15832,4.2
7915,4.9
11430,3.8
17355,4.7
29887,4.2
1523,3.8
14921,3.3
14085,3.6
19898,3.4
29025,3.1
14754,4.6
2634,3.5
23515,3.6
22395,3.3
18910,4.2
28813,4.7
9605,3.4
1130,3.6
13024,4.5
25746,4.2
25055,3.5
1416,3.8
5849,3.6
12492,1.0
1621,4.9
18781,4.3
11719,4.3
1840,4.6
20946,3.9
7177,3.0
23757,4.5
14344,3.0
11187,4.0
25847,3.4
27437,4.3
11490,3.0
13551,3.7
1486,3.2
15712,3.1
25545,4.1
24293,3.8
1238,4.9
15320,3.8
10605,4.8
9909,4.7
6109,4.7
24064,4.5
6063,3.4
15348,4.4
29994,4.0
23498,3.2
15803,3.2
24901,4.7
18859,4.3
20053,4.5
9016,3.8
9150,4.2
25705,4.7
15059,3.0
8614,4.3
24224,4.2
15952,3.4
6967,3.3
20043,4.3
16071,4.8
14065,4.1
26909,3.0
26960,4.3
8675,4.3
12038,3.7
18194,4.2
1315,4.8
19639,3.3
14704,2.0
6076,3.4
25929,3.3
16069,3.9
4941,3.8
6467,3.9
13120,4.7
8330,4.6
9560,3.8
26912,3.8
6243,3.4
8306,4.8
5003,4.5
27723,3.5
7101,4.9
11608,3.0
19530,4.0
12507,3.5
21600,4.5
25630,3.0
25835,4.0
20692,3.3
26245,3.4
20036,3.0
28351,4.1
27628,3.8
21308,3.0
16668,4.4
25090,3.0
22902,4.6
26151,4.7
23084,3.0
6105,3.9
28744,4.8
10801,4.3
19474,3.0
7735,3.8
2802,2.0
25989,4.1
26346,4.5
21895,3.4
2054,3.8
15559,4.9
25557,3.4
19718,4.3
15118,3.2
9601,3.7
21744,3.6
1270,4.8
29783,3.9
4852,4.5
9883,3.1
9820,3.9
28632,4.5
9863,4.0
7914,3.0
8748,3.6
1663,4.0
15215,3.0
26636,3.4
10404,3.5
20388,3.4
15220,3.5
3787,4.8
21413,3.8
6832,3.0
4741,4.7
14426,4.7
9400,3.8
18011,3.5
15239,3.0
18461,4.3
14045,4.6
16581,3.4
11026,3.4
9282,4.3
3120,4.7
6436,4.1
24998,4.4
28572,3.0
28521,4.7
9725,3.8
15095,3.0
26677,3.8
4999,3.5
24714,4.4
10806,3.0
2614,3.5
2636,2.0
14535,4.3
14771,4.0
10856,4.2
11823,4.4
7677,4.6
5438,3.8
5990,4.9
19141,3.4
17968,4.8
28823,3.0
12570,4.3
21496,4.8
9973,4.9
9740,4.8
2211,4.8
22329,3.6
22315,4.2
27768,5.0
1293,3.2
28962,3.3
4896,4.0
17195,3.9
7409,5.0
27049,4.3
5166,4.5
20342,4.3
26375,4.3
24398,4.8
20574,4.8
21848,4.5
13381,3.8
1767,4.3
11888,4.2
8773,3.5
5279,4.6
5960,3.0
23267,3.9
17940,4.4
19976,4.1
17651,3.0
26339,4.3
23174,4.6
21661,3.6
5250,3.7
7616,3.1
15556,4.3
26681,4.0
11833,3.4
13812,4.9
16055,3.3
16185,4.5
12560,3.5
19338,4.5
6444,3.8
24234,4.2
25348,3.1
1002,4.1
19272,3.4
28629,3.0
22132,4.1
17035,3.5
13104,3.2
6723,3.8
27003,3.8
27086,3.8
12343,3.8
19287,4.5
18970,5.0
14230,3.6
9578,3.0
29960,4.2
19717,3.4
23494,3.8
13477,3.6
10854,4.3
21898,3.2
15939,3.7
17975,4.0
16780,4.6
15750,4.2
11386,4.3
5933,4.5
28968,3.6
2953,5.0
29816,4.2
18090,3.7
6956,3.8
2737,3.4
29501,4.3
12520,4.2
18046,4.8
25420,4.2
29106,4.8
22181,4.2
27701,4.4
28510,4.1
2857,4.5
4436,3.0
5106,3.5
25962,4.1
7459,3.8
10657,4.5
24683,3.1
28281,4.2
10034,4.4
8129,3.9
9351,3.0
20720,5.0
2304,4.7
13385,3.5
29604,5.0
4625,3.0
25410,3.9
20279,3.0
3545,3.0
16070,3.4
18007,3.2
26927,4.8
28807,1.0
10436,4.0
19364,4.0
17645,4.8
14872,3.0
29839,3.5
21013,4.5
6132,5.0
18209,4.7
2821,4.8
2021,4.6
10804,3.5
15742,4.5
21261,3.5
24840,4.6
16229,4.3
6098,2.0
10331,3.2
2556,3.1
23547,3.5
11799,4.7
7089,3.3
15851,5.0
27421,4.3
3344,4.7
29480,3.8
1513,3.5
181,3.0
18702,3.0
27626,3.9
23442,3.4
1853,4.4
13020,4.1
28626,4.5
28985,3.4
22810,4.3
1250,3.0
14092,4.7
18246,3.0
29379,2.0
8818,3.9
10069,4.0
3966,4.4
7980,3.6
25578,4.3
10118,3.0
7141,3.6
4983,4.0
18675,3.3
11946,4.6
8081,4.5
24747,4.3
28542,4.8
5234,4.8
3656,4.0
10658,3.0
13954,3.3
16342,4.2
18967,4.2
19647,3.6
677,3.0
8985,4.8
5091,4.4
6496,3.4
27415,3.8
25187,4.8
25959,4.6
29443,4.0
23804,4.0
20364,4.3
7014,3.4
4930,4.8
18298,3.8
15404,3.3
20940,3.0
26128,4.2
8564,4.3
248,3.6
8962,4.3
25022,4.7
26878,4.8
26072,4.4
3999,3.7
25597,4.4
17067,3.7
17305,4.3
21948,3.8
4980,4.4
24793,3.8
12774,5.0
2241,4.6
4310,3.4
15249,4.4
2589,3.1
12794,4.6
18404,3.4
28286,3.4
5146,4.2
28907,4.4
6298,4.4
24730,3.5
19231,3.6
27861,3.8
12701,3.8
26489,4.7
28657,4.3
15667,4.7
27664,4.8
28117,4.5
25632,3.0
15526,3.1
12421,3.3
21139,3.6
29454,3.0
24206,3.0
14722,4.4
9231,4.2
11089,3.6
5566,4.6
13548,4.1
22455,4.2
24492,3.4
20781,3.0
18811,3.5
24124,4.9
24331,4.7
10120,3.1
9864,4.4
10287,3.5
3857,3.8
22157,3.6
13728,4.8
29499,3.9
3477,3.0
1010,3.9
12628,4.7
5363,3.7
22457,3.1
19189,3.0
11752,4.8
8568,3.9
6311,4.8
15425,4.3
27309,3.2
24301,4.3
18966,4.0
934,4.1
16132,3.0
23013,4.7
23361,4.0
27977,4.3
7197,5.0
20708,3.5
24113,4.7
1343,3.1
14046,3.4
8551,4.3
14858,3.0
16062,4.5
27525,3.4
29570,4.7
28825,3.0
1148,3.0
2954,3.1
10243,3.4
12475,3.5
10246,3.5
11208,4.3
19967,4.0
470,4.9
14070,3.4
26097,3.6
22530,3.5
28889,4.5
28794,4.4
22223,3.4
18596,4.8
12359,4.3
6006,5.0
13430,3.7
28400,3.3
24090,3.2
16697,4.3
27618,4.5
16196,4.7
20329,4.8
28442,4.2
16870,3.5
9360,4.2
8586,5.0
29916,3.8
23047,4.7
11800,4.2
24462,3.7
22213,3.8
28667,3.0
26896,3.7
21679,1.0
15490,4.0
9545,3.3
176,3.0
13570,4.3
11503,4.7
7275,3.8
18407,3.1
1623,4.2
1236,3.4
6335,4.4
2234,5.0
25842,3.8
5152,4.0
5718,4.9
22985,4.6
16176,4.6
25030,4.0
2394,3.0
29589,3.8
26277,3.1
5918,4.8
12188,3.6
13510,3.3
5769,4.3
2436,3.4
21705,4.7
21501,4.6
24139,3.0
19839,3.8
3746,4.4
9871,3.4
10666,4.2
7772,4.2
1327,3.9
11729,4.3
6613,4.0
7796,4.0
5735,3.6
22175,3.0
3276,3.8
2746,3.3
20892,3.7
8294,3.0
8083,3.5
23198,4.8
9853,3.0
17799,4.3
21462,4.8
3674,3.0
25718,3.7
8011,3.2
14681,3.4
3865,3.4
19573,4.8
11465,3.6
9886,4.6
28891,3.8
5161,4.2
22113,4.1
12915,3.0
5444,4.6
268,4.5
518,4.3
7159,3.8
16250,4.7
17787,4.3
6360,4.8
12322,4.5
20551,4.7
10199,3.8
2358,4.8
6023,3.2
7342,3.4
13868,3.0
26841,3.8
21524,4.5
937,4.7
12684,4.7
21828,3.0
10461,3.4
3459,4.3
26609,3.8
21517,3.9
4965,3.8
17384,4.2
16700,4.9
2774,4.7
267,4.7
18250,4.8
3119,3.4
8420,4.3
16930,3.6
1210,4.8
15482,4.5
1085,3.0
8495,3.8
740,4.4
9595,3.8
6218,4.7
8852,4.8
3036,3.8
15164,4.5
12810,3.4
13197,3.1
21586,3.0
25062,3.2
11571,4.9
21760,3.0
26098,4.0
1769,4.3
19911,4.5
3708,4.8
16710,4.3
15671,3.0
6679,3.4
7626,3.6
28381,3.0
24043,3.7
1499,4.3
3562,4.3
6659,3.4
130,3.6
17329,4.4
11451,3.9
3220,3.8
4880,4.2
11912,5.0
4918,3.4
1176,3.3
5582,3.7
16505,3.5
12116,4.6
1825,4.5
11369,3.2
24752,4.3
15650,4.7
21686,3.5
22237,4.7
160,3.8
27299,3.9
20430,3.7
20951,3.4
5766,4.1
12964,5.0
17578,3.7
1707,4.7
2216,4.0
6329,4.7
2995,3.6
23407,4.3
17847,4.9
398,3.3
19012,4.5
21063,3.9
18121,4.9
10987,3.7
23840,4.9
17720,4.7
20754,4.4
6713,4.8
3940,3.7
18923,3.7
20518,4.9
23212,4.7
15054,4.8
19864,4.5
19410,3.8
23827,5.0
19397,3.6
5943,4.7
18095,4.7
19478,4.1
26887,3.4
9085,4.4
449,3.7
22578,3.8
22732,4.3
24281,3.2
23187,3.6
16948,3.8
27408,4.0
19616,4.8
15413,4.0
8727,3.9
19794,3.2
6606,5.0
29464,3.5
6521,4.9
28706,4.6
366,4.3
7807,3.0
26006,3.9
7559,4.3
17237,3.5
29776,4.0
12967,4.7
1890,3.0
5134,4.5
5203,4.3
18809,3.6
28634,3.4
5966,2.0
24708,4.6
16111,3.6
7583,4.9
22514,4.9
1688,4.8
6673,4.5
21791,3.9
29159,4.3
4292,4.9
4614,3.3
13787,4.5
21216,4.1
12125,4.3
25265,3.4
7149,3.6
10641,3.7
21361,4.7
25006,3.4
26640,3.5
4822,3.0
24921,3.6
21781,4.5
454,3.0
10215,4.8
27281,4.6
6958,4.8
164,4.2
12044,3.2
6740,3.0
182,3.4
23097,4.5
19236,4.3
23256,4.4
20598,3.0
3183,3.3
29125,3.5
8291,3.4
13601,4.5
15718,3.4
3742,5.0
6356,3.6
10663,4.2
17011,3.8
9025,4.3
7862,3.5
4787,3.1
7087,4.8
9899,4.2
254,4.3
25303,4.3
15395,4.2
21894,3.8
4474,4.2
27761,3.8
10611,3.5
17735,3.2
15004,4.8
12279,3.8
23462,3.3
22894,3.5
13958,4.5
13823,3.2
8766,4.2
933,4.6
29371,3.8
12503,3.4
14612,4.6
25128,4.4
11687,4.5
16000,4.3
13103,4.0
16003,3.7
10201,4.2
20514,4.8
16808,3.1
5642,3.8
19325,4.7
26184,4.7
11066,3.1
8262,4.3
1037,3.7
28291,4.3
28757,3.6
4848,4.7
5996,4.7
15132,4.0
3357,4.6
4415,3.0
25882,5.0
28681,3.2
17950,3.8
3179,3.9
22672,4.6
14384,3.1
952,3.8
22254,3.5
23113,4.9
11263,4.5
3347,4.7
7920,3.4
5000,3.6
22347,3.1
17405,3.6
18718,3.0
23217,3.1
28142,3.2
23327,4.3
22842,3.2
16315,4.9
17388,3.8
12029,3.0
21346,4.0
19700,3.7
13972,4.5
8685,4.1
27267,3.1
9039,4.2
22385,3.0
29436,3.6
24619,4.3
7322,4.6
13655,3.0
11170,4.3
16319,4.9
12952,4.3
24006,4.3
19795,3.8
28503,4.6
25345,3.1
6506,3.1
25100,3.5
9608,3.9
21381,3.8
3205,4.3
8366,3.0
14530,4.4
9525,4.2
22691,3.6
23311,3.8
6848,3.4
19926,4.5
13172,4.6
28984,3.5
13887,3.0
24404,3.7
19857,4.8
4908,4.2
8043,4.8
24700,3.7
304,4.2
12703,3.9
27784,4.8
12591,4.7
17539,4.5
6193,3.4
10254,3.4
7765,4.3
25513,3.3
3920,4.7
27843,5.0
18707,4.4
9042,3.0
7077,3.1
5952,4.9
20280,3.8
27321,4.2
6075,4.9
26314,3.0
13188,3.0
26654,4.0
20988,4.4
26642,4.2
8728,3.8
14934,3.9
1139,3.0
12547,3.1
12308,3.8
23379,4.7
468,3.5
24026,3.9
20129,4.0
20578,3.5
21604,4.8
16141,4.1
12928,4.3
617,4.8
17491,4.8
1310,3.3
29418,3.1
29369,3.8
20902,4.0
5300,3.5
5905,3.0
3251,4.0
6739,3.0
20547,3.6
26326,3.4
14630,3.5
28829,4.6
26304,3.6
11979,3.7
26486,4.3
18666,4.0
8758,3.1
9592,3.3
7264,4.2
15016,4.3
5962,4.3
28366,4.6
2829,3.5
24249,3.1
23418,3.5
22134,4.8
289,3.1
9313,3.8
2656,4.5
3478,3.0
12753,4.4
8699,3.9
28128,3.8
2657,3.7
5518,4.1
16040,3.0
21855,4.3
27360,3.4
3526,4.4
12400,4.3
10027,3.7
1876,5.0
24171,3.1
2538,3.4
7638,4.7
15031,4.3
9234,4.7
10782,3.7
14761,3.6
21631,4.5
19458,3.5
7831,3.0
27588,4.4
5924,2.0
19825,4.5
2596,3.1
25628,3.2
4797,3.0
4488,4.3
17891,4.8
377,4.0
357,3.6
26497,3.6
21480,3.4
27876,4.3
8724,3.0
10323,4.7
16472,4.6
17876,3.0
5537,4.6
26167,4.3
600,4.0
2087,3.5
9057,3.2
27155,4.8
7504,3.5
18139,4.7
21768,3.8
21408,3.2
29010,4.9
21138,4.6
5809,4.0
10384,3.9
184,4.6
4352,4.2
13018,4.8
7144,4.6
6064,4.5
14620,4.8
22230,4.7
16722,4.7
29578,3.3
8805,3.9
15405,4.9
29336,3.0
14768,3.1
6056,1.0
23767,4.8
26195,4.0
17865,4.3
21289,4.1
27134,4.6
21723,3.7
9448,3.8
5385,3.2
22454,4.0
4318,4.3
12572,4.3
14947,4.8
2652,4.3
6017,3.3
23540,3.5
15771,3.7
25221,3.1
17887,3.3
26690,4.0
6473,3.0
23943,5.0
113,4.6
14372,3.4
472,4.5
18013,4.2
14804,4.6
28795,4.5
22215,4.3
18035,4.7
5866,4.2
29788,4.3
29628,3.2
28988,4.8
10119,4.9
27129,3.9
848,4.4
5049,4.6
13297,4.4
4571,3.4
15673,4.5
16368,3.1
16291,4.6
18804,3.0
3773,3.1
22446,3.4
25129,4.3
13260,4.7
28944,4.3
28704,4.3
13905,4.5
135,3.5
19036,4.0
28350,4.1
25711,4.6
21023,4.7
13734,3.0
12246,3.2
12937,3.7
24397,4.8
14811,3.0
24465,3.5
28474,4.5
2584,4.7
15018,4.6
18869,3.4
10279,3.8
8790,3.0
15026,3.2
3039,3.8
18455,4.5
19180,3.0
3997,3.0
20315,3.8
26570,4.1
6566,3.6
27461,3.0
16401,3.2
11106,4.4
11480,4.3
29747,3.8
425,4.3
24144,3.4
19955,4.1
5268,4.8
24698,4.3
4693,4.0
13670,4.3
23639,4.3
27667,3.8
6810,5.0
2531,4.8
17226,3.0
13691,3.7
24806,3.0
26121,3.8
15060,4.0
7015,4.8
17564,3.4
4111,4.8
17183,4.7
325,3.0
11406,5.0
16768,3.0
5360,4.3
10025,3.9
11850,4.9
25369,3.2
27854,4.3
5235,3.0
25899,4.4
27672,4.7
2197,4.3
29182,3.8
26446,3.5
26480,3.8
11354,3.3
21089,3.8
8700,3.5
16313,4.3
653,4.3
14985,3.0
20513,5.0
7662,3.3
17089,3.0
3234,4.0
24854,4.6
10590,4.7
10918,4.7
9305,2.0
29022,4.8
24413,3.8
13218,3.6
23729,4.5
8565,5.0
2099,3.7
21963,3.8
29425,3.4
23059,4.0
18229,3.4
25884,3.0
1275,3.1
13759,4.2
14832,4.3
4304,4.3
710,3.9
27127,4.3
21222,3.8
9901,3.7
2132,4.7
17474,3.0
23656,4.7
22818,4.8
10731,3.7
21624,3.8
16110,3.6
16686,4.7
24362,3.0
29552,4.8
28910,3.5
9054,3.8
10041,4.8
24517,3.8
27802,4.5
23319,4.9
9912,4.5
14684,3.3
15211,4.6
20990,4.9
27739,4.3
23847,3.6
11892,3.8
8830,4.3
12465,3.3
4132,4.0
4622,4.6
566,3.0
28768,3.8
8973,3.8
25794,3.8
11820,3.7
22251,4.7
15654,4.3
23866,3.8
5381,4.2
26880,5.0
5458,3.8
18342,4.3
12495,4.3
23848,4.6
12147,3.4
23535,4.8
27648,3.6
10734,3.2
13257,4.9
22930,3.1
6947,4.3
20366,4.3
11289,4.9
27032,4.8
9431,4.6
18600,3.0
15720,4.3
29748,4.0
1795,4.2
21583,3.1
18285,4.6
13023,4.3
1057,4.9
10156,3.1
7687,4.8
2629,3.5
7699,3.0
2731,3.8
4816,4.0
19002,4.7
10159,3.8
5646,4.4
29172,3.2
14081,4.9
18661,4.2
28594,4.6
445,3.8
25428,4.0
8913,4.7
4800,4.4
17202,3.8
26416,4.9
21812,3.4
2543,3.5
4623,4.3
18775,3.8
23380,4.0
10467,3.7
26239,4.1
21668,3.7
8612,3.5
284,3.3
998,4.9
16643,3.0
11373,4.4
5020,3.1
27005,3.6
14281,3.4
7361,4.4
24231,4.7
1718,3.1
17925,4.5
28972,4.2
17882,4.2
27373,3.0
4768,4.9
21235,4.3
4281,4.5
7199,3.8
23809,3.0
4533,3.8
27413,4.3
14076,3.0
23725,3.9
18026,3.5
7530,4.3
4592,4.8
7040,3.9
9748,4.8
11583,3.0
8469,3.5
3661,4.2
19802,3.1
8352,4.0
5426,4.0
27114,4.0
2379,3.4
20586,3.8
17185,4.3
682,4.0
111,4.1
27449,4.7
8342,4.0
7324,4.3
23459,4.0
20849,3.5
3411,3.3
26943,3.8
12509,4.7
3977,3.9
29639,3.1
4403,3.4
7393,4.8
11395,3.0
1374,4.6
22061,3.4
25445,4.9
14183,3.9
19875,3.8
16253,3.9
4315,3.2
28316,4.0
4878,4.7
16329,3.8
20149,4.5
14965,3.2
2661,4.4
21626,3.8
5702,4.7
14276,3.0
7020,4.8
10999,4.4
22531,4.0
26606,3.8
3788,3.2
15115,3.5
22020,4.7
9468,4.8
14028,4.0
6259,4.5
21888,3.9
7599,3.8
19500,4.1
14463,4.0
21987,3.0
5942,3.8
29315,4.9
13270,4.0
17542,3.4
29961,3.8
14624,5.0
19258,4.9
648,3.8
17637,4.7
19099,4.8
7334,3.5
27001,4.9
12256,3.4
17269,4.3
6220,3.7
21383,4.6
18418,4.8
26540,4.4
19712,3.1
19673,3.6
10431,4.5
3651,4.3
11149,3.7
21104,3.9
7411,4.7
3684,4.1
10632,4.4
22549,3.0
17843,3.9
13129,3.4
22384,4.6
2481,3.5
19998,4.3
1858,3.3
6903,3.0
19246,3.0
16481,4.8
7532,3.5
16747,3.6
9047,3.8
23468,4.9
16716,3.4
1602,3.4
25526,4.0
18963,4.5
11250,4.0
28558,4.7
3475,3.8
318,4.1
23945,4.0
29797,3.0
23839,4.5
18191,3.0
29175,3.7
19058,3.5
7121,3.0
21192,4.5
24014,4.4
26000,4.0
16976,3.0
5821,4.7
29733,3.2
7068,4.7
24502,4.7
26237,3.5
16536,4.2
21968,4.0
13152,4.8
4775,4.5
8822,3.1
10113,4.4
12549,4.6
8499,4.7
12077,3.1
27200,4.2
84,3.3
10498,4.3
27568,3.6
3851,4.9
26243,4.3
22678,4.7
13533,4.9
29076,3.8
23278,4.1
28344,3.2
10432,3.6
19929,4.1
19388,4.0
3607,4.7
11075,4.4
23830,3.2
6153,4.8
27126,3.9
1320,4.8
21593,4.3
29968,3.5
21861,4.4
15344,4.7
5380,4.3
5817,5.0
14927,3.3
21865,2.0
6115,4.0
20883,4.4
22957,4.8
8360,4.3
14460,4.7
17026,3.8
1143,4.6
8486,3.5
551,4.0
7276,3.8
22706,4.1
20459,2.0
8590,4.5
29212,4.3
2803,5.0
1046,3.0
149,3.5
3069,3.5
8684,3.0
94,3.0
7625,3.8
26963,3.4
15973,4.8
914,4.0
9793,3.8
13967,4.8
26830,3.8
17315,4.6
21652,4.7
1496,3.6
28584,3.6
18492,4.2
13724,4.3
24510,3.8
4885,4.5
10633,4.4
26287,3.6
7098,3.2
18200,3.5
7873,3.1
23026,3.3
24524,4.6
20110,3.8
11548,3.0
18484,3.1
12333,3.0
18719,3.3
25092,4.8
21608,4.0
18080,3.5
14777,3.0
25920,3.4
10121,4.7
4901,3.8
17125,3.3
19687,4.2
17659,4.5
5145,4.8
18401,4.7
7284,5.0
5568,3.0
1967,4.3
23295,4.4
9376,4.7
21497,4.4
29836,3.3
1634,3.8
25642,3.8
7402,5.0
17946,3.0
19805,3.0
9809,4.0
18470,3.3
24647,3.3
24479,4.4
3037,4.8
9671,3.1
622,5.0
6246,4.0
926,4.1
9690,3.8
25729,4.9
17142,3.2
18855,4.4
26036,4.8
16068,3.4
28125,3.4
14398,4.7
26834,4.2
14146,3.8
20369,3.0
1332,3.5
9224,4.5
5149,3.6
28900,4.7
10522,4.8
2688,4.3
1714,3.6
20707,3.5
28759,4.4
2059,3.4
20379,3.1
6037,3.9
8523,3.2
14513,4.3
21680,5.0
3855,4.9
1178,4.8
8122,4.3
7518,4.8
21838,3.4
12090,3.8
18948,3.4
20155,4.0
10907,3.2
27829,3.2
10080,3.0
8508,4.3
10115,4.3
7580,3.4
16792,3.7
21287,3.0
26883,4.2
7845,3.0
19940,3.0
13976,4.6
28481,4.7
2818,3.1
19329,4.2
950,3.0
5362,4.7
18134,4.8
25485,3.1
20327,4.4
22501,4.3
18839,3.1
13857,4.4
22279,3.8
20757,3.3
6385,4.1
9584,3.6
1639,4.5
5200,4.0
16200,3.0
25560,4.1
27789,4.2
6451,3.1
26485,3.4
18258,4.3
11921,4.1
12648,5.0
20790,4.8
27095,3.6
17344,4.9
16721,3.1
18022,2.0
20505,3.8
7316,4.4
1965,3.0
15907,3.8
26028,4.8
26093,4.7
28305,4.7
2025,4.5
23138,3.8
14370,4.0
29974,4.3
13554,3.0
11761,4.6
11137,3.7
4963,3.6
4127,4.5
10573,4.9
26683,4.3
7681,4.2
28631,4.0
2928,3.8
20033,3.0
1790,4.0
13631,4.0
6954,4.8
15657,4.3
17437,5.0
16166,4.3
29933,3.0
7026,3.8
24513,3.4
6707,3.2
18434,4.3
28614,4.0
13874,3.3
12179,4.0
1593,3.9
10393,3.0
4383,3.8
7527,3.0
700,3.9
22348,3.1
24400,3.0
26716,3.6
28671,4.8
11377,3.0
17024,4.3
4029,4.5
12187,4.9
12494,4.5
20727,3.5
10614,4.6
764,3.6
3116,4.7
15241,4.9
4342,3.0
758,3.8
26484,4.0
6598,3.1
10923,3.0
12431,3.9
29990,3.0
22644,3.0
38,4.7
3613,4.6
9647,4.7
29163,4.9
11853,4.2
17252,3.0
5274,3.6
7478,3.6
7203,1.0
2894,4.8
5046,3.8
19632,4.8
4587,3.8
12562,4.0
16830,3.4
19283,4.0
29777,3.1
9245,3.9
6724,3.4
20688,3.8
23546,3.1
8698,4.8
29537,3.0
26831,4.8
16235,3.1
7572,3.8
6301,4.1
22587,3.6
15589,3.6
2807,3.5
22783,4.6
22854,4.9
20412,4.2
14487,4.1
8496,3.4
29431,3.7
18536,3.9
14625,3.5
15891,4.5
9178,3.5
28515,4.7
28148,4.2
20355,4.0
252,4.5
6860,4.8
5082,3.0
511,4.0
23123,4.4
5768,3.1
26796,4.9
18955,4.0
3333,3.4
27038,3.0
15495,3.4
8405,4.6
17425,4.4
29647,4.0
4062,4.0
9060,3.4
750,3.0
16515,3.4
17964,4.5
2348,4.1
6074,3.2
17598,3.2
8934,4.9
29000,3.4
21908,3.0
10842,4.9
23558,3.5
23262,3.8
18389,3.0
6940,3.8
28654,3.8
22066,4.2
23191,3.8
20983,4.3
1465,3.3
15280,3.8
25190,3.7
28559,4.5
28462,4.8
2390,4.8
28797,4.3
14844,4.8
22913,4.2
14494,5.0
22726,4.2
8573,3.0
26275,3.0
5297,3.8
20531,3.9
16827,4.4
19113,3.6
25134,4.9
16868,4.5
20192,4.6
662,4.1
14488,3.8
6817,4.8
14375,4.5
3467,3.0
14584,3.0
22982,3.4
527,3.8
25312,2.0
22707,4.7
5468,4.7
9176,1.0
8631,3.5
8794,4.5
3781,4.7
14364,4.3
17292,4.1
429,4.3
13137,3.2
9301,3.8
7680,4.3
24701,4.0
19803,4.0
14314,3.0
12627,3.8
4881,3.0
20461,4.3
5143,4.9
25118,3.8
18670,4.3
1226,3.0
2804,4.6
15272,3.5
29113,4.3
9413,4.6
14798,3.6
11648,3.8
903,4.5
7588,3.4
8323,4.7
22082,3.7
15448,4.3
2493,5.0
85,4.0
13881,4.3
27908,4.7
2991,4.3
20917,3.0
2258,4.3
20204,3.4
27240,4.5
3079,3.0
16875,3.2
6389,4.0
20982,3.4
9652,3.1
3016,3.8
20715,4.3
15044,3.0
23532,3.0
18901,3.7
4988,3.5
1653,3.1
4362,3.2
11614,3.8
1532,3.5
15296,3.7
9449,4.7
24505,4.7
26719,3.0
9398,4.3
343,4.7
13888,3.1
8462,3.4
27612,4.8
8191,3.1
9678,4.7
15492,3.3
19868,4.3
1982,3.1
18611,3.2
25247,3.0
3685,4.8
8359,3.4
14833,3.4
17981,4.9
11202,4.3
6827,3.3
27654,3.4
6926,3.0
29506,3.3
14129,4.9
29275,4.3
22471,4.9
11564,4.3
753,3.2
22389,3.9
9610,5.0
8644,3.0
10446,3.7
4063,3.0
7983,3.0
27629,4.8
625,4.3
29445,3.4
25096,3.0
25950,3.5
23507,4.9
4244,3.9
25200,4.9
2438,5.0
22270,4.0
2069,3.6
13810,4.7
19399,3.0
5224,4.9
26420,4.7
10544,3.3
11743,3.0
9270,3.5
11341,4.3
2175,3.8
23572,3.8
8816,3.2
5083,4.3
27544,4.8
16414,4.9
26102,3.6
4105,3.4
25321,3.5
13111,4.3
3550,4.1
4353,3.9
12692,4.3
23456,3.0
15496,3.1
25682,4.9
5125,3.4
19887,4.7
6402,3.8
1354,4.7
23101,3.7
7457,3.7
15888,4.7
7744,3.6
18049,3.0
21805,3.0
25541,4.6
1099,3.4
18648,4.4
10117,4.6
11114,3.7
16058,4.5
8626,4.8
1083,3.6
3604,3.3
18478,3.8
25395,3.4
12151,4.0
24456,4.1
5228,4.9
991,3.5
28302,3.9
1887,3.1
22203,3.8
14560,4.7
4759,4.8
25489,3.8
6443,4.2
15633,5.0
17982,3.5
18995,3.2
15510,4.3
19644,3.3
21356,4.3
9097,4.4
27254,4.9
26772,3.5
26747,3.0
5489,4.6
14131,3.3
12699,4.3
18941,3.8
8138,3.2
19538,4.9
10908,3.4
14556,4.5
28438,3.2
19602,3.4
20249,4.7
8709,4.7
7575,3.0
4051,4.8
5007,4.8
19469,4.7
3139,3.3
12862,4.7
14002,4.7
11965,4.7
25259,3.0
7789,3.3
20681,4.0
19266,3.1
25224,3.9
4750,4.9
813,3.0
17830,4.1
23638,3.6
7883,3.4
1896,2.0
28307,3.0
8432,3.2
16328,2.0
12310,5.0
23184,4.8
17729,4.4
11233,4.3
29104,4.7
15145,3.8
4468,4.2
3107,4.4
7925,5.0
2006,4.9
12268,4.6
13576,3.2
20795,4.3
10925,4.3
18682,4.8
16041,3.0
27619,3.0
8171,4.8
13246,3.4
25801,3.0
5964,4.0
26157,3.5
20484,3.0
21276,3.0
23985,4.3
4385,4.6
25208,3.0
6670,3.3
19479,3.0
18512,4.3
11481,4.6
23912,3.2
27447,3.3
23444,4.5
27250,4.0
18603,4.2
12506,4.2
24318,4.7
17179,3.6
8694,4.0
28864,4.0
25593,4.4
5272,3.9
20062,3.1
25752,4.7
2574,4.2
6500,3.8
22038,3.0
10005,4.8
12412,3.0
5861,4.3
27553,3.5
16712,4.0
23701,4.0
2398,3.8
21662,4.0
22926,3.7
4,3.0
21574,4.3
29569,4.2
10915,3.7
16675,4.3
1865,3.8
4089,5.0
27487,3.2
9711,4.9
3281,3.3
18151,4.5
1568,3.0
20302,3.0
11793,4.6
23844,3.4
29279,3.5
17851,4.7
24520,3.0
27779,3.5
28695,3.0
24117,3.5
20157,4.8
9080,3.5
1064,4.6
22219,3.2
24132,4.8
4200,4.8
13431,4.7
5308,3.2
14907,3.5
7333,4.2
6106,3.3
9963,3.9
21690,4.7
27146,4.7
21212,3.1
13709,3.8
14339,4.7
332,4.1
3989,4.7
28591,3.9
26763,4.9
27070,4.2
3692,4.9
6866,3.5
7462,3.3
15112,4.3
9790,3.0
26147,3.8
15178,3.6
7814,4.5
29702,4.5
21302,4.7
16426,3.2
6734,2.0
14723,4.3
23670,4.7
13441,3.0
16580,4.6
29394,4.4
10491,2.0
24296,3.0
4467,3.8
6787,4.5
21735,3.1
9430,3.8
5169,3.9
12438,4.3
7726,4.6
26124,3.5
7945,3.5
5631,4.5
8732,3.0
26656,4.5
26419,3.9
7414,4.4
11924,3.4
8678,4.5
8056,4.8
6321,3.8
14165,3.7
1683,3.2
26658,4.6
29617,3.3
9361,4.0
20105,4.8
15676,3.3
578,3.0
1110,3.0
26593,4.1
19343,3.2
20418,4.4
20301,3.5
18392,3.1
18841,4.0
13714,3.2
12777,3.8
16564,2.0
5723,3.0
13624,4.9
12498,4.5
16718,3.4
16168,4.7
10022,4.1
7250,4.2
676,3.0
21468,3.8
7538,3.9
13294,4.3
14151,3.8
29726,4.1
13062,4.6
25804,3.1
15834,4.5
782,3.3
18212,4.1
16050,4.7
20744,3.5
9988,4.3
29395,3.6
29686,3.4
21196,4.6
10425,3.7
13978,3.4
20577,3.4
18969,3.0
183,4.8
9511,4.5
3166,4.0
4061,3.6
2297,5.0
19090,3.8
14869,3.8
16486,3.6
2836,4.5
20622,3.3
16546,3.1
18674,5.0
17418,4.9
29019,3.0
1955,4.7
2355,4.3
22989,3.7
13293,3.6
25125,3.4
15661,4.2
7289,3.1
27021,3.6
27589,3.3
12247,3.8
7120,3.2
4562,4.3
14250,4.9
533,3.3
23974,3.8
26265,4.7
8661,3.6
28360,4.4
4635,3.5
2742,4.5
13989,3.3
6141,3.3
3761,3.6
14968,3.3
15399,4.8
29792,3.8
16181,4.1
4734,3.4
21269,4.0
7443,5.0
9458,4.2
18529,4.3
27572,4.0
26164,3.0
23082,4.3
15318,3.0
8045,4.4
27187,4.1
11972,3.8
28478,3.6
5760,3.8
19211,3.3
8522,4.7
3992,4.6
14816,4.5
13523,4.1
26942,4.8
19529,3.9
27729,3.0
29954,3.0
26115,4.1
1566,3.4
23542,3.6
18472,4.0
9102,3.5
1145,3.8
4514,3.6
27801,4.0
16620,3.3
10250,4.7
28304,3.9
27422,4.7
23115,4.2
10838,4.5
27814,3.9
1544,4.8
20434,3.0
17126,4.7
10796,3.8
4511,3.1
5667,4.7
3177,3.1
10991,3.5
16025,4.1
14213,3.9
15350,3.8
1281,3.4
24960,4.9
8284,3.2
6175,4.8
23676,5.0
2471,4.0
11458,3.6
10294,3.0
5587,3.4
9660,3.8
25797,4.8
4466,4.0
10466,4.2
6373,4.6
21037,3.8
24727,3.2
29562,4.3
23883,3.3
6320,3.5
659,4.8
26996,4.8
16089,3.0
12318,4.1
19892,4.5
10909,4.0
13825,3.5
3599,3.8
5902,3.6
15009,3.4
26574,4.7
1787,4.3
4294,3.8
14843,4.5
26862,4.2
20264,4.3
29133,4.2
21983,4.8
15780,3.5
12285,3.1
14458,4.6
28308,4.3
4039,3.8
13499,3.6
9869,4.2
28809,4.7
22762,4.4
10678,3.8
3914,3.8
28188,3.0
12644,4.3
26166,4.5
2407,3.6
24311,3.3
17167,4.6
2344,3.4
3076,3.5
26668,4.5
5605,4.1
10499,4.7
17134,4.6
6323,3.9
18420,3.0
24197,3.0
15334,3.2
15017,4.1
7895,4.3
27116,4.8
20488,5.0
21884,3.1
23471,3.2
9041,4.3
20446,3.1
12016,5.0
7528,4.8
7200,4.0
22648,3.0
27807,3.6
17635,3.0
10162,3.0
28435,3.0
21338,3.7
157,3.8
4076,3.8
8380,4.2
3577,4.4
26575,4.6
20964,3.7
6209,3.1
5856,3.4
18498,3.5
15807,4.5
14668,2.0
20867,4.0
171,4.7
6114,4.7
26514,3.0
8143,4.3
29707,3.1
26941,3.4
4066,4.6
12892,3.4
28709,4.1
19067,4.8
9859,4.6
3013,3.0
19463,4.3
20158,3.1
15303,4.2
13394,4.5
20779,2.0
15084,3.0
17119,3.0
2569,3.9
27029,3.9
14155,4.8
3206,3.0
5630,3.0
14911,4.5
15866,4.0
20431,4.3
13617,3.7
26695,2.0
21798,3.8
7245,4.3
8620,3.4
22401,3.0
20206,3.3
27750,4.8
24053,4.6
29716,5.0
7881,3.8
19068,3.4
15110,4.7
27088,4.8
18770,2.0
7696,3.1
10551,4.0
8865,4.1
17752,4.4
20935,3.8
12366,4.2
25330,3.6
19948,3.9
29105,3.0
2820,4.8
5834,3.0
703,3.1
22694,4.7
2791,4.7
388,4.1
16962,4.3
22086,3.7
29402,4.7
29918,4.6
23877,4.7
25234,4.8
1326,4.0
21003,4.5
6897,4.1
22478,4.1
17827,4.0
5894,4.5
28905,3.6
17728,3.9
19818,3.3
9437,3.1
21314,3.2
1650,3.5
10873,3.2
4959,3.8
5248,3.5
28906,3.9
14623,4.1
29538,3.7
435,3.0
13838,5.0
17212,3.1
17926,4.0
7430,4.9
9966,4.0
6541,3.3
12815,4.1
23166,4.3
6641,3.1
27213,3.0
2562,4.0
27642,3.5
11668,3.3
25674,3.9
14093,3.8
17967,3.4
25787,4.3
14978,3.2
20560,5.0
15695,5.0
25544,3.9
15410,3.9
7013,3.5
7321,5.0
4687,4.8
28937,4.9
16283,3.8
8723,4.3
14720,4.4
18423,3.4
26663,3.0
6113,4.0
27135,3.0
21094,4.8
8383,3.5
24277,4.6
21391,4.6
25178,4.7
24720,3.4
12770,4.6
27590,4.3
28733,4.9
5028,4.0
14101,3.6
6818,3.1
21964,4.9
26216,3.5
18756,3.0
23686,3.0
15565,3.5
17093,4.8
25671,3.0
21603,4.0
5541,3.5
29991,4.7
9835,3.4
25829,3.2
20825,4.7
25941,3.8
23899,5.0
21533,3.2
21064,3.0
11401,3.2
11786,4.1
19242,4.6
7327,3.0
22717,3.6
2996,4.8
20957,4.1
26643,4.5
25204,4.7
29858,4.2
7981,3.0
5734,4.8
29165,4.3
8509,3.0
11385,4.7
28000,4.4
19943,5.0
27559,3.0
27368,4.7
12490,4.7
679,3.3
15542,4.9
25897,3.7
17314,4.1
1352,4.7
3902,4.2
25376,3.5
7061,3.4
24906,3.4
9236,4.3
12346,4.3
12371,4.6
1096,4.4
5805,3.7
21053,3.3
28618,4.7
21241,4.8
18414,3.5
18009,3.8
4554,3.8
11272,3.3
7810,3.0
6556,3.4
14399,3.8
18893,4.6
24988,3.4
17595,3.6
10665,4.2
3371,3.8
17204,3.6
4367,4.5
17017,4.9
4238,3.5
9998,4.6
27679,3.5
6831,3.9
7517,3.6
20766,3.0
11467,4.7
20031,4.1
26877,5.0
25231,3.0
10613,3.7
10479,3.0
22866,4.6
21185,4.1
8762,4.6
5761,4.2
12441,4.1
26562,3.8
11640,3.5
548,3.3
25467,4.8
25048,3.0
22486,3.5
19373,4.8
29358,3.8
11952,4.3
17151,4.3
20298,3.8
9319,3.8
3944,4.0
948,4.3
4308,3.6
28562,5.0
11693,3.9
19698,4.9
15607,3.6
23967,4.3
19646,4.8
5869,3.8
27298,4.2
25617,4.4
15104,4.3
24867,3.7
5008,3.0
448,4.7
24949,4.1
13980,4.3
11209,4.8
21854,3.2
16856,4.0
23406,3.2
28033,3.2
17498,3.8
9364,4.7
14504,3.5
7535,3.9
19234,3.6
25908,4.6
16510,5.0
7365,3.5
15050,3.0
1127,3.9
25623,3.0
4407,3.0
1799,4.1
16894,3.0
10089,3.7
16245,3.4
2387,4.7
3034,4.0
14013,3.2
16987,3.4
13988,3.7
5648,3.1
14322,3.5
19720,3.4
13207,4.2
27671,5.0
6066,3.8
3512,3.2
7000,4.3
11633,4.7
29695,3.0
26753,4.3
29226,3.0
7556,4.5
24567,3.4
7816,4.0
22249,3.0
8131,4.7
26280,4.2
5758,4.7
4288,4.8
6695,3.7
18295,3.3
25241,3.8
27268,3.0
17156,4.8
20709,4.1
7802,3.6
21050,3.0
3260,4.9
24823,3.9
15418,3.2
16278,3.8
21428,4.5
8273,3.1
26809,3.8
28663,4.3
26005,3.3
24771,4.9
27327,4.7
2840,3.0
19268,3.8
2615,4.7
16054,3.9
19487,3.8
8369,3.0
10609,4.3
8421,3.4
3560,4.5
26502,4.7
16208,4.7
25517,4.5
4081,3.4
1511,4.7
16869,3.1
5858,3.0
5281,3.2
15046,4.1
12134,4.9
24290,4.9
7229,2.0
7215,3.0
16273,3.8
19649,3.6
28518,3.8
13698,4.5
18704,3.6
16947,3.8
473,3.8
27600,4.5
17652,3.0
7021,4.7
13723,4.7
1846,3.8
21944,4.3
24982,3.9
26462,3.5
9015,4.8
8948,4.3
18192,3.9
23768,3.4
27402,3.5
22027,4.6
11610,4.5
5825,4.0
1897,3.5
1851,3.9
7157,2.0
26354,3.0
29844,4.7
1681,4.2
1452,4.0
22464,3.7
8967,4.8
10301,4.0
24757,4.2
25677,3.9
11728,4.8
28358,3.9
26546,3.5
17078,3.5
17464,3.9
11148,4.5
15143,3.1
19405,3.2
16337,4.3
9669,4.3
28644,4.8
28191,4.9
299,4.4
1107,5.0
25137,3.4
850,4.3
14926,3.0
18059,3.0
12263,4.8
16897,3.0
2246,3.0
16444,3.8
25972,4.8
11223,3.0
14362,3.6
9800,4.9
6383,4.4
6086,3.5
4118,3.0
17780,3.1
8,4.5
20546,3.5
5367,4.2
23615,3.9
16124,4.6
4040,3.0
13850,3.4
716,5.0
7791,4.0
21420,3.8
24100,4.9
15604,4.9
21487,4.9
22019,4.0
27031,4.4
1369,4.1
5101,4.6
11993,3.9
28500,3.4
3097,4.3
6167,5.0
17708,4.1
24488,3.9
24310,4.8
22838,4.8
28258,3.2
9572,3.8
29687,3.0
774,3.2
2296,4.3
21669,4.3
3657,4.3
11898,3.7
9382,4.3
17930,3.5
26106,4.7
21465,3.9
26022,3.6
8850,4.9
23778,4.3
26057,4.5
8981,3.5
19026,4.7
5973,4.0
21775,4.9
14479,4.5
18566,3.8
23800,4.7
5632,3.8
26496,3.4
26659,4.2
21549,4.7
13354,4.2
16381,3.0
21717,4.7
11432,3.3
19925,4.3
5786,4.1
27310,4.7
8296,4.7
11512,3.5
5467,4.1
15301,4.4
20926,3.5
14958,4.7
20987,3.5
3087,3.3
100,4.6
20610,4.9
15868,3.7
2478,4.3
9389,3.8
5431,4.5
10815,4.7
10101,2.0
24269,3.5
15949,3.4
17038,5.0
20628,3.8
26340,3.0
27278,4.3
16954,3.4
13783,3.9
8455,4.8
22821,3.9
10317,4.7
29708,3.2
5538,3.8
25562,4.8
831,3.0
14707,4.8
19754,3.8
13339,4.0
18442,4.5
26429,3.5
18195,3.3
8283,4.7
6180,3.9
29738,3.3
1928,4.3
1370,4.7
3090,3.0
19424,4.1
26529,4.0
20041,3.2
7990,4.7
19736,3.0
6413,3.4
26808,3.4
24586,4.2
7501,3.8
9566,3.1
1916,3.5
24800,4.2
15148,3.0
29308,4.7
29323,3.8
12849,4.0
22935,4.3
704,4.1
14205,3.1
16296,3.8
8689,3.0
18277,3.1
17104,3.4
11079,4.7
3619,3.4
27799,3.6
7425,4.0
5987,4.8
12019,4.9
29278,4.4
11995,4.2
8917,4.1
25725,3.0
7180,3.8
25140,4.8
1976,4.2
12985,3.0
9634,3.1
20564,4.3
25283,3.3
2309,4.0
3549,3.0
1766,3.9
7150,3.0
20485,4.8
4962,3.0
26775,3.8
21182,4.1
9680,3.2
4907,3.6
24634,3.3
18683,4.9
5164,4.9
27764,4.3
16520,4.6
17701,3.5
26895,3.6
23074,4.1
24302,3.0
11424,3.4
4638,4.8
17282,4.7
14533,4.6
18616,3.6
9451,4.8
8237,3.8
20250,4.5
1655,4.8
12842,3.4
2861,4.0
28840,3.1
14100,3.8
10723,3.5
10375,4.1
8801,4.5
17295,3.1
3322,3.0
9357,4.0
19831,4.5
9665,3.0
24681,3.9
5903,4.1
3861,4.7
8063,3.1
4812,5.0
2126,4.8
21283,4.0
19844,3.6
25594,3.8
2952,4.8
2088,3.3
10668,3.4
981,4.7
15403,4.3
6558,4.0
16242,4.7
20739,1.0
22812,5.0
17779,4.7
5267,3.7
15809,4.9
13151,3.8
9438,3.9
800,4.6
10266,4.5
17469,3.6
16818,3.5
25124,3.7
27695,3.4
17956,3.8
3290,3.4
29423,5.0
28352,3.5
16275,4.5
14701,4.1
19985,4.7
11062,4.1
1516,3.4
8530,3.8
1781,3.9
26991,3.8
2070,3.2
19853,4.3
27972,4.6
13566,5.0
23032,3.5
15436,4.2
2432,3.1
6856,3.8
21344,3.4
25499,3.1
19021,3.0
13963,3.4
27865,4.4
11579,3.8
10660,3.8
21025,3.0
6584,3.6
3217,4.9
7666,4.7
25094,3.0
29073,3.1
7188,4.6
13755,4.1
12005,4.7
25218,3.8
796,4.4
19301,4.5
26435,4.7
13671,4.9
28359,3.4
10811,3.6
15716,3.4
11301,3.4
24709,3.8
13300,3.8
7770,4.0
18267,4.5
5309,4.3
9314,3.5
6609,4.9
3101,4.3
29645,4.3
8276,3.9
23940,3.8
11459,4.3
6693,4.7
26,4.0
5765,3.4
6030,3.2
11047,3.8
3099,3.1
28569,3.0
10924,4.8
20558,3.4
21476,4.0
12523,3.9
15494,3.7
6071,4.7
5700,4.7
21098,4.8
13536,4.3
20052,3.7
16621,3.4
15212,3.9
7596,4.6
16394,4.7
26471,4.3
16503,3.0
18159,4.4
6454,3.5
5118,4.6
2231,3.3
26197,4.6
15055,3.0
19188,3.5
1590,3.3
24839,4.8
12008,4.3
24186,3.0
6472,3.0
27008,4.3
14702,3.5
17178,4.3
19241,3.5
1592,4.3
14133,3.6
13042,3.0
18531,3.4
23584,3.4
8637,4.1
1082,3.6
4374,3.6
24192,4.8
3221,4.7
7852,3.2
28129,4.2
2303,3.4
18973,3.9
3546,3.3
21590,4.3
10596,3.4
20205,4.6
6867,3.0
6512,5.0
12787,4.9
6194,4.5
27563,3.5
24199,4.8
2713,2.0
6156,4.5
12841,3.5
6347,4.0
20925,3.2
11143,3.0
14521,3.8
26506,3.8
7018,4.6
1904,3.6
5725,3.0
8260,3.0
22430,3.4
27902,3.8
21456,4.1
434,3.5
18849,4.7
27105,3.9
4856,3.8
27101,3.5
29373,3.0
8986,3.9
2834,3.4
2203,3.9
3445,3.2
15925,4.6
13657,3.3
28028,4.3
6962,4.3
8701,3.9
7506,4.0
4280,3.0
3767,3.6
26776,5.0
25527,3.8
21769,3.5
8753,4.6
17822,4.8
25056,4.7
8722,3.4
15174,3.0
11103,4.5
24315,3.8
743,3.5
9326,4.3
24084,5.0
5378,5.0
19178,3.0
10407,4.3
3238,4.2
15175,3.3
7240,3.6
14180,3.1
18018,3.2
932,3.3
14284,4.6
8382,4.7
10888,4.0
21258,3.2
28494,4.5
22306,3.7
3484,3.8
26320,3.1
15530,4.3
9709,3.9
29848,3.4
18025,3.2
21640,3.4
1368,3.4
7590,3.1
4204,4.6
12210,4.3
28402,4.8
1547,3.4
16677,4.3
21183,3.8
18975,4.7
12200,3.8
14765,3.2
10712,4.3
16169,3.6
20068,4.3
10010,3.5
19957,4.3
26044,4.2
7479,4.7
8545,4.0
1285,3.9
25570,3.8
9274,4.3
9445,3.8
8825,3.6
1935,4.6
20089,3.2
4899,4.7
22747,5.0
28161,3.9
10662,4.4
13754,3.3
3991,3.1
3447,3.1
14221,4.1
20493,4.7
1185,4.8
7836,4.0
8970,3.3
3021,3.8
9368,4.8
8527,3.6
13996,4.3
19716,3.4
9955,3.4
6211,3.2
28159,3.0
21066,4.8
24377,4.7
4595,4.7
15068,4.9
13349,3.4
24815,3.4
12084,3.9
13661,4.7
13513,4.8
25762,4.2
18436,3.0
16950,4.3
23427,5.0
12194,3.8
19284,3.9
10330,5.0
9123,4.8
15969,4.3
5142,4.0
22840,3.4
4993,4.7
29874,4.7
13347,4.9
3811,4.3
14615,3.9
13123,4.0
2291,3.0
1216,3.9
17235,4.8
19882,3.5
3603,3.7
13286,3.0
22871,3.4
27806,4.5
25760,5.0
10705,3.2
24258,4.3
20247,3.4
1659,4.7
10262,3.8
20476,4.7
16425,3.1
842,4.7
2977,3.7
7408,4.8
12218,4.7
12274,3.3
16887,4.8
17817,3.5
2091,3.8
17928,4.9
26538,4.3
19051,4.5
6367,3.4
3063,3.7
22186,4.2
9191,4.5
791,4.7
11000,4.2
12456,4.7
29946,4.7
2633,3.3
3297,4.8
7155,3.6
23880,3.4
26411,5.0
11412,3.8
5521,4.5
6004,4.3
15691,4.8
4100,3.6
7926,3.0
24644,4.9
15035,3.0
27598,4.4
11092,3.1
19038,3.0
16796,3.8
14,3.7
27730,4.6
4778,5.0
2792,5.0
15766,3.4
11119,4.8
24610,4.1
16366,4.6
5922,4.7
23002,4.2
29288,4.5
20429,3.2
9881,4.6
8067,3.1
22901,5.0
25704,3.5
27561,4.8
98,3.1
2606,3.0
11050,3.4
27489,4.1
21495,5.0
22509,3.6
7038,4.7
25690,3.6
5,3.0
26288,3.4
24469,4.7
5012,4.7
21712,3.6
19450,3.6
5413,3.5
8803,3.5
461,4.5
18118,3.8
440,3.8
20891,3.7
22580,3.9
23221,4.4
20347,4.7
28998,3.1
11554,4.3
16051,3.1
1938,3.7
4215,3.1
9117,4.1
22129,4.8
4870,3.6
24150,3.7
28637,4.0
12069,4.1
7975,4.3
15561,4.7
20972,4.0
26341,3.6
11076,5.0
18956,4.5
7704,3.8
23060,4.0
28774,4.3
18331,3.1
5069,3.0
13690,3.6
18795,3.6
7222,4.9
9408,4.0
26171,3.0
879,4.3
26242,4.1
23641,3.3
12557,5.0
24044,3.3
5465,4.1
7511,3.1
18712,4.0
12897,4.0
7664,4.3
13119,4.4
16290,3.8
568,3.8
25206,4.9
18325,3.0
20832,3.7
6457,3.0
19904,3.2
9501,3.8
15005,4.0
19489,3.6
10835,4.6
28285,4.5
13445,4.4
7181,4.8
20887,3.2
27048,3.0
8046,4.0
12907,3.2
8302,3.4
25004,4.3
23381,4.7
2333,4.2
29498,4.9
29155,4.3
9081,3.9
28543,4.3
2525,3.4
9876,2.0
26241,3.8
19336,4.7
13688,4.9
13727,3.2
20042,3.0
6489,4.8
22579,4.4
4454,4.6
17944,4.7
29089,4.3
21750,3.5
24019,3.8
27312,3.7
6733,3.8
8653,4.9
20113,3.8
3892,3.8
2613,3.5
18468,3.8
9238,3.8
6176,3.3
11518,4.3
20407,4.0
27276,4.5
26417,3.8
9953,4.6
6935,4.7
12138,4.8
1575,3.8
28230,3.9
7988,3.2
18709,4.8
1583,3.2
21665,4.8
1520,4.8
29643,3.5
1617,3.0
14219,4.8
22330,3.3
12121,5.0
10764,4.4
29029,3.2
19302,3.9
9522,4.0
14673,3.6
13608,4.3
12604,4.1
15769,4.3
12025,4.3
7621,3.9
28497,4.7
5058,4.9
29699,3.6
18583,4.6
26860,3.8
20600,3.0
2318,3.8
20680,4.8
9829,3.4
405,3.6
219,4.5
4123,3.8
24940,4.0
29801,4.3
26938,3.8
25205,3.8
8756,4.6
29393,3.1
2037,3.0
7947,3.0
1022,4.2
20038,4.1
7434,4.8
10885,4.7
17050,3.5
266,3.5
19024,3.8
22477,4.9
13005,4.4
8861,3.3
3827,3.6
25608,3.8
11013,3.4
25885,3.1
1351,3.9
29264,3.6
14240,4.5
19553,3.6
17742,3.8
10934,3.8
8014,4.2
4665,3.5
20635,3.6
1263,3.1
20352,3.0
29056,3.5
3584,3.8
5524,4.4
7913,4.3
7472,3.4
4723,3.1
22407,3.8
22814,3.0
23913,3.0
4762,4.5
4968,4.7
29021,3.5
19153,4.9
10180,4.7
13138,3.8
12073,3.3
16941,4.5
20096,3.6
10845,3.5
3517,4.0
395,1.0
3833,3.7
25012,3.5
24289,2.0
4708,3.7
27389,4.5
3307,4.2
17013,3.1
6291,2.0
23226,4.6
18162,3.0
5440,3.1
9260,4.6
15606,4.3
12303,3.0
11078,4.4
18082,3.6
16902,3.3
8938,3.4
8950,3.3
22216,4.0
22343,3.4
24659,3.0
11575,4.9
28393,4.0
24294,3.7
11784,5.0
17299,4.4
1385,4.0
20998,4.3
10484,4.3
24265,4.5
5088,3.0
24485,4.7
26202,3.9
12097,4.5
895,3.0
29170,3.8
21882,4.4
18187,4.5
12196,4.0
1225,3.3
15964,3.8
6408,3.4
16084,4.3
12184,3.8
18687,4.1
4754,3.0
11811,4.5
22698,3.5
6955,3.0
6110,4.0
24588,4.4
6761,4.7
8619,4.7
16533,3.6
7962,4.7
13592,3.8
14400,4.0
14967,3.4
22802,4.7
4860,4.9
15442,3.0
10667,4.3
20340,4.8
12165,3.0
26254,3.7
6266,4.0
10414,4.5
15130,4.3
26037,4.3
292,3.1
3796,3.8
10419,3.0
20938,4.8
15467,3.2
3904,4.0
28831,3.0
20864,4.6
9466,4.3
12656,3.0
14568,4.6
29651,3.3
28678,3.5
27682,3.5
11015,3.2
27256,3.8
20348,4.0
21464,4.4
26311,5.0
19852,3.7
7702,4.7
24386,4.6
16434,4.2
4636,3.0
22427,4.0
19733,3.8
2788,4.8
6268,4.0
13093,4.1
1180,4.5
25706,4.0
61,4.5
25370,4.1
14557,4.5
10049,4.4
15622,3.9
23521,4.9
5422,3.5
11685,5.0
15902,5.0
16177,3.8
1459,3.5
16248,3.4
17105,4.6
15319,4.6
5358,4.4
29806,3.0
26605,3.8
2186,4.5
27872,3.5
7336,4.0
10995,3.5
452,4.5
17213,3.0
29563,3.8
9778,4.8
1395,3.5
14951,4.9
15458,3.8
10026,3.8
29390,4.7
3889,4.9
10866,3.4
24688,4.7
15122,4.0
17426,4.5
596,3.8
5620,3.6
21676,4.3
13043,3.0
27706,3.6
23433,3.5
11055,3.0
23192,4.3
5639,4.3
4849,3.5
3299,3.3
64,3.1
27145,4.5
16820,4.5
13457,3.3
21402,4.0
13672,4.6
3032,3.4
28912,4.2
12095,3.2
14371,3.7
2094,4.1
22450,4.1
28378,3.5
18985,3.3
6182,3.4
15591,4.5
22858,4.8
23440,4.0
3856,4.6
4459,2.0
6601,5.0
15917,3.6
10223,4.3
12914,3.1
6081,4.0
18388,4.7
1829,4.8
22537,3.9
4682,3.0
18142,4.6
16811,4.1
24813,4.3
18409,3.0
20370,4.7
14258,4.7
5838,4.4
15453,3.7
19160,4.1
1484,3.0
6088,4.0
15090,4.3
6911,4.3
20959,3.8
22187,4.3
23552,3.3
18110,3.0
3647,4.2
4929,4.2
13696,4.5
20858,4.4
21449,4.3
7344,4.9
10110,4.0
3831,3.9
20782,3.4
25864,4.6
20237,3.8
20870,4.8
28506,4.9
16623,3.2
12252,4.8
21416,3.4
21419,3.6
10440,3.2
9616,4.5
6690,3.8
7055,3.4
15221,4.8
17271,4.9
18738,4.0
8660,4.7
27,4.7
15971,3.2
10967,3.0
4147,4.4
22787,3.1
805,3.8
21917,4.3
18262,3.8
10534,3.4
16641,3.8
18983,4.0
22312,4.2
16174,4.3
15640,3.4
9335,3.0
23889,3.0
20693,4.1
27168,3.2
14239,3.4
16694,3.7
21589,3.0
11100,1.0
17935,4.6
5291,3.1
14020,4.8
18614,4.3
17056,4.2
15797,4.8
14156,3.9
985,4.8
9734,3.5
24685,4.7
19666,3.1
6583,5.0
14381,3.1
25156,3.0
13143,3.1
925,4.3
14776,3.4
18697,3.2
1003,3.0
21146,3.1
25996,4.8
8035,3.4
26193,4.1
9640,4.3
18794,3.1
24155,3.4
22988,3.3
7750,3.8
18960,3.6
20893,3.8
25047,4.1
5349,4.8
24176,4.0
17783,3.0
1217,3.0
24248,4.7
29609,3.0
21900,4.2
2798,3.8
3454,4.6
27929,3.6
11063,3.4
15142,3.0
25422,3.2
28636,4.2
10753,3.9
13338,4.3
5595,3.2
9639,3.6
2324,4.5
11167,3.8
21946,3.9
8645,3.8
29549,5.0
21945,3.8
3312,3.3
16735,3.1
5441,4.5
24999,4.2
22827,3.2
18920,3.1
7182,4.8
17361,3.9
5341,2.0
3730,4.2
13228,3.0
9808,3.0
17367,3.8
28205,3.8
22425,3.1
22,4.4
29630,3.1
494,3.8
3413,3.6
28231,4.3
8885,4.5
27016,4.9
11576,3.8
4502,4.3
3980,4.8
9543,4.3
24193,4.2
10774,4.6
2163,4.5
23987,3.0
2896,3.0
6627,3.8
24496,3.8
24812,4.2
11024,4.8
19328,4.7
26576,4.3
25052,4.3
28601,3.1
14515,3.6
24239,4.7
25716,4.0
1992,3.8
26548,3.5
3195,4.1
27036,3.4
8115,4.6
27454,4.4
28670,4.3
5327,4.9
464,3.5
16665,4.3
28646,4.0
14611,3.1
4369,4.2
7248,3.6
11213,4.2
13189,3.0
11981,3.9
4237,3.0
24631,4.3
12558,3.8
9239,3.0
27967,4.3
16565,3.8
10648,4.3
18308,4.0
5353,3.5
12545,4.3
29725,3.0
29520,3.8
19110,3.1
14598,4.3
794,3.6
11937,4.9
29078,4.3
6886,4.1
21334,4.9
10994,4.3
1877,4.4
4227,4.4
29938,3.5
6661,3.4
16817,3.1
24533,3.9
19869,3.5
20785,3.0
21653,4.0
17401,4.1
28557,3.0
3042,4.1
27585,4.3
1043,3.2
14604,4.7
7635,3.0
19366,4.8
17307,3.4
9868,4.1
28645,4.5
20933,3.3
7386,4.8
19040,3.5
28448,3.4
1844,3.0
4278,4.7
3835,4.2
10072,3.1
3460,4.1
17475,2.0
22609,4.8
5025,4.3
11573,3.7
19568,3.5
12925,4.7
14956,4.7
9593,3.4
11553,4.7
7331,4.2
5271,4.3
275,4.4
20263,3.4
14134,3.5
2692,5.0
6322,3.7
6611,4.5
20066,3.6
14159,4.0
1656,4.9
3075,3.9
17057,4.2
7899,3.5
20367,3.5
25001,3.5
16624,3.0
21227,3.0
12589,4.7
16660,3.8
8746,4.3
27339,3.7
1886,5.0
8537,4.6
6829,3.8
23871,3.3
9536,4.3
22316,4.3
4176,4.4
2236,3.2
2853,3.3
29178,3.4
7453,4.8
14035,4.3
21648,3.4
29572,4.9
10346,5.0
16085,4.3
13531,3.0
25326,4.0
17516,3.8
11884,4.7
9985,4.9
9023,3.6
19447,3.5
28607,3.6
10236,4.8
24120,4.8
18513,3.0
2453,4.7
12286,4.2
4314,4.8
20403,3.4
28284,3.4
8076,3.6
8552,4.8
13199,3.8
23140,4.8
22380,3.4
8481,4.7
22341,3.3
17654,4.1
3515,4.2
20717,4.0
26204,3.0
5767,3.8
13274,3.8
16190,4.3
8585,4.6
24640,3.5
13421,4.8
20,4.9
28554,3.8
12325,4.3
8759,3.8
14581,3.2
27859,3.6
16917,3.6
19714,4.5
5386,4.4
29850,4.6
23598,3.7
21221,3.2
23451,3.8
12752,4.0
19862,3.9
23314,4.6
23449,3.2
27948,4.0
16815,3.9
27026,4.1
7723,4.8
11346,4.1
1872,3.7
613,3.0
28974,4.0
13805,3.3
5278,3.8
12882,4.0
27322,3.6
17113,3.6
5133,3.0
3055,4.7
11300,4.3
28735,4.7
14883,3.4
863,3.8
21966,3.2
27580,4.2
871,3.8
9404,3.5
1508,3.0
24661,3.6
13105,4.3
25832,4.3
21957,3.5
6157,3.5
6096,3.1
23704,4.0
26365,3.1
28088,3.4
4124,4.5
20395,3.3
27072,4.3
7824,3.6
23630,3.5
2466,4.3
4216,4.6
21132,3.2
8877,4.9
7103,4.5
5375,5.0
24623,4.5
5613,4.4
10926,3.7
28935,3.2
8866,3.0
1711,4.0
7541,3.8
19055,3.0
912,3.5
13222,3.8
4789,3.3
25406,4.1
18346,3.6
2899,3.1
15127,3.0
4035,2.0
18113,4.0
24208,3.8
13182,4.2
2846,3.4
3029,3.0
17736,3.7
4257,4.2
4130,4.0
18828,3.4
26510,3.0
23448,3.8
17835,4.9
1254,3.7
22929,4.1
24924,4.3
26867,3.0
28166,4.5
11977,4.6
2122,4.1
2673,4.3
24033,3.8
13229,3.3
14652,3.8
20064,3.6
6118,3.5
25598,4.3
9708,4.7
28564,3.0
3611,4.0
28963,4.3
19101,4.7
26712,3.5
29660,3.0
22631,4.6
7066,4.6
26704,3.6
337,3.8
22646,4.6
7890,3.8
1331,4.3
10536,4.8
4004,3.7
24175,3.3
10684,4.0
29903,4.3
25181,4.6
13898,3.0
8915,3.8
18273,4.0
7771,3.7
7017,3.6
13139,3.0
28254,4.1
23820,3.8
19667,3.2
29059,3.4
7261,4.7
23997,3.6
8440,4.1
26955,4.1
1841,3.9
16155,3.8
33,4.6
23751,5.0
27910,4.3
1076,4.8
8503,5.0
12622,4.4
14227,4.0
10508,4.9
13427,4.7
5399,3.0
14263,3.8
16159,4.0
1884,3.5
17760,4.8
23733,4.8
12844,4.1
8431,4.0
5158,3.8
8271,3.8
22857,3.4
18274,3.0
17655,4.0
7897,4.5
12750,3.1
25585,4.8
5886,3.8
23373,3.0
5270,4.1
1745,3.6
22465,4.7
20751,3.8
28687,5.0
5280,3.7
29786,4.7
23137,3.9
15262,4.3
18921,3.4
18898,3.9
1024,3.6
4718,3.0
19735,3.0
16027,3.7
21701,3.0
24088,3.7
11098,5.0
3257,4.8
8632,3.4
3324,4.4
23117,3.6
17880,3.5
27456,3.8
23637,3.5
14540,4.8
3743,3.8
7471,4.9
8561,4.5
21336,3.4
28190,3.8
29119,4.8
28755,3.5
12395,3.3
26766,4.9
12365,4.7
24307,3.0
25416,3.0
27492,4.0
6813,3.6
16588,4.4
21875,3.9
6821,4.0
23858,4.8
7440,4.4
20915,3.0
13367,4.8
11231,4.6
5715,3.1
24227,3.6
27124,4.3
21091,4.3
2357,4.7
4664,3.6
24029,4.8
23806,3.9
25367,4.0
12319,4.3
8376,4.8
12409,4.7
25024,3.5
5707,3.4
15666,3.8
19983,3.0
9390,3.8
7176,4.7
18585,5.0
25811,4.5
2124,4.0
18282,3.4
5659,4.8
10009,5.0
3976,3.9
732,3.2
10169,2.0
5196,3.5
25421,4.5
3763,4.1
79,3.4
4561,3.8
2331,4.0
4506,3.6
11025,3.1
333,4.4
12683,4.7
13372,3.8
20381,4.0
18862,4.3
19753,3.9
29039,4.3
21748,3.3
9075,3.8
5150,4.6
20676,4.8
19990,4.9
29234,3.0
6834,3.0
16167,3.7
16303,4.6
2372,4.4
22633,3.1
14974,4.4
23207,4.6
6177,3.1
6247,3.3
24195,4.3
4253,4.5
4289,3.8
12631,4.0
14112,3.0
13770,2.0
14265,3.5
20910,4.0
5400,4.1
214,4.3
21724,3.4
25853,4.0
4801,3.0
22030,3.3
12575,4.7
28334,4.8
3154,3.8
14136,3.9
10769,4.7
13241,3.7
24702,3.5
106,3.0
28215,4.1
27465,3.7
3404,3.5
16102,4.5
13831,3.8
7716,3.0
19588,4.7
13348,4.8
6632,3.8
28237,4.8
6525,3.9
22382,3.0
6387,4.4
20873,4.3
22225,4.0
20788,3.0
2976,4.5
1528,3.0
29080,4.3
25780,3.4
965,4.6
26923,4.8
2924,2.0
9854,4.0
455,3.5
21558,4.5
7053,3.2
10388,4.2
22441,3.8
26950,3.6
21322,3.8
23772,3.4
9286,4.0
29032,4.6
12020,4.2
24475,4.5
15304,3.8
16421,4.2
28084,2.0
26693,3.4
28578,3.9
28175,4.4
22889,4.5
3646,4.1
500,4.2
12211,3.8
21707,3.3
22934,4.6
2098,3.3
13343,4.0
17552,4.3
10216,3.8
13580,3.4
8052,5.0
20868,3.8
23739,3.2
16674,3.2
25021,3.8
28950,3.5
22936,3.8
26492,4.7
9387,3.8
9657,3.4
15889,3.0
17409,3.6
19485,3.0
4052,4.3
9294,4.9
23900,4.3
3736,3.4
17191,4.9
24914,3.6
28660,4.7
14047,3.3
15501,3.8
26667,4.0
2755,3.1
3212,3.5
25689,4.1
15330,4.8
25071,3.6
24693,4.5
8408,3.0
4721,4.5
12439,3.1
11464,3.1
5965,4.3
11584,3.6
8254,5.0
17468,2.0
19375,3.2
4096,4.3
6459,4.7
25250,4.7
1565,3.3
7711,3.5
23443,3.5
29597,4.1
28408,4.5
7111,3.0
25242,4.9
15779,3.4
24187,3.1
22954,3.0
11155,3.4
17148,3.1
20507,3.5
23747,3.7
1780,4.9
9613,3.0
7463,4.7
4422,3.5
2679,4.0
11370,3.5
22021,3.7
3591,3.0
18929,3.6
8584,3.0
23412,3.0
18992,3.4
9416,3.8
2056,4.3
29403,4.7
4553,3.0
20055,3.1
10085,3.0
641,4.7
5361,4.3
17534,4.1
4427,4.7
22224,4.6
16076,4.3
24321,4.2
17942,4.9
4429,4.1
24589,4.3
3774,5.0
5854,3.0
21864,3.9
11587,3.0
23460,4.1
13054,3.0
22956,4.3
10494,5.0
14550,3.7
1615,3.8
3973,3.5
28069,4.6
22756,3.4
15203,3.8
28429,5.0
21998,3.5
1561,4.2
23962,4.8
9815,3.8
19435,3.5
18292,3.5
21786,4.2
3597,4.7
24668,3.2
394,3.4
19422,3.4
14662,4.4
28753,4.0
4402,4.0
17954,3.2
25814,4.3
8831,3.6
16101,3.8
25508,2.0
18001,3.8
5717,5.0
23797,3.4
29756,4.7
2057,3.4
15597,3.8
22071,2.0
13775,4.8
29388,4.8
12429,4.6
29293,4.2
29553,4.7
26856,4.3
22750,3.0
20112,3.8
21722,5.0
4098,4.7
26315,4.0
22799,4.6
29594,3.0
14349,4.1
22029,3.3
27381,3.8
1408,3.6
973,3.8
15583,3.4
11217,3.9
19526,4.3
8204,2.0
27378,3.8
17656,3.1
3678,3.8
5681,3.1
13715,4.3
19777,4.5
10653,4.5
23627,4.5
7854,4.3
19685,5.0
8212,3.4
27411,4.2
594,3.3
4549,4.3
19394,4.7
10043,3.0
20828,4.4
8108,4.8
2473,3.6
6101,3.9
21728,4.2
1922,3.2
13384,4.7
28343,4.3
27265,3.6
6260,4.7
8142,3.7
20330,3.8
17730,4.7
17233,4.7
6196,3.0
23224,4.3
6007,3.0
961,4.0
25974,4.5
9232,4.3
1954,3.0
6055,5.0
11218,4.0
1740,4.4
21460,3.9
24965,3.5
15460,4.1
16447,3.4
12460,3.1
15683,3.3
16858,4.7
15245,4.9
26191,2.0
10402,3.8
19858,3.0
18361,5.0
3192,4.3
5807,3.4
1454,4.9
2653,4.7
9492,4.5
11643,4.1
23657,4.3
8253,2.0
23018,4.6
29468,3.5
8097,3.6
3098,4.5
20903,3.8
15131,3.8
27990,3.0
6822,4.8
633,4.6
17220,4.6
6961,4.4
23272,4.3
17372,4.3
12262,3.0
2940,4.0
17012,3.5
1032,3.4
29590,3.6
12906,3.5
2423,4.7
22098,4.5
11629,3.5
29316,4.5
15121,4.6
18481,3.8
28953,4.8
15911,4.9
8599,3.1
28372,4.0
29558,3.8
17960,4.7
9745,3.4
16554,3.1
2882,3.6
17201,3.8
21075,3.3
27925,3.4
20752,3.8
13597,4.3
21565,4.5
21109,4.9
13973,4.0
22515,4.7
1295,4.8
8875,4.7
16350,3.3
6208,4.2
24194,4.0
22334,4.9
14449,4.9
19826,4.7
7360,4.3
19431,4.3
25116,3.0
28849,4.3
12221,4.8
5981,3.0
23849,4.8
590,4.3
19928,3.7
4228,3.8
11881,4.9
24247,4.3
6569,4.7
19634,1.0
19549,3.5
21105,3.0
5265,4.8
18789,3.4
3136,4.7
12071,4.4
15977,4.7
20371,3.5
11638,4.0
20416,4.3
8379,3.0
15814,4.8
9695,3.0
15314,3.5
4316,3.7
4674,3.4
14639,4.8
8968,4.3
9982,3.8
17511,4.5
11183,3.0
20537,3.0
4764,4.1
11517,4.3
21186,3.7
11041,3.2
21809,3.9
824,4.7
12443,3.0
22095,4.5
3275,5.0
26498,3.3
22965,3.0
25874,3.3
21279,3.0
4876,4.7
9717,3.7
6608,3.0
5089,4.8
17149,3.7
20368,3.8
2256,4.1
1744,3.2
16254,3.0
19828,3.8
16042,3.3
868,3.8
17419,4.8
15936,5.0
26409,4.7
15213,4.7
22541,4.4
3280,3.8
23976,5.0
8785,3.0
7140,4.9
16039,4.4
20019,3.5
13606,3.4
13697,3.2
20359,4.3
3524,4.6
9981,3.3
14341,4.9
5079,4.5
2558,3.5
26752,3.4
1773,4.3
19341,3.5
8520,4.0
19734,3.5
8667,3.4
7319,3.0
4473,4.2
25378,3.6
21461,3.4
16900,4.8
24679,4.1
9935,3.8
28023,3.0
19629,4.1
18559,4.0
2016,4.4
11709,3.2
27782,4.4
29389,4.5
3605,4.5
16399,4.1
9452,4.8
4604,4.3
11588,4.6
6147,4.6
15660,4.8
19312,4.4
25067,3.0
13443,3.6
26010,4.3
131,3.8
29838,4.3
4643,3.6
18056,2.0
497,4.3
10528,3.9
25034,4.7
4826,4.5
25887,3.2
25108,3.3
13402,3.4
13461,3.4
24985,4.3
21214,3.8
9395,4.7
20453,3.6
12447,3.9
10252,3.0
29265,4.8
7173,4.1
18164,4.6
763,3.0
25512,4.9
18797,3.0
24086,3.4
5066,3.4
6840,3.2
12731,4.1
1953,3.8
13587,3.8
21100,4.5
25919,3.1
24030,4.3
8507,4.3
20483,3.8
6412,4.3
15664,3.5
9759,3.5
14817,4.7
14278,4.9
21448,4.2
15,4.3
28431,3.8
13871,4.9
3952,4.3
309,2.0
9675,4.4
27851,3.4
14228,4.7
2517,3.6
21734,5.0
2128,4.7
19865,4.2
4866,3.0
722,4.1
25267,5.0
1111,4.3
21442,4.7
26217,3.5
637,3.7
19586,4.7
23246,2.0
8888,3.7
9814,3.4
2228,4.7
7380,3.8
28890,4.0
7879,4.8
15347,3.8
16454,3.4
7878,3.1
16038,3.8
18464,4.4
4210,2.0
23344,4.6
25713,3.4
7377,4.5
2010,3.5
22459,3.8
23222,3.8
21821,4.4
10190,3.8
21993,3.0
1902,3.0
10281,4.7
28276,4.3
3759,4.3
29345,3.2
6249,4.5
6047,3.4
2957,4.7
6907,3.5
9751,4.0
19927,3.9
28207,4.3
7078,3.9
9114,4.5
944,4.7
17528,4.3
21994,4.0
28611,4.7
9780,3.9
28616,3.2
5977,3.8
11520,3.4
8062,5.0
26470,4.7
8559,4.3
28383,3.2
22127,4.4
29507,4.2
18563,4.6
13786,4.8
2218,4.2
4313,4.7
27550,3.0
9352,4.8
10204,3.2
10807,3.5
6765,4.0
2945,3.0
3188,4.5
8031,4.2
16568,3.0
10074,4.8
21645,4.7
28541,3.5
17859,4.0
27319,4.8
28170,3.1
8784,4.8
20353,3.0
8463,4.3
3925,4.7
8730,3.9
23249,3.2
21985,4.3
1360,3.8
5950,4.3
9143,4.5
29896,3.0
15255,4.3
15539,4.7
4905,3.4
15256,4.7
21369,3.2
20216,3.0
2341,4.3
18119,3.4
10502,3.1
528,3.8
11659,4.2
2369,3.0
21866,4.3
11647,3.0
23353,4.8
13412,4.7
2631,3.4
11226,4.5
28233,3.0
20410,4.3
25621,4.1
303,4.0
4162,4.8
29661,4.3
26499,4.0
4536,4.0
4597,4.9
11540,3.4
16849,3.4
9470,3.9
28789,3.4
14903,4.0
18918,3.3
20924,4.0
24161,4.3
24426,3.0
20137,4.5
14885,4.0
29541,3.4
18786,3.3
3909,4.3
15919,4.3
2019,3.8
25159,3.0
567,4.4
25089,3.6
27666,3.0
4486,3.5
14404,3.8
29110,3.3
19781,3.8
19221,3.2
2570,3.3
13242,4.7
11278,3.5
13526,4.7
26535,3.8
11802,3.0
15909,3.6
3283,3.0
23258,4.7
20943,3.3
6574,4.8
7803,4.4
21657,3.0
12566,3.4
7956,4.1
18448,3.4
25816,4.2
158,3.9
15853,3.0
25805,4.2
6702,3.8
18703,4.9
2060,4.8
881,3.8
14063,3.4
25707,4.0
22232,3.5
15739,3.4
4883,3.4
17549,3.4
6762,3.8
6615,3.2
4802,4.3
26290,3.9
28119,3.9
6299,4.1
4179,3.5
21307,4.6
15618,4.9
8600,3.0
27862,3.2
17217,4.5
11519,3.0
2058,4.0
24298,3.0
25102,4.3
23775,4.0
6339,2.0
14690,3.9
27099,4.6
9839,4.4
16738,4.1
14732,4.7
26812,4.5
17579,4.0
13771,4.4
15074,3.3
23200,2.0
23633,3.3
28692,3.5
642,3.8
18358,3.2
11043,4.7
22045,3.8
21490,4.5
4781,3.2
6579,3.1
3723,3.6
11930,4.3
1400,3.5
521,4.5
4030,3.9
13027,4.7
29900,5.0
13056,3.2
27141,3.8
18372,4.3
24977,3.3
29753,3.0
14455,4.8
12936,3.9
9249,4.6
28439,3.1
26995,3.0
22876,3.6
9630,4.7
13896,4.0
25292,3.8
6658,4.2
24594,3.6
6028,4.3
4231,3.2
306,4.9
9945,3.6
23182,4.4
17842,4.3
1924,4.9
17686,5.0
18348,3.1
25836,3.3
17704,3.9
18382,4.7
4301,4.0
15813,4.2
9377,3.4
27844,3.9
10456,3.2
260,4.7
20991,4.6
1091,3.6
6931,4.7
19952,4.8
23473,3.2
21780,3.4
13463,4.7
16916,4.1
2417,4.5
4676,4.7
2921,3.0
28413,4.8
2249,3.4
15419,4.3
5479,4.0
17486,3.4
9457,4.0
5273,3.4
2459,3.3
13485,4.7
10547,3.6
8621,3.8
11158,2.0
25333,3.5
27491,4.9
26868,4.4
18235,4.7
5487,4.3
3338,4.3
28924,3.1
28459,3.0
6060,4.3
4348,4.5
25444,4.7
7470,3.5
3691,4.9
15290,4.0
4395,3.0
6205,3.0
1839,4.4
12186,4.5
17259,4.9
3339,3.8
5212,3.0
25456,3.2
17004,3.0
2628,4.6
25113,3.0
14700,3.0
16784,3.8
10903,4.6
21337,4.4
1999,3.4
3881,4.1
19454,4.7
29551,3.7
27277,4.9
17238,4.1
26533,4.3
13473,4.6
17391,4.6
5747,3.6
26869,3.0
3465,3.4
22826,3.1
10897,3.5
10363,3.6
17523,3.6
754,4.5
443,3.6
18715,3.0
972,4.5
16760,3.4
11652,4.6
20289,4.7
825,3.1
17088,4.6
21612,4.5
12204,3.4
13142,3.7
19512,3.2
14030,4.6
21702,4.9
10529,3.8
16326,3.4
16191,3.1
3442,4.0
6820,3.1
28009,4.6
26083,4.9
2337,3.2
8638,3.2
3066,5.0
7982,3.6
25272,4.5
26882,3.4
13813,3.0
12993,3.0
15719,4.6
21863,4.9
16318,4.0
26065,3.6
1934,4.7
4694,3.8
7741,4.9
5526,3.2
24760,4.3
8272,3.4
19070,4.7
19326,4.7
3766,3.9
19837,4.0
29932,3.4
19527,3.8
1049,3.1
26369,2.0
13337,4.2
12552,4.1
29481,3.4
20556,4.6
13585,3.2
22592,3.8
16020,4.1
27557,4.8
10048,3.4
4617,4.5
908,3.3
19495,3.6
23759,4.0
10033,4.7
7273,3.0
5651,4.3
19482,3.0
14866,3.9
757,4.0
18339,3.4
20952,4.3
9393,3.1
12998,4.6
15100,4.8
8303,3.1
1701,3.8
28596,3.4
56,3.8
730,4.8
978,3.7
16979,4.4
7730,4.5
24438,4.2
8301,4.8
4960,4.3
13829,3.4
12269,3.0
4364,5.0
29524,3.3
5733,5.0
16888,3.2
19390,4.3
14396,4.1
1614,4.0
16292,3.3
15527,3.4
27185,4.0
14164,4.8
2366,4.3
14235,4.7
29289,3.4
3996,4.4
7074,4.1
22604,3.5
7540,3.0
3679,4.8
18094,4.9
17966,4.7
16759,3.0
25852,3.7
26199,4.9
5531,4.7
9862,3.6
9292,4.0
12899,3.2
5608,4.3
11552,4.8
22562,4.5
8093,5.0
15157,4.8
25620,3.4
3804,4.7
19317,3.0
28338,4.5
13268,3.4
17349,3.3
26030,4.8
24486,4.2
10489,3.0
19003,3.5
19290,4.3
7694,3.8
8955,3.9
24990,4.5
18424,3.3
15025,4.0
19997,3.8
17877,4.3
2340,4.8
2913,3.0
25870,3.4
24585,3.9
18813,4.6
6227,3.0
14841,4.0
9394,3.6
7207,4.3
27815,3.0
2477,3.8
21255,3.3
7904,4.3
25262,3.0
29993,3.6
20374,4.4
26372,4.3
7039,4.0
6437,3.5
6021,4.9
1126,4.3
7308,4.3
25530,3.0
26800,3.4
1669,3.6
28718,4.8
17446,4.6
8176,3.9
938,4.4
25955,3.3
20636,3.5
20589,4.8
14628,4.3
10334,4.2
7919,3.9
10155,3.3
16863,4.6
1596,3.8
18042,4.3
25695,3.8
27439,4.0
20015,4.8
10679,3.9
8473,3.5
19182,4.5
17917,3.1
10379,4.2
11805,4.7
28032,4.0
25886,3.8
16259,4.3
11901,3.2
7820,4.5
29666,3.0
19814,4.0
18851,3.4
9415,4.3
883,4.5
26961,3.9
16927,3.4
8798,3.9
11741,3.4
4919,4.5
15619,4.3
24735,4.0
28677,3.0
10795,4.7
21144,4.6
16206,4.3
28062,3.6
10336,4.5
15136,3.0
2160,3.8
990,4.0
24673,3.4
28867,4.8
26891,4.8
26448,4.4
13700,3.2
25717,4.0
12974,4.3
11596,3.4
510,3.4
10129,3.2
21974,3.8
18541,3.0
9243,3.4
839,3.0
14932,2.0
23702,3.5
25773,4.3
3957,3.8
4839,4.2
4889,3.8
25802,3.8
17146,3.8
14253,3.8
19919,4.6
1142,3.8
6189,3.8
12203,3.2
19163,4.1
11920,4.6
19215,3.3
5156,3.0
11295,4.3
29447,3.4
4349,4.5
18034,3.7
24127,3.3
530,4.3
24385,3.8
18518,3.8
9827,4.9
1919,3.8
10945,3.0
12824,4.4
23579,3.4
22065,3.6
10032,4.4
16628,3.3
1949,3.6
28550,5.0
16756,3.4
20024,4.7
26442,4.3
11366,3.7
10604,4.1
27554,4.8
11429,3.8
12314,3.0
10571,3.5
11698,4.6
15231,3.5
21773,4.9
22293,4.1
847,4.6
2377,3.8
15141,3.4
27997,4.6
1903,3.5
16348,3.3
18216,4.6
12294,4.1
17489,3.9
3060,5.0
27158,3.3
16672,3.8
15531,3.2
26823,3.8
582,4.7
18686,4.3
7035,4.3
18076,4.3
25774,3.5
2180,4.7
27955,4.5
10327,4.4
7623,4.8
16945,4.6
18665,4.7
18275,4.0
6201,3.4
11886,4.7
16065,4.6
20232,5.0
21418,3.2
24497,3.2
12511,3.4
761,3.3
29260,3.9
22451,3.6
16569,4.0
28091,4.7
10857,3.4
23144,4.1
25158,4.1
1415,4.5
17198,4.6
17791,4.9
16236,4.6
24942,4.9
18405,4.5
23135,4.0
29482,4.7
22839,3.0
7614,4.2
26301,4.4
4327,4.9
15021,3.0
8776,4.3
19232,4.4
7670,4.6
23330,3.0
17566,4.0
18508,3.0
6630,4.5
3118,4.7
19046,3.8
23007,4.0
6805,4.0
20579,4.1
9113,3.8
13176,3.8
13470,4.1
12635,4.1
20641,4.9
12846,4.2
23241,4.3
29650,4.3
2456,3.8
20067,3.8
21424,3.4
19076,4.7
12762,4.2
10523,4.3
14669,4.4
20591,3.5
15295,4.3
28045,3.8
11090,4.7
25754,3.0
19154,4.3
28126,3.0
13219,3.9
2552,4.6
6975,4.8
17991,4.7
1665,4.7
24696,3.7
19396,3.0
8916,3.1
15224,3.5
7963,3.2
12877,4.3
29919,3.1
20775,4.7
1811,4.5
3527,3.0
9983,4.1
4295,3.8
602,3.4
12300,3.4
19214,4.0
25942,4.7
23223,4.2
29981,4.9
23024,3.2
10360,3.4
19750,4.8
25772,3.0
28477,4.3
18861,4.5
17300,4.7
14167,3.1
27452,3.8
24481,4.7
13476,3.5
6107,4.6
28293,4.8
16427,3.0
13856,4.9
17792,3.0
23886,4.8
15250,5.0
29424,4.4
19148,3.0
21878,4.5
27835,3.4
19197,4.6
10603,4.7
23346,4.7
23352,3.7
874,3.4
6877,3.0
28815,3.9
1626,4.3
23180,4.1
107,4.2
13240,4.6
15359,3.8
15957,4.0
18219,3.5
976,3.0
17363,4.2
3819,3.4
11842,3.5
23038,3.0
25751,4.7
15701,4.3
5193,3.0
26989,4.7
1018,3.1
22278,4.4
19293,4.5
23445,4.8
2400,3.8
6945,3.4
4646,3.0
21070,3.2
21871,4.4
29213,3.8
949,4.4
24011,4.0
27507,3.4
5674,3.0
10259,3.5
15003,4.1
23094,3.8
11419,3.0
19688,3.9
19020,4.8
12239,4.3
28411,3.6
16705,4.7
16558,3.0
8217,3.4
27978,3.9
24824,3.3
12822,3.3
7254,3.4
19745,3.5
26769,3.8
4359,4.4
26252,4.5
11730,4.3
27473,4.3
24403,3.8
19550,3.8
21414,4.0
29530,4.1
14497,3.8
15437,4.2
11883,4.3
20803,4.3
22480,3.5
28082,3.5
6393,4.1
5120,4.1
20111,3.5
5239,4.5
2504,4.0
10371,3.9
11364,4.2
7391,4.7
24384,3.1
8954,4.5
16494,4.8
1417,3.0
15186,4.2
10946,3.2
11391,4.3
18433,5.0
4077,3.4
19650,3.5
6560,4.7
12521,4.3
23756,3.2
8437,3.8
14610,3.8
18140,4.7
24225,3.8
16479,4.6
2611,3.1
4155,4.1
12672,3.0
10649,3.3
5703,4.6
27430,3.4
29382,4.4
8851,4.0
18656,4.6
4791,3.0
26858,4.5
319,4.3
9432,4.2
28134,3.0
10567,3.3
15389,4.9
14102,3.4
5913,3.0
25516,4.6
26937,4.7
18821,4.8
7232,4.0
16714,4.3
9978,4.6
9004,4.8
10170,3.4
5790,3.0
16997,4.3
29766,5.0
21564,4.3
5806,4.9
6158,3.2
1860,4.6
15976,3.8
8598,4.4
5430,4.7
10302,3.4
20357,4.4
20034,5.0
23041,4.6
24697,4.2
3464,3.3
21320,3.0
24642,3.6
12529,3.5
7874,3.6
6125,3.4
19908,3.0
17662,4.5
28938,3.6
23706,4.7
22727,5.0
13864,4.6
14590,3.6
11210,3.4
6057,5.0
23876,3.4
12934,4.3
21286,4.6
21955,4.8
29546,4.2
10184,3.8
29435,3.7
51,4.7
16476,3.5
23845,4.1
9923,3.5
24392,3.3
4329,4.0
17747,3.3
17766,2.0
28540,3.6
10537,4.8
11277,3.4
10510,3.0
7444,3.8
27884,4.0
8554,4.6
10220,4.8
26391,4.3
13454,3.5
21843,4.7
22856,3.8
5340,3.6
20363,4.8
7971,3.2
15447,3.0
3869,3.4
21766,3.8
26070,3.7
22176,3.8
2593,3.5
8484,4.3
12712,4.7
11184,4.2
6050,3.0
29825,4.6
8166,3.0
13336,3.9
9703,3.4
14298,4.8
9705,3.0
10265,4.3
7636,4.3
16957,4.0
23488,4.5
10564,5.0
20097,3.1
13203,4.9
13410,4.1
5396,4.3
19108,4.2
15595,4.7
16452,4.3
29385,4.3
17577,4.0
2999,3.0
4746,4.0
16946,3.4
8532,4.4
19819,3.5
19820,4.7
15765,4.7
5691,3.4
29511,3.3
3017,3.6
19523,3.3
15285,4.0
18315,3.2
4075,4.7
16642,4.9
16360,3.0
9664,2.0
23096,4.7
10307,3.8
12961,3.5
12442,4.6
29555,4.0
18390,3.5
3495,4.3
15312,4.4
21303,3.0
14713,3.6
1485,3.4
25377,3.1
20406,3.7
4267,3.0
17059,3.4
16407,4.3
15880,3.3
76,3.8
21055,4.2
3046,2.0
2036,4.7
3065,3.0
19165,4.1
22688,3.8
6375,5.0
7871,4.6
29396,3.4
6927,4.3
1041,4.3
29469,3.0
16498,3.0
6991,4.2
4250,4.0
7550,3.1
8422,3.5
1501,3.5
3853,4.7
5813,3.8
28311,3.0
25654,4.3
7644,4.0
17863,3.1
10895,3.0
26946,3.0
28885,3.4
3598,4.7
28909,4.7
1480,3.5
15500,4.3
18567,3.2
7410,3.5
18864,3.5
15536,4.8
16078,3.9
6278,3.8
81,3.0
24602,3.3
13453,4.2
29364,3.4
18884,4.7
13080,4.7
24494,4.3
18487,3.2
29779,3.8
27670,4.7
3822,3.8
23218,3.7
28480,3.4
11244,4.9
21147,3.8
21051,3.0
19251,4.0
10247,4.4
5044,3.2
14346,3.4
25222,4.6
3838,3.5
6351,4.4
3231,3.5
588,3.6
14340,3.1
21282,3.0
27871,4.3
18136,3.6
23618,4.0
16123,3.7
26176,3.6
25845,4.7
3279,4.3
9066,3.8
15367,3.4
15611,3.5
4923,3.5
17110,4.6
14882,2.0
2347,4.6
25211,4.3
19443,3.8
14294,4.3
26059,3.1
17798,3.1
22720,3.0
8860,3.8
3033,3.1
5289,3.6
26152,3.9
11966,3.5
9895,4.7
27179,3.5
12026,3.6
8562,4.3
23426,4.0
1618,4.4
7045,4.2
26388,4.6
4274,4.7
20448,3.0
13388,4.8
10411,4.0
1950,3.3
10928,4.5
22801,3.0
20503,3.1
1068,4.9
22575,4.9
2274,3.4
11159,3.8
12938,3.4
12445,4.9
1265,3.8
12386,3.4
2845,4.0
22850,4.6
8774,4.3
23602,3.8
27120,4.6
347,3.3
19740,3.6
2260,4.3
6277,3.0
18576,3.2
20594,4.8
9919,4.6
17861,4.7
8744,3.0
25969,4.8
9029,3.5
15487,3.1
11019,3.0
255,4.2
27275,4.7
7283,4.0
12970,3.8
1421,4.4
28976,3.4
16491,3.4
13342,4.3
16800,4.8
6516,3.7
246,4.8
15066,4.4
28859,4.5
22048,4.3
28552,4.3
14676,3.6
14193,4.3
14864,3.0
8775,3.0
23075,3.0
4606,4.7
26007,5.0
16049,4.7
16116,4.2
28039,3.0
39,3.3
14179,3.4
9551,4.3
23727,3.9
19285,4.0
29368,3.7
12634,3.5
29757,4.9
22621,3.1
4570,4.7
29239,3.3
13563,4.0
27938,3.2
3897,4.4
14988,4.8
26508,3.8
2729,4.3
6850,4.7
414,4.9
7887,5.0
25672,3.2
18872,4.3
17045,2.0
27143,4.3
15616,4.9
5067,3.4
23712,3.4
13870,4.7
6333,3.8
24612,3.3
5932,4.7
21379,4.7
8065,4.7
21367,4.4
29444,4.0
28721,4.6
36,4.8
4187,4.3
11825,4.4
28337,3.5
11721,3.0
7252,4.3
6398,4.8
24104,3.1
15932,4.7
15858,3.8
19185,3.7
25973,4.8
20660,4.4
27737,4.0
22198,3.6
26666,4.3
20000,5.0
12012,3.6
23961,3.0
17168,3.6
17591,4.0
1746,3.3
22000,4.4
11080,3.2
19147,3.0
22576,4.6
24291,3.9
3955,4.3
29176,3.7
3428,3.0
4681,4.6
22583,4.7
8402,3.5
14238,4.6
4747,3.6
15929,4.6
6302,3.8
5492,4.3
17535,4.6
12807,4.7
16295,3.8
11199,4.3
25300,4.1
10107,3.8
28848,4.4
27329,4.6
5828,4.9
10638,4.9
25114,4.3
7351,4.2
17634,3.8
6929,4.0
20532,3.0
21747,4.7
7236,4.2
22429,4.0
21989,3.6
8991,4.0
21756,3.8
4861,3.4
10844,4.5
6908,3.4
16504,3.8
12870,4.4
12436,3.2
13491,3.5
8581,4.7
28978,4.3
27460,4.3
8250,4.3
1257,4.5
6680,4.8
8930,3.0
19005,3.2
16320,3.6
270,3.8
2822,3.0
1973,3.9
29527,4.4
13628,4.7
14633,3.0
16276,3.4
16651,4.1
19984,4.3
2770,3.5
21986,3.2
2329,4.3
22107,4.2
5935,3.4
9467,4.5
15439,3.7
7991,3.0
1894,4.5
21124,3.0
16702,4.3
17920,4.9
17855,3.0
17753,3.4
17124,4.7
29266,3.7
17572,3.4
13858,4.2
23774,3.5
14415,3.8
6044,3.8
15052,3.6
21374,3.2
17617,4.3
19764,3.3
5392,2.0
21474,3.6
18327,3.4
21890,3.8
18111,4.0
21488,3.7
10172,3.0
24856,4.0
29743,3.7
9609,4.8
9308,3.5
16618,4.8
23851,3.0
23375,3.0
26068,4.8
10730,3.0
562,4.3
10208,4.9
1031,3.1
21539,3.0
29378,3.0
17206,4.4
7058,4.3
10599,4.7
4377,3.6
18766,3.3
24166,3.8
22990,3.4
6976,3.7
25881,4.2
27059,3.8
19052,3.5
11102,4.5
28012,3.3
17629,3.9
1249,5.0
23698,4.6
25119,3.0
11322,4.0
13071,1.0
28025,4.0
28570,3.5
13345,4.7
10057,5.0
24516,3.5
28600,3.8
11058,3.5
22228,3.0
22628,4.5
13751,3.4
25276,4.2
7044,3.0
20166,3.0
25565,4.0
27540,3.8
17818,4.7
9877,4.6
24267,4.2
26180,3.7
21006,3.7
13311,4.5
22879,3.9
4541,3.7
27004,4.1
26371,3.1
13665,4.7
17821,4.1
7960,4.0
14440,4.8
26238,4.7
14986,4.7
7441,4.3
6255,4.7
12696,4.7
28371,4.2
8594,4.7
15355,4.3
27391,3.0
18835,3.1
65,4.7
22064,4.4
24308,3.3
26931,3.0
6185,3.6
18676,4.8
23234,3.0
13556,3.5
24458,4.3
22754,3.0
23286,4.4
5113,4.1
13426,3.2
24374,4.5
18345,3.7
7512,4.3
17805,3.7
20704,3.4
21992,4.7
22218,4.5
8000,3.6
16059,3.5
18044,3.6
73,4.7
1843,3.4
770,3.5
11228,4.0
14679,3.5
27674,4.4
17669,4.7
9436,3.7
21915,3.0
16243,3.0
18669,3.0
28238,4.3
17743,4.8
13406,3.6
18396,4.9
5938,3.8
9679,4.3
29297,3.8
18780,4.4
4027,3.4
29370,4.8
16056,3.6
17500,3.0
14377,3.5
8974,4.4
5897,3.5
3963,3.7
3937,3.7
17494,4.7
4414,3.8
19277,4.1
17177,3.2
3146,3.0
26232,3.2
21706,4.3
25827,4.3
7507,4.7
16528,4.7
10767,4.3
6192,3.8
9990,4.8
3514,4.0
7272,3.0
21858,3.0
1203,3.5
21429,4.7
18214,3.2
9691,3.8
29187,3.0
9411,3.7
5255,4.6
5957,4.0
28199,3.5
12108,4.0
15678,4.8
20325,4.1
22870,3.5
1055,4.3
13880,4.3
16978,4.3
19217,3.8
1525,4.5
24843,4.4
25383,4.1
5154,4.7
12894,4.7
14126,4.8
5664,3.1
26246,3.8
16409,3.5
21270,4.7
17145,3.5
15551,4.3
27333,3.2
2970,3.1
21674,3.9
6999,4.5
16465,4.2
493,4.7
17342,4.3
8664,3.0
15580,4.7
16120,3.7
13801,3.0
10482,4.7
6026,4.8
7238,3.5
24780,3.0
23367,3.0
28613,3.8
29992,3.6
18057,4.7
11141,4.7
2550,3.6
13301,4.3
25494,4.3
29301,3.8
10979,3.9
17648,4.2
14925,4.0
12929,4.7
21326,3.8
19014,4.9
13292,3.5
12563,4.7
815,5.0
19663,4.9
7607,5.0
4087,3.5
22037,3.1
18281,5.0
21176,4.8
23215,4.9
26264,4.4
21399,4.5
24180,3.1
20630,3.6
6922,4.3
8907,3.6
660,3.8
20481,4.8
17502,3.0
17671,3.0
7358,3.9
17801,3.0
26401,4.7
26347,4.2
17378,3.2
20188,3.4
1461,4.7
2409,4.0
296,4.6
18248,4.7
23139,3.7
16944,4.5
7548,3.3
7942,4.8
17529,3.7
23056,3.2
5789,4.1
28315,4.7
23206,3.0
20823,4.6
29068,4.8
19260,4.0
23396,3.3
23837,4.3
20339,4.6
12420,3.5
21619,4.8
9855,3.8
29714,4.3
20073,3.8
17139,4.0
13795,4.1
8381,4.8
18561,5.0
16861,3.1
21392,3.0
18695,3.7
4190,3.0
27136,3.0
4350,4.3
8741,4.7
16375,4.6
7630,3.5
25769,4.3
24550,3.7
2723,3.7
18177,3.4
27292,3.5
19372,4.9
16877,3.0
12459,3.7
1463,5.0
496,1.0
23986,4.5
11696,4.1
4008,4.7
21814,3.6
2287,4.6
8655,4.5
11982,4.5
9157,4.8
444,3.1
10268,4.7
8630,3.5
672,3.0
22294,4.0
1494,3.2
28164,4.8
19966,4.5
5261,3.1
11744,3.8
3751,3.5
2670,3.0
17140,4.6
20522,3.0
15217,3.0
13378,4.3
2083,4.3
80,4.4
26353,3.8
23550,3.8
17758,4.3
14150,4.7
9696,3.3
14067,3.3
25458,3.4
6572,4.4
23243,4.7
537,4.3
12700,4.0
29412,4.5
646,4.5
27981,3.8
12482,4.6
3109,3.0
28583,3.8
21721,4.7
9624,3.8
14935,3.0
25566,4.5
23210,4.0
22339,3.0
8524,4.8
3030,4.5
2102,4.5
9554,3.1
23042,4.6
7145,4.2
27793,3.5
3891,5.0
22759,2.0
1995,3.8
27041,3.3
10786,3.4
4925,3.1
4975,4.3
24503,4.9
9422,3.0
10639,4.1
2978,4.6
3573,3.4
7372,3.3
28756,3.0
26276,4.6
1115,3.0
13015,3.4
3088,4.8
13785,4.6
3466,4.8
18798,4.2
13747,4.0
23264,4.3
13262,4.3
18622,4.7
8232,4.6
14961,3.4
7624,4.7
14481,3.7
7025,3.3
799,4.9
22642,3.3
427,4.4
28904,3.8
17129,3.6
28830,2.0
18495,3.0
28386,4.0
14838,3.6
20401,4.3
14184,3.4
24541,4.2
24062,3.3
22524,4.0
22025,4.5
29014,4.8
11498,3.0
7634,3.6
232,4.2
25336,3.4
29298,3.8
19498,3.2
26296,3.5
7423,4.8
26717,3.5
29227,4.2
15982,4.2
4023,4.6
29337,3.8
5369,4.9
24883,3.5
19433,4.7
23591,5.0
18791,4.0
6884,3.9
27178,4.1
12288,3.0
29744,3.7
13187,3.4
7902,4.1
22536,4.7
8216,4.0
10051,4.9
20334,3.9
3883,4.5
4412,4.1
2314,4.9
12834,3.8
10315,3.5
26592,3.8
18402,3.4
7412,3.3
18997,4.1
20292,3.9
15942,3.3
20478,4.9
4833,3.3
19273,4.6
13418,3.1
9450,4.7
3424,4.3
24482,4.4
9617,3.3
5947,4.3
29587,3.0
15257,3.0
29515,4.9
24804,3.8
8209,3.4
797,4.4
1883,3.7
18276,4.2
1198,4.3
21151,3.0
2793,4.7
22905,3.7
20010,4.3
16864,3.8
7126,3.4
24445,4.3
13765,4.3
8261,3.8
28951,4.9
17922,3.5
4355,4.5
28046,3.8
17152,4.8
1420,3.0
5205,3.6
1234,3.6
22505,3.8
27896,3.5
9255,3.7
16814,4.3
20813,4.1
2328,4.3
16611,4.3
18801,3.3
23292,3.5
16961,4.8
4233,4.9
684,4.7
21537,4.9
18866,4.7
5794,4.6
8953,3.6
8988,3.1
19792,3.0
10780,3.6
437,3.0
25352,3.5
15926,4.1
6431,4.4
8625,4.9
16571,3.3
18038,4.7
1292,3.2
25230,4.0
7855,3.0
27760,3.0
591,3.9
17745,3.4
5137,4.8
14780,3.4
10584,4.6
14805,3.8
1340,4.6
25727,4.7
10715,3.3
24768,4.3
21876,4.7
15608,4.1
26973,4.3
13248,3.8
9001,4.5
22133,3.0
4979,4.3
4888,4.3
1473,3.8
28097,4.8
18634,3.2
22896,3.1
14123,3.0
19533,4.5
8215,4.2
18946,3.6
1095,3.4
14738,3.7
13882,4.0
26602,4.8
5876,4.8
18999,3.4
28700,3.6
1160,4.8
15815,4.6
15445,4.9
21275,3.4
24788,3.0
5302,4.6
2768,4.7
13359,3.6
1573,3.1
14887,5.0
3951,3.3
19954,3.8
23690,3.0
3367,3.8
28860,4.7
28019,4.8
13435,1.0
17713,4.4
27773,3.9
11542,3.0
17007,3.8
8009,3.0
9531,3.0
29830,3.2
19577,3.1
12510,4.4
11986,3.7
17885,3.4
4995,3.8
9781,4.7
11750,4.2
19749,4.6
17165,3.0
8708,3.0
20763,5.0
1100,3.0
22728,4.6
3235,3.0
22235,3.4
25505,3.0
4722,3.0
21331,5.0
21629,3.0
5266,4.8
15326,3.2
7032,3.5
21535,3.5
329,3.2
20554,3.5
17856,4.6
18215,4.9
24138,4.1
4522,3.8
23391,4.7
849,4.9
27878,4.6
20802,4.7
18594,4.0
5607,3.0
28425,4.2
3148,3.0
1284,4.7
11616,3.0
8606,3.6
16537,4.3
29627,3.0
209,3.0
12714,3.6
3271,4.0
4717,4.6
10286,4.2
1004,4.1
24522,4.0
27611,3.1
10532,4.7
15247,3.0
18933,3.2
11471,5.0
11525,4.3
24543,3.5
6212,3.4
3542,4.3
19030,4.6
253,3.8
29855,4.2
9340,3.2
18526,4.4
22058,5.0
6403,4.5
29269,4.2
7632,3.4
1728,4.8
18055,4.2
28037,4.6
14677,3.1
11441,4.8
22169,4.4
14593,4.0
1971,4.4
26789,3.0
22130,4.8
16080,3.4
13055,4.3
19357,3.8
694,4.7
12047,4.3
17973,3.8
29333,4.3
2284,3.2
3094,4.8
1677,3.6
2114,3.2
28263,4.7
18657,4.0
27867,4.6
21082,4.9
24501,3.0
11292,4.3
5041,4.3
3563,3.8
19913,3.8
9954,3.0
21159,3.0
6312,4.1
12103,4.0
12004,4.9
17040,4.8
10383,4.5
6684,3.8
26694,3.9
8186,3.4
24725,4.4
29349,2.0
11631,3.5
26444,3.5
2484,4.2
13034,3.6
26220,4.2
20164,4.2
7205,4.3
5967,3.6
25744,3.2
17336,3.7
21503,2.0
26521,3.6
3409,4.2
9910,4.3
28018,4.0
7192,4.6
25976,3.9
1159,3.3
23726,4.5
25462,3.2
14674,4.3
9024,4.0
15185,4.7
19415,4.3
7953,4.8
27167,4.0
8118,3.8
14120,4.8
19351,4.6
19731,3.1
17530,3.7
13948,4.9
18321,3.9
12076,3.4
11179,4.7
22147,4.7
5914,4.1
16840,3.1
25668,4.1
5397,3.4
22189,3.8
20816,4.3
16480,3.0
3130,4.1
8015,3.6
6780,3.0
12123,3.8
6618,3.8
2627,3.3
10559,3.5
2239,3.0
544,3.3
9399,4.7
11219,3.4
13939,3.3
2389,4.4
4261,3.1
25332,3.5
15903,3.8
22033,3.0
10583,3.5
13579,3.1
19815,3.0
1054,4.0
23160,3.9
5591,4.7
25653,3.5
27108,3.4
29780,4.9
4268,3.8
26566,4.5
20615,4.8
29925,3.6
25866,4.7
25066,3.2
29457,3.1
4535,3.9
10546,3.6
27647,4.1
12674,3.0
2397,4.0
4184,3.8
2576,4.3
2373,4.3
23981,3.3
24554,4.7
23649,3.4
24769,3.7
24987,4.5
29665,3.4
14104,3.8
11236,3.9
2515,4.0
4262,3.0
22815,3.5
21224,3.4
16799,4.8
15150,2.0
5778,4.3
20108,4.5
3695,4.1
17094,3.0
24499,3.1
29196,4.1
11720,3.4
4503,4.3
5873,4.8
26627,4.8
19544,4.0
23495,3.4
1495,4.9
24755,4.6
13960,3.1
4091,3.0
24250,3.0
2888,3.0
29490,3.5
4928,3.0
17907,3.4
17182,5.0
5206,3.8
27189,3.1
17790,5.0
3319,4.7
3574,4.7
916,3.0
16911,4.3
23005,4.0
11136,3.8
9697,4.8
28488,3.0
6264,4.1
25894,3.1
12419,3.0
4019,4.3
15456,3.5
17158,3.9
20468,3.7
18015,3.0
20758,3.0
6429,3.5
18938,4.0
22496,3.5
2750,4.9
24008,4.2
25691,3.8
24358,4.4
16450,3.8
23274,4.7
20735,4.1
598,4.0
4001,3.0
10097,3.6
19905,4.0
22043,3.0
21531,4.3
5672,3.6
6217,4.5
26447,3.9
17248,4.4
29646,3.3
15471,4.5
5080,3.4
15390,4.8
26351,4.0
27541,4.3
21682,4.7
11036,3.8
11936,3.4
1446,4.4
19947,4.3
21681,4.6
9611,3.6
15856,4.0
12128,4.3
22627,4.4
14379,4.0
7309,3.0
7034,4.8
29791,4.7
2837,4.9
21034,3.7
3218,4.9
11324,3.8
18166,3.0
22906,3.6
23127,4.7
27348,4.8
4695,3.6
5241,4.6
11545,4.8
26761,3.8
9950,3.0
7338,3.8
23341,3.4
25952,4.9
6806,3.9
29247,3.7
27147,3.5
4482,4.8
10415,3.0
18848,3.8
26344,3.8
24005,4.9
27045,3.6
4483,4.0
23031,3.5
15225,3.8
9180,4.3
25486,4.8
25171,4.8
10524,4.6
27007,4.5
7234,4.3
27463,1.0
4608,3.9
18617,4.0
16884,4.7
27567,4.5
19578,4.0
23414,3.8
17430,3.0
9193,4.8
24879,4.9
21284,3.4
15120,4.7
12878,3.6
20526,3.1
26818,3.5
1074,3.8
22332,3.6
13817,4.3
28450,3.0
22212,3.4
777,4.0
25282,3.7
21822,4.9
9386,4.3
9553,4.7
21634,3.1
22779,3.0
19836,3.4
12598,3.5
6083,5.0
26733,3.8
11446,4.0
20063,4.8
13113,3.0
5890,3.3
9379,3.0
22945,4.5
9187,3.8
10474,3.0
9156,4.7
6005,4.0
565,3.8
5899,4.3
23020,4.0
13873,3.5
840,3.4
3888,4.5
9834,4.4
22594,3.4
7641,3.0
23227,3.2
2666,4.5
29827,4.6
27903,4.7
12334,4.0
9341,4.7
27388,4.3
4092,3.0
16158,3.2
12671,4.7
765,3.6
29718,3.6
11343,3.7
20455,3.8
22353,3.9
26261,3.4
27462,3.5
4865,3.4
23799,3.4
2620,4.8
22517,3.4
6709,3.9
3026,4.9
17288,3.9
4102,3.0
17682,4.7
22666,2.0
15831,3.2
2022,4.1
25610,4.8
18232,4.0
9385,3.3
2685,3.0
26405,4.6
71,3.7
1025,4.6
14714,3.9
12751,4.7
13908,4.3
1189,3.8
24111,4.5
11690,3.8
3499,4.8
27089,5.0
17051,4.7
12791,4.0
18806,3.4
2709,3.0
16464,4.6
4242,3.3
1359,4.1
12931,4.4
9840,4.7
14106,3.8
27946,3.4
17263,3.3
1578,3.0
20898,3.8
1509,3.6
26127,3.8
20177,4.9
12780,3.0
4112,3.6
22538,3.4
13942,4.3
1845,4.4
12243,3.7
12399,3.0
7838,3.0
6963,4.9
13769,4.3
15700,3.5
12002,3.4
4332,4.7
25070,4.9
11678,3.4
27796,3.0
3614,3.5
2108,4.0
14409,4.5
20686,3.8
10778,3.5
7773,4.4
19786,3.2
24718,4.4
12888,4.0
5323,3.0
17096,4.4
11351,4.3
4183,3.3
28764,4.5
27833,4.5
28172,3.0
22482,4.7
636,4.9
8983,4.9
21737,4.0
4512,4.7
1193,3.8
45,4.7
26488,3.7
17360,3.5
21928,4.3
13866,4.3
6786,4.3
2963,3.8
9776,3.9
24801,4.2
4515,3.9
9581,4.9
14267,4.4
27543,4.7
1975,4.6
24263,4.3
22264,3.0
12603,5.0
18066,4.0
18480,3.3
11906,3.5
6889,5.0
24457,4.4
26933,4.4
19143,3.5
25472,3.2
27510,3.4
14912,3.1
29613,4.0
432,3.0
5167,4.1
28323,3.4
1832,3.0
15930,5.0
25346,3.0
29229,4.5
10264,4.3
37,3.5
14574,3.4
28545,3.8
26550,4.2
27528,4.7
4593,3.4
713,4.1
559,4.0
13254,4.9
22247,4.1
2335,4.5
13091,4.8
4537,3.6
12612,4.2
24712,3.0
6131,4.3
7002,4.8
13092,3.4
23717,3.6
10437,4.2
19409,3.9
26165,4.5
7432,4.2
18964,3.3
13017,4.9
22949,3.3
13879,4.5
3747,3.4
11600,4.3
1597,3.7
23538,3.0
28405,3.8
14641,4.0
19310,4.6
14080,4.1
9372,3.4
29351,3.0
17472,3.8
4302,4.0
3006,3.3
28052,3.8
13285,3.9
28656,4.3
23946,3.2
17009,3.8
7523,4.7
5830,4.7
28986,4.3
28154,4.7
18125,3.0
1559,1.0
13313,3.3
13528,3.8
16310,4.3
19240,4.0
23016,3.3
2107,4.0
26990,4.3
26972,4.3
11878,4.8
29616,3.9
10447,4.5
12561,3.5
15863,3.5
22136,3.7
13936,3.4
7939,4.6
16105,3.8
19491,4.3
13532,4.2
8027,3.2
19308,3.3
22081,4.3
17290,5.0
9228,3.8
11885,4.7
760,3.0
986,2.0
12614,3.0
19490,3.8
324,4.5
22903,1.0
26229,3.0
10245,3.4
16679,3.0
11735,3.2
13030,4.0
1785,4.6
4382,4.8
24312,5.0
26969,3.8
9476,3.1
21561,4.3
12646,3.4
15321,3.2
15698,4.5
13425,4.7
19756,3.8
15012,3.8
15234,3.0
17254,5.0
7407,4.5
12544,3.4
18101,3.5
7313,3.0
2648,4.6
2586,3.1
14328,3.4
11009,4.7
3182,3.0
11672,3.8
18761,4.4
4803,3.4
4218,3.8
5692,3.0
28806,3.5
12779,3.2
9371,4.5
13591,3.4
7378,3.5
1754,4.3
27112,3.4
10538,3.8
5372,4.1
24152,4.2
15545,3.3
22122,3.9
1613,3.6
5829,3.3
20189,4.7
27776,4.7
23293,4.9
2015,3.3
29823,3.5
28622,3.0
24954,3.3
5756,4.8
603,3.9
5329,4.8
24711,3.5
865,4.7
22891,4.3
16627,3.7
21041,3.0
21903,3.2
28617,4.5
16865,4.0
28742,4.2
11220,3.8
4830,4.4
21207,5.0
5344,3.5
27610,4.2
15316,4.9
24356,3.0
12797,4.7
17157,4.2
15455,3.9
23855,3.9
3873,4.9
179,4.8
20812,3.8
7436,3.1
25015,3.7
5958,3.8
14110,3.4
1800,4.0
21687,4.6
14648,3.4
15082,3.0
6038,3.3
8221,3.0
28883,3.8
13895,4.4
2801,3.1
20474,4.3
2922,3.3
26567,4.8
12856,4.0
25398,4.1
19104,4.3
1245,4.5
23340,4.3
4053,3.8
5931,3.6
3239,3.8
108,3.0
22525,3.8
16150,4.5
21667,3.2
14728,4.3
18158,3.5
20726,3.3
11319,3.9
20525,4.7
3534,4.3
4394,4.5
11330,3.0
14966,3.6
27624,4.1
17565,4.4
3567,3.2
19432,3.6
7433,3.5
26091,3.0
21660,3.8
11317,4.1
5494,3.4
26879,3.0
17357,4.3
4299,4.9
19652,4.5
5872,3.8
4838,4.5
7598,3.2
1789,4.5
23994,4.9
13739,4.3
13662,4.5
7195,3.2
19884,3.0
14746,4.7
7464,4.4
19209,2.0
9230,4.3
27466,3.8
6330,3.8
10,4.9
10839,3.0
5868,4.0
8855,4.3
17810,2.0
27148,4.8
11457,3.8
26617,4.3
17164,4.4
22493,3.4
24061,4.3
15462,3.1
10585,3.5
19168,4.7
21081,3.0
8515,4.1
1344,3.0
372,4.8
15806,3.6
909,4.6
14915,4.8
29593,4.5
16880,3.0
23680,3.0
22243,4.8
17690,3.8
16210,3.2
11662,3.5
19471,3.2
11415,3.8
1244,3.8
1195,3.1
2990,4.7
17807,3.0
15704,3.8
27484,3.2
256,4.0
16365,4.8
8205,3.0
28341,3.1
14769,3.7
20322,4.6
24002,4.6
28072,3.9
27410,3.8
17616,4.2
21249,4.8
4784,4.4
13663,4.3
7522,2.0
9304,3.0
15870,4.7
19499,3.4
22467,3.4
5912,3.4
27060,4.3
13886,3.1
20920,3.6
29192,3.6
19903,4.8
16330,4.2
20632,3.8
22119,3.5
1379,3.9
7689,4.7
3688,3.0
20076,4.9
28513,4.8
15659,4.0
3790,3.1
8812,4.5
16182,4.5
652,4.3
28893,4.0
11665,4.6
19615,4.7
5328,3.8
7219,4.3
26580,4.4
11162,4.7
12,4.7
6152,4.3
11663,3.0
2810,3.1
2689,4.3
11161,4.6
13478,3.4
22209,4.3
12616,4.3
9858,4.5
28586,3.8
12363,4.4
27252,4.5
19300,4.7
27133,3.4
1506,3.9
4366,4.8
10588,4.0
14392,3.2
2130,4.3
1648,3.8
15928,4.3
17114,4.5
6766,4.4
23000,3.1
4144,4.0
8201,4.6
28384,3.4
14830,4.7
9937,4.7
13603,4.3
28150,3.2
12597,3.0
19093,4.0
28240,3.4
14963,4.4
27962,4.3
28083,4.2
1543,4.2
12120,4.6
17540,3.8
26954,3.8
24209,4.0
14408,4.8
14893,4.7
32,4.0
7187,4.4
27215,3.8
24514,4.7
26253,3.8
12213,3.0
23004,4.6
17994,4.6
17323,4.0
22761,4.1
17325,3.0
8749,3.5
745,4.3
4083,4.8
2877,3.9
22776,4.9
9933,3.9
24402,3.5
2651,4.3
26163,4.3
26038,4.6
18205,3.0
27939,4.3
27073,3.0
7146,4.7
957,4.1
2110,3.0
20145,3.9
5108,3.1
26487,3.8
7631,3.0
29329,4.3
27242,3.5
28838,4.3
25694,4.9
19689,4.8
13535,4.0
10960,3.1
22150,3.3
8847,3.9
12911,4.8
27138,4.5
26994,5.0
27587,4.2
20094,4.9
17853,3.0
10391,4.1
19344,3.3
4640,3.2
2399,3.8
7310,4.0
17276,3.0
26085,3.0
12000,3.0
14024,3.7
24893,3.0
9597,4.6
24862,4.7
2625,5.0
23417,4.8
11340,4.2
19532,3.3
3346,3.0
19257,4.8
15835,3.8
20894,3.8
8297,3.6
8959,4.3
16460,3.5
23213,3.0
6651,3.7
4947,4.7
26113,4.0
10452,4.9
16218,3.7
9967,3.0
19701,3.3
25347,4.8
93,3.5
17253,4.8
29842,2.0
7171,3.8
6791,3.2
9139,3.0
29886,3.8
18722,4.0
20332,3.5
24723,3.9
7844,3.2
16331,4.9
29450,3.9
1885,3.0
26224,4.4
22381,3.7
12786,3.0
5773,3.8
19612,4.0
8190,4.5
20385,4.9
2,3.4
16091,4.3
2759,3.5
21688,3.8
19946,3.0
12222,3.0
9425,4.0
27577,4.3
7849,3.0
3175,3.8
23054,3.8
15669,4.7
16304,3.4
2465,4.0
24997,3.5
14274,4.8
27390,3.8
15612,4.2
21157,3.5
2511,4.6
15248,4.0
26947,3.8
20217,4.6
3621,4.8
2317,4.5
7086,3.1
18569,3.0
4477,4.0
10082,3.4
1155,2.0
2486,3.8
28186,4.5
24775,3.7
3227,3.7
15015,3.0
19381,3.0
19551,3.0
13541,3.4
22570,3.8
4392,3.2
22573,3.5
18847,4.4
19230,3.8
8872,3.9
25777,3.2
2191,3.4
9921,3.8
8001,3.5
22158,4.5
6668,3.1
13358,4.3
25932,4.1
8163,4.9
17064,3.2
12818,3.1
5909,3.1
19776,4.1
29678,4.8
28872,3.4
24266,4.3
20713,3.8
7320,3.7
14142,3.2
29477,4.8
5298,3.0
21596,5.0
28194,3.5
4240,3.0
26156,3.0
13934,4.9
16205,4.5
18876,3.5
7612,3.7
9769,3.3
20082,4.2
19656,4.3
10141,4.4
25830,3.5
2889,3.0
22781,3.8
788,4.8
20194,3.8
22770,3.5
20139,3.1
19569,4.9
13636,3.0
3401,3.8
19709,3.9
3377,3.1
24832,3.8
583,3.8
9972,4.7
16733,3.9
19851,3.9
20899,3.5
15197,4.7
13897,4.2
27325,3.0
801,3.5
22221,3.4
9173,4.7
11650,3.4
25392,4.7
5173,4.3
6499,3.7
22006,4.7
16256,4.3
22645,3.8
17352,4.3
12847,5.0
19475,3.0
18320,4.5
7709,3.6
6853,3.8
2756,4.8
6458,3.9
27357,3.6
14855,3.0
12809,3.8
14792,3.8
13806,3.4
18000,3.8
6942,3.1
28669,4.7
2170,3.5
23557,4.8
5087,4.7
12059,5.0
23607,4.7
8077,3.9
29737,3.8
21370,4.9
5615,4.2
13846,4.8
10974,3.9
29082,4.2
16112,3.4
20638,3.9
13444,2.0
13824,3.7
13376,3.8
10067,3.0
9481,4.9
2401,4.5
8111,4.8
12397,3.8
27340,4.8
15702,3.4
11139,4.8
20449,4.9
1702,4.3
20984,4.6
5641,4.8
29151,4.9
1124,4.3
4521,4.7
15077,5.0
14439,3.1
27009,4.7
13003,4.9
7764,3.2
22053,3.9
9763,4.3
27443,3.4
9735,4.0
14158,3.5
18595,3.0
22226,3.9
11612,4.4
3133,4.3
4264,4.7
15329,3.0
7972,3.0
4677,3.7
19131,3.1
24900,4.7
18491,4.5
13320,4.9
28225,3.8
16246,4.7
11880,4.7
19418,4.0
24177,3.0
7062,5.0
4663,4.7
26981,3.6
25151,3.8
2367,4.7
28668,4.1
9721,3.4
13928,3.9
28328,5.0
16824,4.4
14306,3.8
16142,4.9
27552,4.8
27497,4.5
18824,3.0
12884,3.6
15401,3.8
28395,3.7
14310,3.8
19448,5.0
24305,3.2
17608,3.4
1490,4.8
18976,4.5
3247,4.7
6849,4.5
27915,3.0
1425,3.4
22067,4.4
29496,3.4
2691,3.6
21115,3.7
20557,3.5
10441,4.7
28259,4.9
25193,4.0
6843,3.6
16622,3.5
13085,3.0
15008,4.7
8572,3.0
9148,4.9
10813,4.1
26099,3.4
9552,4.7
3196,3.0
14500,4.0
486,4.4
15908,3.5
370,4.8
783,3.0
22128,3.8
6382,4.5
24313,4.4
24643,4.3
19622,3.0
16682,4.5
17257,3.0
16529,3.2
2047,4.6
104,3.0
22937,3.0
18299,4.0
13266,4.3
5684,3.5
3632,4.8
16493,3.4
13089,3.2
15893,3.7
11656,3.5
18522,4.8
28948,3.8
20169,3.1
12663,4.8
669,3.7
26041,3.4
20565,4.7
20885,3.0
29062,4.2
28852,3.4
11634,3.0
1439,4.7
11039,3.9
28093,3.2
21191,4.0
4811,4.3
3258,3.8
21263,3.5
19370,4.2
21077,3.1
21555,3.5
29729,4.7
16057,2.0
28457,4.3
7332,4.0
1564,3.4
18218,4.7
23103,4.3
14922,4.5
11760,3.9
9965,3.1
16805,3.0
26131,4.5
24778,4.8
20895,3.2
21329,3.0
20230,3.4
29034,3.1
14174,3.5
3003,3.8
11978,3.7
11716,2.0
19747,4.6
5389,4.1
12055,4.8
23270,3.0
1309,3.3
11345,4.3
19859,4.5
17173,4.7
26780,3.4
28340,3.5
19668,3.8
23479,4.3
2514,3.0
12577,4.5
24852,4.5
15754,3.8
22881,3.3
14245,3.4
19270,3.2
23148,3.0
9258,4.2
28348,5.0
8791,4.3
26324,3.8
12881,3.8
11249,5.0
9777,3.6
21620,5.0
21971,4.1
5257,3.8
13932,3.8
21299,4.3
20014,3.2
21610,3.8
23856,5.0
3301,3.2
27745,4.8
12041,3.0
5406,4.8
712,3.8
5783,3.5
4409,3.9
11688,3.6
5920,4.3
25072,3.8
26688,3.8
5411,4.7
25491,4.6
16934,3.9
21697,3.0
3241,3.8
25600,3.6
22598,3.6
8493,3.6
27076,4.3
19648,4.8
9321,2.0
23810,4.5
20874,3.7
8444,3.0
11109,4.7
14511,4.3
18482,3.9
12231,4.3
26598,3.8
7292,3.9
3671,3.8
20408,5.0
10629,3.9
27065,4.4
17188,4.0
8940,3.6
17593,3.0
21240,4.0
26742,4.7
2934,3.0
10794,3.1
15307,4.8
4311,3.4
14691,3.2
6597,4.8
29098,3.1
12489,4.9
27243,3.0
22365,4.7
23798,3.7
26014,3.4
16440,4.5
3412,3.4
10416,3.5
19239,3.1
400,3.0
2986,3.0
12764,4.5
16043,4.1
10251,4.7
6605,3.0
29207,4.3
22590,3.1
22368,3.5
12664,3.8
6554,5.0
8780,4.0
25540,4.3
22409,3.2
10797,4.0
5781,3.0
12241,4.6
25909,2.0
26194,4.1
24738,3.0
29052,4.6
7233,3.9
29386,3.0
21595,4.9
11736,4.7
519,3.0
1755,4.1
4508,3.9
25026,4.3
12919,3.0
22468,3.0
16109,4.4
5263,4.0
1069,5.0
15184,4.8
8419,4.7
17463,3.8
22618,4.3
665,3.7
22817,3.8
13796,4.1
28589,4.5
29003,3.7
1699,3.1
12164,3.5
18261,3.0
22752,3.5
26483,3.3
4916,4.1
7065,3.7
2979,3.7
21218,4.2
13750,4.1
8990,3.8
6861,4.6
8168,3.5
18897,4.0
21355,3.4
8128,4.7
25054,3.6
13644,3.2
16475,3.4
25604,4.1
18961,3.8
8384,3.5
5246,4.7
13464,4.0
28956,3.2
3896,3.9
17733,3.9
1721,3.5
25911,4.5
3777,3.1
16742,4.6
15210,4.7
15722,3.3
23254,4.2
4050,4.9
28130,5.0
12280,4.3
13894,4.3
7705,3.0
21774,4.3
12229,4.6
19146,3.5
29742,4.4
7105,4.7
6372,3.0
7244,4.8
11877,3.5
5062,4.6
3602,3.0
15764,4.3
11856,3.9
7756,3.0
9638,3.8
20634,3.5
16412,3.2
10435,4.0
10086,4.8
19768,3.4
10766,4.5
2956,3.0
7869,4.8
11934,3.4
12106,4.4
9670,3.9
5409,4.8
7520,4.3
17487,3.0
4439,4.8
12198,3.5
29715,4.0
24678,3.8
4690,4.4
1558,4.8
10892,4.6
2488,3.3
27397,4.7
18147,4.1
3523,4.7
4542,4.7
15371,3.0
3400,4.9
17273,4.8
28458,3.7
2272,3.1
18758,4.6
14429,4.5
233,3.4
27330,3.7
12823,3.8
9843,3.2
16676,3.4
23905,3.0
25961,3.6
11392,4.7
19254,3.5
17261,2.0
9964,3.0
26985,3.4
9727,4.1
28642,3.8
13231,4.8
26345,4.5
13201,4.3
24976,4.1
25027,4.1
10542,3.4
19775,3.5
25753,4.0
10420,4.0
22259,4.8
10002,3.0
4647,5.0
15572,4.8
14539,3.7
20654,3.8
20437,3.2
16740,3.0
27853,4.5
15738,4.7
17221,3.8
8458,3.0
27718,4.9
1726,3.1
28585,4.3
18608,4.3
18746,4.1
25069,4.2
14554,3.8
27220,2.0
10284,3.5
21782,3.5
4607,3.8
22635,4.0
28858,3.1
15753,5.0
24037,3.0
11115,2.0
1067,4.0
7280,3.1
11258,3.0
10940,4.6
22453,4.9
25984,3.3
16006,4.2
6166,2.0
6461,3.4
19445,4.2
889,4.3
966,4.7
10481,3.0
20851,4.3
1963,4.5
9850,3.0
12062,3.8
14496,3.8
1909,4.2
15690,4.3
8353,4.7
29338,3.3
24167,4.4
28516,4.9
29332,3.0
2835,4.5
11455,4.3
7213,4.3
7605,4.3
975,3.7
2268,3.5
3770,4.2
21327,4.7
14984,4.3
25904,3.0
132,4.6
10131,4.0
23894,4.7
581,3.5
28530,3.0
9716,4.0
9035,4.7
15992,3.0
393,4.0
10218,3.0
21815,3.4
25895,3.5
21248,3.5
8401,3.9
17725,3.3
8183,3.7
29574,4.5
11426,4.5
4613,4.5
16607,4.3
27855,3.8
8593,3.6
14168,3.6
28092,3.1
20517,3.2
19119,3.8
29145,3.8
19787,4.5
19899,3.0
12190,4.1
22680,3.7
2908,4.5
23100,3.2
8071,3.6
29493,3.8
18807,4.0
15890,4.8
22919,4.1
5264,5.0
6163,3.0
19932,5.0
27980,4.9
5481,3.2
28832,4.3
26073,4.9
6895,3.8
27499,3.6
17193,4.1
18768,4.4
14317,3.0
13600,3.0
2650,4.0
21021,4.9
29862,3.8
8789,3.5
15345,3.0
3190,3.6
20004,3.4
9894,3.4
12349,4.3
3650,4.3
20510,4.7
21802,3.0
27578,3.2
5976,2.0
3370,3.4
29091,3.9
21651,3.9
9604,4.2
23619,4.9
1764,4.9
28658,3.2
22283,4.8
24759,4.3
21111,4.6
15629,4.2
7903,3.4
13334,4.1
18120,3.0
14692,4.0
13451,4.2
13993,4.3
11539,3.8
17952,4.8
16846,3.4
17127,2.0
8414,3.3
24271,3.2
8817,4.9
6284,3.4
22080,4.9
12944,3.2
19095,4.4
8536,3.3
15651,4.3
12726,3.1
22314,4.8
25576,3.9
10471,3.8
21984,3.6
4326,3.6
28505,3.4
8587,4.7
27996,5.0
13306,3.8
23929,4.8
3641,4.7
15799,4.6
9034,4.4
28140,4.0
21,4.7
3718,4.3
13391,4.2
2902,3.3
24500,4.7
5534,3.8
19276,5.0
11042,3.7
15351,2.0
779,3.1
20897,3.4
23882,3.3
25454,4.1
22236,4.6
3431,3.3
17207,4.8
29401,3.8
3622,4.0
4259,4.9
4725,5.0
1469,3.3
13322,3.5
20516,3.1
24606,4.8
8424,4.1
368,3.1
27481,3.0
11785,4.1
13112,5.0
9491,4.7
29875,4.9
11384,4.0
20402,4.7
22026,4.9
18105,3.4
29027,3.2
4060,3.9
10683,3.3
1824,3.0
29205,4.0
10972,3.0
26924,4.2
26645,4.3
3758,3.8
3232,4.0
18302,3.8
7246,4.7
17953,3.8
1831,3.5
8539,4.7
1242,3.0
19253,4.3
20745,3.0
23326,4.1
4656,4.0
20997,3.0
8998,3.0
11914,3.8
26076,4.6
8343,3.7
27343,3.0
8893,3.5
7490,3.4
26738,3.8
18161,3.8
11859,4.3
27715,4.7
14772,3.6
17606,3.3
1777,3.8
23612,4.4
15111,3.1
11133,3.7
13072,4.6
22448,2.0
25940,3.4
13863,3.5
14490,3.0
19935,3.7
27356,3.8
17132,3.9
7271,4.3
17643,4.9
18272,4.4
14779,5.0
23283,4.7
17095,3.6
12470,3.1
16619,3.5
21929,3.3
23585,4.3
13660,4.5
21733,3.5
19713,4.5
3293,4.1
378,3.5
11484,4.9
14247,4.9
11882,4.3
3845,5.0
15051,3.5
23556,3.9
13777,3.4
29285,4.8
18178,4.7
25080,4.3
13039,4.7
5024,3.4
14029,2.0
12270,3.2
1658,4.7
212,3.8
24669,4.1
29138,3.1
15898,4.1
8526,3.1
18550,4.9
19494,3.7
15762,4.3
13901,3.0
14195,4.7
792,4.2
16617,3.2
22846,4.8
21505,4.3
16593,4.7
9330,3.4
29872,3.0
29129,3.4
4498,4.8
9505,4.7
2413,3.2
26748,4.8
834,3.0
9063,3.8
9455,4.8
9810,3.5
12537,4.8
13289,3.4
13163,3.8
1220,3.5
12955,3.9
9957,4.1
17414,3.0
11375,3.6
28326,3.9
18385,3.3
5609,3.8
11907,4.3
4581,4.7
25154,3.0
10292,3.9
9677,4.7
2523,3.8
14182,3.4
28120,3.0
19462,3.6
7460,4.7
4782,3.3
27698,2.0
4381,3.8
20682,4.3
22217,4.0
14435,3.9
7642,3.1
6452,4.8
23950,2.0
18549,4.2
8809,4.3
29706,3.4
20187,3.1
20663,3.0
27054,3.7
22608,4.7
10618,3.8
26425,3.9
14940,3.3
12962,4.4
7637,3.8
16033,3.5
10196,3.0
6854,3.5
10619,3.4
11239,4.3
1386,3.8
26503,4.3
555,3.0
18705,4.8
16704,3.0
3095,4.4
3285,3.8
9930,4.8
9166,3.8
17454,4.0
7847,3.3
1313,5.0
21394,4.6
11095,3.0
7450,4.2
26060,4.3
14706,4.0
11245,3.0
9631,3.4
5072,3.6
21685,3.8
5275,3.6
18653,3.6
22152,3.0
21422,4.8
29246,3.8
25155,3.9
27199,4.3
1857,3.5
29864,3.3
29232,4.6
10306,3.8
2765,3.5
1541,3.9
7262,3.0
19184,3.8
8434,4.8
26012,3.1
22214,3.6
9475,3.6
23822,3.0
22657,3.2
8563,3.0
3771,4.3
13460,3.3
17493,4.9
4655,4.6
26857,4.3
11434,3.1
27899,4.5
8266,4.7
13389,3.0
9126,3.0
12098,4.1
11723,3.8
24436,4.5
19938,4.9
9096,4.3
1737,3.7
29094,3.6
20365,3.9
561,3.4
15357,3.0
21528,4.0
3345,4.8
11492,3.1
9354,3.8
9628,3.7
8314,3.4
21683,3.1
9719,4.5
23571,3.0
28203,3.0
58,4.8
20246,5.0
22210,4.3
15153,4.0
28580,3.0
3201,3.4
23969,4.7
26363,4.9
18033,3.7
2510,3.0
9828,3.7
17322,4.9
29248,4.5
22273,4.5
22862,3.6
11759,4.0
20254,4.2
16138,3.0
10174,5.0
13546,4.0
19298,3.4
19291,3.7
24232,4.3
5993,4.6
23865,4.5
28534,3.2
24855,3.0
20333,3.7
29888,4.4
2072,4.5
12122,4.5
29075,3.1
5822,4.2
28298,3.8
13335,3.5
16879,3.3
3513,4.0
24827,3.6
27900,4.4
16269,3.7
28051,3.8
21808,5.0
16343,4.3
22466,3.0
17150,4.6
3782,4.1
25433,4.7
9336,4.9
21254,3.5
28309,3.0
10702,4.3
2860,4.8
1221,3.8
23022,4.2
4864,4.8
13280,3.0
21540,3.8
6085,4.0
12546,4.0
15269,3.0
4924,3.8
4532,4.7
1672,3.8
28482,4.8
25088,3.4
4055,4.7
25408,3.3
26814,3.0
10000,3.2
23146,4.4
11953,3.2
24341,3.8
10237,1.0
24136,4.8
10255,3.1
13305,3.2
9487,3.7
25244,4.8
12879,4.3
27412,3.4
25946,3.8
4317,4.0
9980,4.2
5519,3.9
858,2.0
22991,3.6
5972,4.5
7875,3.9
595,4.3
8804,5.0
9186,4.8
10970,4.8
9746,3.1
14352,4.6
24015,3.5
1951,4.4
9120,3.3
23867,3.2
22904,3.6
20937,3.2
7910,4.5
14781,4.4
7830,3.0
2513,4.4
6732,3.7
5559,4.9
29765,3.8
7860,3.8
11027,4.1
4700,3.8
2233,3.9
27372,4.1
17560,4.0
16160,3.2
15092,3.1
11926,3.7
27453,4.5
9215,4.5
23342,4.6
29767,4.8
22137,3.9
20625,3.5
5424,4.7
13265,3.5
19785,4.2
15567,3.5
12501,4.3
7492,3.4
24903,3.1
8995,4.7
1550,4.5
17393,2.0
14842,3.9
10929,3.8
23925,4.6
5095,3.6
17032,4.7
3243,3.3
11054,4.1
727,3.1
16125,3.4
14591,4.3
9133,3.7
8169,3.0
331,4.8
7027,3.5
13809,4.6
211,4.4
28679,4.3
2263,4.8
6343,4.3
28107,4.5
18165,4.8
11367,3.2
3543,3.3
1438,3.4
10707,4.7
19252,4.8
16251,3.9
18818,3.0
24871,4.5
4792,4.8
9420,5.0
26604,4.2
24408,4.4
28427,3.4
6475,3.6
9506,3.8
18802,4.9
920,4.0
12171,4.3
16396,3.8
4868,4.8
818,4.0
15872,4.3
10976,3.4
9896,3.8
453,3.0
9241,4.3
19359,4.7
9848,4.3
3457,4.3
26334,3.0
27435,3.8
28608,5.0
27966,4.2
28243,4.3
940,4.4
2739,4.8
11796,3.5
4196,4.1
23984,4.0
23957,3.0
29302,3.1
4071,3.8
17784,4.6
26021,3.9
8222,4.8
8123,5.0
6363,4.1
14450,2.0
5796,4.4
3677,4.6
8864,3.3
27906,3.1
20776,5.0
27669,4.4
5188,4.2
23152,4.0
17492,4.8
16776,4.8
10308,4.0
19613,3.6
2262,4.3
24657,3.2
22135,4.8
24549,4.3
20710,4.6
23529,4.9
13186,3.0
1779,3.1
2553,4.3
29859,2.0
2686,3.3
1040,3.3
28068,3.8
17947,4.8
16939,4.6
3071,4.6
7529,4.1
27264,4.5
17812,3.8
7766,4.9
11045,4.0
17800,4.0
29739,3.4
15682,4.3
26185,3.0
15663,3.3
15128,3.8
25450,3.0
7961,3.3
7399,4.0
28826,3.5
25629,3.5
25702,4.3
21060,3.7
10303,4.5
28824,3.9
5839,3.2
2024,3.3
27787,3.7
24353,4.3
9019,4.8
10894,3.3
17397,3.7
14831,3.7
28,3.0
9718,3.0
355,3.1
3170,4.3
15383,3.3
17580,3.8
17700,3.4
21059,3.4
5643,3.4
18460,4.3
3675,3.0
15450,5.0
20608,4.7
17348,4.0
13763,3.8
6749,3.4
120,4.3
6794,3.7
23609,4.3
20612,4.0
5579,3.9
13683,4.9
328,3.7
4710,3.4
19665,3.8
2370,3.8
5522,3.8
2544,3.9
15791,4.1
11077,4.9
24767,3.8
10871,4.5
18562,3.2
4898,4.7
5153,4.0
1209,4.3
13362,3.8
27673,3.5
13068,4.9
25958,3.5
3123,3.1
78,3.2
27964,4.0
29267,3.2
28218,3.0
13012,3.5
28649,3.7
9137,5.0
28363,4.5
27096,4.0
21956,3.3
25843,3.8
23323,3.8
27630,3.8
20390,3.8
17945,3.9
4869,4.3
15605,3.8
14485,4.3
6213,3.3
24925,4.7
1782,4.1
6985,3.6
13275,3.6
17479,4.5
5544,4.9
1946,3.8
28846,4.6
27689,3.4
17061,3.4
25290,3.8
6789,3.2
1392,3.6
10661,3.0
17136,4.7
20121,3.9
29675,4.2
6694,3.9
11980,4.4
3215,3.0
8989,4.2
12404,3.1
9969,4.8
12305,5.0
1770,3.8
22084,3.0
24731,3.2
10912,3.8
11675,5.0
3022,3.0
5401,3.4
7856,4.7
10100,4.1
6875,3.6
22426,3.8
13956,3.1
4619,3.0
20319,3.6
28162,3.8
8719,3.2
8558,3.4
22275,4.1
14290,3.2
12516,4.6
7968,4.0
20648,4.4
12454,4.4
10652,3.2
6825,4.0
10111,4.2
17085,4.5
20967,4.4
8159,3.3
23194,4.0
4423,3.0
12159,4.0
6862,4.5
6986,4.4
9490,4.8
20760,4.8
15847,3.8
27542,4.8
7282,3.3
2926,3.8
9825,4.3
9479,3.0
8733,4.0
29867,3.2
18812,4.5
20734,4.9
16874,4.3
20081,4.4
2013,4.5
25281,3.9
5677,4.0
947,4.8
22555,4.8
2147,3.0
8788,4.9
19089,4.6
7129,3.5
26408,3.4
25636,4.5
9699,3.6
24076,4.8
10955,4.3
6841,3.5
17194,4.8
28923,3.7
16696,3.9
2073,3.1
9730,4.7
26049,3.7
28246,3.8
7734,4.1
885,3.0
18174,4.5
11334,4.0
14621,3.3
15332,3.1
7329,4.0
10200,3.3
19838,3.6
3895,4.4
26964,3.3
22962,3.5
28812,4.4
21052,3.5
8249,4.0
21167,3.7
18029,3.3
8012,3.3
29276,4.3
10591,3.7
25466,3.2
23636,3.4
23601,4.3
1468,3.9
16854,4.7
10550,4.2
2722,3.4
5419,4.5
27522,4.5
17548,3.4
28639,4.2
27644,4.3
12673,4.0
6041,4.2
12061,4.0
14588,3.7
29387,4.3
29121,3.0
18635,3.6
2161,5.0
16925,4.2
9247,4.5
26992,4.5
25879,4.4
13892,3.9
15733,4.7
10116,3.5
7265,3.0
26025,4.3
28535,4.8
17459,4.2
9307,4.8
3936,3.4
11725,4.3
27688,3.0
15043,5.0
4207,3.6
14033,3.8
2149,4.0
21823,4.1
29634,4.8
74,4.3
24048,4.6
4016,4.9
22899,3.9
13041,4.7
14595,4.5
3932,3.3
14670,4.8
22790,3.5
27747,3.4
15502,3.8
2509,3.4
7281,4.9
9244,4.5
24857,3.4
4067,4.7
20104,3.3
13100,4.3
3145,3.6
26441,4.9
17513,4.7
8697,3.1
5131,4.5
16924,4.4
20619,3.7
7396,4.2
24874,4.7
11560,3.2
17138,4.8
22100,4.3
25196,4.4
26205,4.8
2542,3.9
6073,3.8
22643,4.1
20409,2.0
237,3.3
20655,3.4
16484,3.5
25496,4.6
23968,3.6
5192,3.1
4766,4.8
1620,4.4
8793,3.5
1308,4.9
14374,4.8
1582,4.2
25109,3.1
2431,3.0
29249,4.7
1044,3.5
26422,4.5
5009,3.8
17871,4.7
7633,3.8
10931,3.7
24529,4.9
5795,4.4
5491,3.4
25168,3.0
17002,4.3
20183,3.0
11797,4.6
21787,3.8
13951,4.6
1600,5.0
24851,3.0
1849,5.0
1752,4.7
22845,4.9
2040,4.5
18467,5.0
7965,3.0
5231,3.5
546,4.7
6199,4.7
25427,3.0
29092,3.8
26043,3.2
5147,3.3
27820,3.9
10737,3.4
18051,4.8
12191,4.3
10694,4.7
24278,4.1
7169,4.0
16559,1.0
18592,4.3
27836,4.4
26577,4.6
20171,4.9
28206,3.6
14650,3.2
15302,3.0
15574,4.3
10417,4.8
23868,3.4
22764,3.0
9318,3.0
27822,3.5
18825,3.0
17706,3.5
17987,4.4
14090,4.9
4065,3.8
27090,5.0
1294,4.2
15566,4.0
2000,2.0
20026,4.3
2063,4.7
27805,4.9
1507,4.1
6683,4.3
17943,3.4
20002,4.5
5577,4.3
21853,3.0
8089,3.5
5611,4.5
21720,4.8
22978,4.7
5335,3.4
9546,4.6
4141,4.5
7938,3.4
25165,3.2
28198,5.0
13036,4.0
6016,4.8
12224,4.9
17619,4.9
26350,3.5
21015,4.7
28335,4.3
12949,4.5
2251,3.7
3670,4.5
22178,3.9
21323,3.9
22679,3.2
13436,4.3
27334,4.3
17331,3.5
11689,4.0
21599,3.2
22131,4.1
19354,4.3
14196,4.4
24325,4.8
19265,3.8
20269,3.3
29416,3.0
16666,3.8
12963,3.5
21803,3.1
11910,3.1
6697,3.5
27583,4.9
6058,3.8
18224,3.2
17948,4.1
20057,3.8
27937,3.7
4698,4.2
10750,3.5
3320,3.8
15864,3.3
10464,3.6
29860,4.3
12446,4.3
4773,3.7
6575,4.8
24617,4.9
4709,3.0
17231,4.8
21738,4.7
17222,3.0
13653,4.7
8740,4.1
25049,3.8
20981,4.5
5785,4.2
15965,3.1
16988,4.3
13560,3.1
10270,3.4
26251,4.4
7225,3.0
2311,3.8
23168,3.5
18366,4.3
12658,3.6
8391,4.3
27241,4.5
8677,3.8
15167,3.2
12916,3.5
2823,4.7
4551,4.5
5336,4.8
11437,4.0
20837,5.0
14009,4.4
11353,3.8
3749,4.7
10394,3.3
22298,4.2
16532,3.7
24882,3.0
9079,4.5
524,4.0
26919,3.6
13732,3.5
28802,4.8
27516,3.7
122,4.6
20750,3.8
15620,4.8
9799,4.6
28731,3.7
2283,3.5
2302,3.6
11609,4.5
26019,3.0
14292,3.9
5820,4.8
14553,3.6
21278,3.1
16770,3.1
19439,4.7
15173,4.7
19950,3.6
48,3.4
16885,4.4
15011,3.8
3185,4.7
14345,3.4
15774,3.5
20668,4.8
229,3.7
23081,4.3
2824,4.8
8772,4.3
969,3.5
3007,3.5
20689,4.4
29317,3.8
17458,3.8
10942,3.9
23231,3.8
26218,4.9
7210,3.5
2944,3.9
21511,4.9
10910,4.2
25948,3.0
14016,4.3
4433,3.9
23237,4.4
27702,3.4
4161,4.8
3117,4.6
17509,3.2
11232,3.9
5322,3.3
13753,3.5
26285,3.4
22437,3.4
2419,3.1
28087,3.2
26074,4.6
13303,4.3
7170,4.2
28103,3.6
22897,3.7
1017,4.4
21997,4.2
18312,4.8
350,4.8
14895,4.6
22699,3.6
223,3.3
29015,4.7
28961,3.3
24268,3.4
2500,4.7
28561,4.3
24060,3.8
564,3.0
28105,3.9
10367,3.8
24410,3.1
3385,3.5
3933,4.3
7959,2.0
19091,3.3
29815,4.0
14516,4.5
29479,4.8
29585,4.5
3535,3.7
18316,4.6
26169,4.8
29703,3.7
26543,4.4
17205,3.2
27707,4.5
13611,3.5
25966,3.0
15994,4.5
28887,3.8
10889,3.3
12018,4.7
7645,3.8
14116,3.6
14708,3.0
9589,4.3
27075,3.6
2833,4.8
26374,4.7
23251,3.4
28609,4.3
23787,4.9
9979,3.2
21557,3.8
27754,3.5
14549,4.5
4095,3.0
19073,4.2
17573,3.0
21229,3.3
3990,3.7
8060,4.7
10565,3.3
25900,4.3
16016,4.6
24065,4.1
24431,3.8
27260,4.3
14799,3.2
2785,3.7
23434,4.1
10771,3.0
10686,3.8
3880,3.6
24390,4.3
29632,3.9
29451,4.0
21318,4.3
24825,4.5
23242,3.7
18974,4.3
11975,3.3
7746,4.8
24106,3.4
3945,3.5
2164,4.0
2886,3.8
10109,3.0
20343,4.1
4354,3.8
5666,4.0
172,4.0
639,3.8
21761,4.7
23156,3.4
5065,3.0
1548,4.0
7435,2.0
10932,3.2
10024,3.5
1036,4.8
25081,4.6
14419,3.5
18827,3.6
8418,3.0
18870,3.8
9582,4.9
24453,3.4
10713,3.9
23655,4.2
23085,4.8
8257,3.1
12467,3.5
25115,4.7
24739,3.6
18408,3.0
18256,3.8
354,3.1
23315,3.9
5904,4.5
12954,4.7
1164,4.0
27018,4.0
3395,3.0
14796,5.0
23394,4.3
12760,4.0
3127,4.2
9694,4.0
15138,3.1
8501,3.4
24115,4.0
20738,3.6
24973,3.9
24443,4.0
16535,3.0
3587,4.0
3557,3.0
25133,4.0
10962,3.7
13004,4.6
16708,4.4
16005,3.8
5171,3.5
6743,3.0
7398,4.5
19593,4.2
11267,4.3
27257,4.3
9484,3.4
13830,3.9
29433,4.9
18763,4.4
16892,3.0
13890,3.9
23401,3.4
22816,3.9
8177,4.1
11620,3.7
7857,3.4
20805,3.4
17485,3.4
25011,4.8
2603,4.4
8609,3.9
8061,3.8
3250,4.6
12601,4.6
19941,4.5
15857,4.6
709,3.8
118,4.5
10214,3.6
4598,4.3
2042,4.6
7419,4.2
6130,4.2
17886,3.0
317,4.7
10566,4.0
5315,3.8
25434,3.0
14457,4.7
13419,3.0
12873,4.7
14993,4.0
21387,4.2
6523,4.1
20657,3.8
5739,3.8
27515,4.2
14953,3.9
5470,4.3
14336,4.6
16471,3.6
4163,3.3
19766,3.2
13180,3.0
403,3.4
4911,4.5
11422,3.7
9365,4.0
25201,3.3
6378,4.8
18625,3.9
25340,4.3
14744,4.9
3539,4.8
6310,4.4
9219,4.1
5517,4.8
18820,3.0
21073,4.3
2594,4.0
28476,3.9
22125,3.5
23917,3.5
24101,3.0
6654,4.0
14266,4.7
15867,4.4
17809,4.7
21411,3.8
29799,3.2
23514,4.9
1502,3.5
27808,4.3
678,4.7
25927,3.0
5851,4.0
7194,3.4
16301,4.7
10095,4.5
2939,3.6
12390,4.0
21437,3.8
1850,3.8
1070,3.4
17929,4.8
6784,3.1
14444,3.3
10672,4.0
27362,4.9
3392,4.0
17483,3.7
29181,4.9
16802,4.7
23829,3.2
25607,3.4
10139,4.6
14606,3.1
24528,3.3
21120,3.9
8400,4.7
22208,4.2
4893,5.0
8720,4.0
28066,5.0
17106,4.9
21560,4.8
18244,4.3
27652,4.6
29340,4.6
8498,4.6
18627,3.0
18376,3.6
19159,3.8
26522,4.0
16587,3.0
23045,3.7
22597,4.0
6117,4.0
19843,4.2
12716,4.5
6567,4.2
5670,3.0
26622,3.7
8949,3.5
13330,3.0
574,4.2
26782,4.0
27426,4.5
26840,3.0
15123,4.3
16698,3.9
20009,4.7
27641,3.7
28486,3.0
8695,2.0
10514,4.7
24751,4.8
17232,4.6
2248,4.9
15958,3.5
5616,3.8
28424,4.3
13509,3.2
20436,4.3
27506,4.2
14390,3.0
20460,3.3
997,4.6
20716,4.1
12926,4.7
11586,4.6
16935,4.1
26915,3.7
20756,4.9
19881,3.8
17794,3.0
14572,3.8
8032,3.3
1407,3.4
27521,5.0
26460,3.6
14021,5.0
14254,4.7
13841,3.0
24460,4.8
11780,4.5
24329,3.8
693,3.7
10725,4.7
21395,4.2
3443,3.0
9174,3.4
4175,4.6
20606,4.6
13844,3.4
10458,3.0
25403,3.5
13382,3.6
21376,3.4
16645,4.6
11529,3.8
29453,4.7
5497,3.8
3875,4.6
20400,3.5
3626,4.8
23466,3.4
16829,4.5
6752,3.3
5111,4.4
14157,4.2
16012,3.8
3555,4.2
10386,3.8
19751,4.8
24451,4.7
11059,3.6
2526,3.8
24454,3.9
15032,3.4
24905,4.8
24694,3.2
1168,3.8
16136,3.8
20528,4.8
7892,4.3
3149,3.9
12006,4.0
17264,3.7
19122,3.2
13439,4.3
1467,4.6
8154,3.6
25661,4.0
13833,3.9
12153,4.3
16836,3.4
27704,4.2
4137,3.8
19423,3.6
25079,5.0
4150,3.1
6468,3.4
14017,3.0
16963,3.2
6571,3.8
15366,3.0
25741,4.5
24320,3.0
15155,3.4
13779,3.4
867,4.8
20541,4.8
29114,4.0
25663,3.0
402,4.4
4428,4.7
3057,4.2
27416,3.1
7060,4.0
16548,2.0
14863,3.0
10390,3.8
11347,3.8
12212,4.0
3317,2.0
12118,3.0
7865,3.0
12126,3.2
6851,3.8
18231,4.2
17718,3.5
24880,4.8
28433,3.0
6997,3.8
28792,4.1
706,4.5
3491,3.4
15339,3.8
4573,4.5
13247,3.5
15823,3.5
24853,3.8
7054,4.8
5580,3.0
3151,4.3
6617,3.0
29035,3.4
11991,4.0
4022,3.0
23065,5.0
2607,3.5
21671,4.0
11630,4.3
9118,3.5
9182,4.8
2429,4.3
16630,3.0
3815,3.0
22416,3.8
26837,4.6
18646,4.7
835,3.1
13256,4.8
24508,3.0
8624,3.9
1173,4.6
22529,3.4
8102,3.3
16117,4.2
21673,4.6
8098,3.5
4951,3.8
15194,4.8
16634,4.8
21806,4.8
29679,3.0
19177,4.9
23063,4.0
7795,3.8
27721,3.5
3407,3.0
22970,3.4
15784,4.7
8963,4.1
1997,4.3
25183,4.9
29951,3.8
25073,3.6
5629,3.1
4002,3.5
24316,4.5
4753,3.4
29624,4.3
16956,5.0
20580,2.0
3681,3.8
19403,4.5
20694,3.8
7448,4.0
23359,3.2
13135,3.7
3985,4.3
25308,3.8
9205,4.8
26473,3.4
18953,4.9
25390,4.9
4277,2.0
3666,4.1
8412,3.0
18830,3.8
21850,4.6
6520,3.0
27720,3.6
19556,4.9
17607,4.8
15464,3.8
11831,3.4
16928,3.3
1204,4.8
2883,3.5
8613,4.7
9257,3.7
7242,4.3
2637,4.2
22193,4.8
27370,4.6
19049,4.8
18252,3.1
27970,4.1
877,3.1
29618,3.4
4379,3.8
11957,4.7
25401,4.0
3908,4.5
10763,3.4
7688,3.6
27889,3.1
20836,4.0
8075,4.1
14635,3.7
13161,4.7
6479,3.3
4711,3.5
21845,3.0
12476,3.0
989,3.9
2682,3.4
21142,4.6
18892,3.4
9702,3.2
20698,4.9
17392,4.0
29188,4.8
21740,4.9
20118,4.8
23053,3.7
11196,3.8
7787,4.7
18260,4.7
16099,3.8
3823,4.3
21646,3.4
8446,4.0
27232,3.4
5159,3.0
27261,3.4
17143,4.0
654,4.6
5812,3.6
21672,3.0
2892,4.0
16179,3.7
28776,3.0
5636,4.7
9612,3.3
3044,3.4
27326,4.0
21691,3.1
8445,4.9
24112,3.3
6159,3.8
13515,3.6
19543,3.9
12569,3.8
6022,3.0
5092,3.4
13569,4.3
11211,4.5
11221,4.0
22305,3.7
27283,4.1
23918,4.3
17515,4.7
3659,4.5
3326,3.5
9465,4.3
15033,4.5
2663,3.6
21762,3.4
25523,3.4
11673,3.0
29452,4.9
25699,4.5
1927,4.0
23948,3.3
14132,4.4
28098,3.5
29885,4.5
2880,3.9
19765,3.0
13562,4.9
9494,4.0
22971,4.2
21341,3.0
25304,3.4
26648,4.5
16195,4.1
4620,4.7
942,4.7
28467,4.1
19619,4.9
27476,4.5
19641,3.6
16577,3.6
16522,4.7
8368,4.8
8627,4.7
16692,4.3
17949,3.8
12156,4.1
6727,3.0
18519,3.2
27785,3.4
28133,4.1
28965,3.4
27149,3.7
18660,3.8
12817,4.7
23159,4.7
28271,4.4
2623,3.6
8534,4.5
18301,5.0
16615,4.0
8371,3.8
29001,4.6
737,3.9
29422,4.6
22546,4.3
24159,4.3
14057,4.3
14879,4.0
14249,4.1
29050,3.8
24907,3.4
22554,3.4
9513,3.0
10187,3.1
6495,4.0
755,4.9
21304,3.0
29067,3.0
25093,4.3
15802,4.5
26107,3.3
24795,4.1
6200,3.9
20308,4.7
16453,3.8
21751,4.4
8084,3.4
15047,4.2
22206,4.6
5682,3.3
28752,3.8
15653,3.5
29937,3.0
18064,3.9
7557,4.7
8569,4.2
9661,3.9
15734,3.0
5961,3.8
18987,3.8
29413,4.5
7868,4.5
1269,3.8
26449,4.0
13733,4.1
12697,4.5
27709,3.8
6998,3.2
11283,3.8
8669,3.3
28959,3.8
18667,4.0
20116,3.7
9045,3.8
25951,3.9
29539,4.9
27533,3.8
25157,4.7
5127,3.0
9327,5.0
1545,3.8
739,4.5
11572,4.0
10875,4.1
1674,3.5
16121,4.0
2567,4.9
6984,4.3
6795,3.9
19902,5.0
4732,3.2
773,3.9
17249,3.4
8521,4.3
21584,4.8
26702,3.6
17025,3.0
18,3.7
2244,3.4
3203,3.0
7288,3.3
5204,3.3
13708,3.8
20995,3.5
6923,3.0
29833,3.6
25271,3.8
11998,4.8
11197,2.0
13968,4.3
25846,3.3
12921,4.9
6665,3.6
3240,4.7
16929,3.0
3309,3.7
10358,3.1
363,5.0
20107,3.0
11017,4.7
11789,3.0
4726,3.0
8738,4.5
19324,4.9
16855,3.8
1641,3.0
28143,3.5
20901,3.3
1172,4.7
4500,3.2
13465,4.7
27826,4.7
24822,3.4
3364,3.8
22320,4.0
12665,4.0
1410,3.0
12479,3.5
24164,3.8
6666,4.3
11332,3.0
17199,3.1
14900,3.0
2131,3.8
1797,3.6
15378,3.0
7727,3.8
4575,4.1
5190,4.5
8167,3.8
19506,4.3
15732,4.7
21749,4.7
12410,3.0
20659,4.9
523,3.8
3089,4.0
25359,3.0
11619,4.7
21695,4.8
1996,3.4
21637,4.8
17916,4.5
11819,4.6
19105,3.2
11602,4.3
2831,4.0
8269,4.9
7489,4.4
24201,3.2
24547,4.3
26230,3.1
1299,4.7
6273,3.8
5499,3.2
6447,3.4
15613,4.9
15126,4.7
25374,2.0
17864,3.0
17985,4.6
10151,3.3
21475,3.4
7067,4.7
26466,4.1
23549,3.0
20045,4.3
15116,4.6
8747,4.7
21209,3.7
5680,4.8
11549,4.6
16781,3.8
1537,3.2
18890,3.4
29884,3.6
24324,3.4
5555,3.8
3010,4.4
22078,4.5
17107,3.3
16684,3.2
28741,4.5
21017,3.5
7328,4.4
12486,4.3
4185,3.7
28463,3.3
15146,4.7
9549,4.7
11496,4.5
13647,3.1
28453,4.2
25975,4.0
28560,4.0
13147,4.3
4582,3.0
28582,4.7
7367,4.8
10681,3.8
143,4.6
29691,3.4
22878,3.0
27170,3.3
9344,4.0
14141,3.6
1212,4.3
22139,3.2
27191,4.9
9261,3.5
14086,4.4
28452,4.7
25441,3.1
21811,4.0
20167,4.0
25659,4.5
5994,3.4
20151,3.3
4272,3.7
14923,4.1
22349,3.1
786,3.1
11049,3.0
14785,4.2
18100,3.7
26125,3.7
15792,4.4
12379,4.5
7853,3.8
28220,2.0
24850,3.0
13016,4.0
14873,3.7
14259,4.7
19289,4.1
4626,3.4
17380,4.1
22326,4.4
26282,3.3
154,3.4
11468,4.3
23403,4.6
8055,3.8
21907,3.2
24886,3.8
8926,4.6
156,4.3
24955,3.8
3085,3.0
25029,3.5
1552,3.6
13393,3.3
556,4.3
2148,3.4
11987,4.0
495,4.8
25831,3.1
2321,4.3
17296,3.8
151,4.3
29066,4.2
25764,3.9
25078,3.5
1364,4.0
18122,4.8
19385,4.4
18799,3.8
20596,4.7
15696,4.0
19267,4.8
3720,4.1
7127,4.9
9533,3.8
17272,3.6
5471,3.7
19585,3.7
24122,4.3
4823,3.4
21088,4.8
15479,4.2
12653,4.3
16727,4.7
4136,4.4
28902,3.0
19572,4.2
20906,3.0
18607,4.9
12388,3.4
2121,4.7
6858,4.2
992,3.4
13273,4.5
15871,4.5
16149,3.6
23126,3.8
23838,3.1
15630,3.0
7366,4.9
21118,3.8
17849,4.7
20977,3.9
28049,4.0
3565,3.4
5840,3.0
16667,3.8
28899,4.5
12861,3.2
18984,3.8
8911,3.8
4151,4.4
16075,3.0
14271,4.9
14130,4.0
29503,4.1
20462,3.0
13502,3.9
10313,3.6
22292,4.4
22632,4.8
13204,4.7
4321,3.4
3161,3.2
2630,3.4
27527,3.0
3174,4.9
2565,3.4
26771,3.5
17587,2.0
28862,4.0
27475,4.0
17000,4.9
3114,3.4
10833,4.8
27125,4.8
19112,3.5
13920,4.5
22491,4.6
2460,4.6
14914,4.8
11810,4.2
27237,4.7
8092,4.7
17741,3.5
20175,3.0
7798,3.4
8997,2.0
12886,4.9
26379,4.3
7776,4.4
14201,4.6
17974,3.1
15489,3.3
29566,3.0
3140,4.8
12472,3.8
5338,4.4
22701,4.8
16931,3.0
7118,4.4
6937,3.1
16410,3.4
17451,4.1
3918,4.2
5529,4.7
5398,4.2
11360,3.2
14380,4.2
17285,3.9
24007,3.0
10740,3.8
21230,3.3
16821,3.0
8320,4.3
15699,4.8
11112,3.0
5269,3.7
1861,4.7
10891,4.0
29808,4.8
17488,3.4
9225,3.6
1,4.8
2706,3.8
21087,4.3
13327,3.8
21709,4.2
10691,4.1
9196,3.8
6957,4.1
2155,4.3
27821,4.9
4011,3.4
28398,4.5
534,3.5
11962,4.7
5823,4.8
16969,3.0
11875,3.9
12352,3.4
15323,3.1
25266,3.0
23119,3.2
24687,3.0
8683,3.3
9743,4.6
14260,3.0
15124,4.7
9088,4.7
16562,5.0
6464,3.7
26590,3.0
18300,3.7
8107,4.9
14904,3.8
1910,4.5
27740,3.6
23044,4.3
17517,3.5
24207,3.8
26892,3.8
29601,3.4
1317,4.1
4368,4.0
8313,4.0
20214,4.4
22777,4.4
13854,3.5
6080,3.7
23170,3.3
2601,4.4
6568,3.7
18557,3.8
28808,3.8
12746,4.5
19989,3.5
13276,4.3
7995,3.7
9142,2.0
3768,3.7
5077,3.8
28501,3.5
9599,4.3
4631,4.7
24024,3.4
240,4.6
16053,3.9
15424,3.8
27556,3.8
27193,3.4
24615,3.8
11461,4.3
7465,3.6
1867,4.5
22979,3.6
18952,5.0
2521,4.4
24347,4.3
1820,3.6
2410,3.6
8243,4.3
6637,3.2
21571,3.7
16576,4.4
4565,3.5
14917,3.4
13929,3.0
27227,3.0
6391,4.5
2118,4.9
10050,3.0
3779,3.0
27918,3.3
4961,3.8
2809,3.4
498,4.3
11445,5.0
918,3.7
13390,3.7
13264,4.9
4284,4.4
24748,3.5
228,5.0
26629,4.8
24245,3.8
2741,4.8
13329,3.3
11703,4.5
14348,4.4
9271,3.0
23885,3.0
11113,3.5
6001,3.2
22102,3.2
4897,3.1
5583,3.7
18749,3.8
7867,2.0
24904,4.7
1128,4.0
24121,4.9
10400,3.2
1567,2.0
10298,4.5
1706,4.9
3153,4.8
10364,4.1
11523,4.7
7299,3.8
25335,4.2
29414,4.2
6240,4.0
9824,3.0
2925,3.4
10490,3.1
29626,3.8
12444,3.4
2721,4.5
7509,4.2
26227,3.0
23428,4.8
23750,3.1
26404,4.5
13799,4.3
15154,3.8
24774,3.0
14783,3.8
16344,3.0
10832,4.3
15749,4.7
9053,4.9
1505,3.0
6054,3.0
24645,3.5
4225,3.0
18934,3.8
28300,3.3
28044,3.0
6768,4.4
3199,4.0
28264,4.3
6449,4.7
7951,4.0
14626,4.0
29584,3.5
15804,4.7
19028,3.0
4435,4.9
11357,3.6
23245,3.4
13668,3.0
14645,3.2
15706,4.7
20871,4.2
18445,4.7
21029,3.3
3775,3.2
20382,4.8
16374,3.5
5596,3.5
28472,4.4
9297,3.0
28397,3.1
4174,4.8
24129,4.1
8737,3.8
9216,3.2
23450,3.4
15581,4.3
10143,3.0
28449,3.8
8543,3.0
26821,3.6
983,4.7
8033,3.8
5480,3.1
26594,3.0
14894,3.4
21181,3.3
24041,4.9
20046,4.7
10486,4.0
4657,3.0
6414,4.5
15386,4.2
3150,3.2
23748,4.3
23124,3.4
21197,3.0
15861,4.8
9265,4.2
5969,4.1
14998,3.2
11891,4.7
19323,3.4
15454,3.5
17724,3.2
29200,4.8
1391,4.9
24094,4.8
7437,4.7
23560,5.0
8802,5.0
25606,3.3
28801,4.4
371,4.3
6146,3.0
24080,3.0
9775,3.6
17796,4.7
22882,4.8
18640,5.0
25824,3.5
22202,3.3
22504,4.9
2212,3.6
5603,4.0
8881,4.8
22388,4.5
5417,4.3
4938,4.3
13434,4.4
20008,4.8
3158,3.9
20651,4.0
9158,4.5
463,4.3
18138,4.0
23523,3.4
615,3.7
6380,4.2
20213,3.0
16762,4.7
11298,4.7
12995,3.5
8181,4.7
17719,3.2
13511,4.3
16574,4.5
2716,3.5
24012,3.0
24495,4.9
27470,4.3
20181,3.5
24131,1.0
10003,4.8
13639,3.5
29016,3.4
7389,3.0
18278,4.1
21045,4.7
14356,4.9
26364,3.5
7769,4.2
6221,3.8
23432,4.6
25799,4.6
21378,4.1
27505,3.5
7037,4.2
15474,3.7
11646,4.3
15897,4.8
10570,4.5
15511,4.8
22725,3.0
26259,4.8
22837,3.8
25344,3.4
6358,4.8
25907,4.3
20376,4.5
6691,4.0
26298,4.0
15881,3.5
1030,4.0
9164,3.7
18604,3.1
9488,4.6
1577,4.0
15859,4.3
9947,3.4
3793,3.3
27620,4.8
22194,4.9
20711,3.0
28527,4.0
17551,4.5
27123,4.7
22115,3.1
2917,3.0
5586,3.4
14605,3.2
6326,5.0
25701,4.9
1515,4.0
20696,4.5
2371,4.3
3432,4.7
18647,4.7
20863,3.5
4239,4.3
19773,2.0
1390,3.6
893,3.8
17874,4.8
26884,4.2
14037,4.8
24073,4.3
15187,4.7
2933,4.8
28007,3.4
10937,3.2
27526,3.6
28770,4.6
1129,3.5
731,3.8
11110,4.8
3084,4.1
7297,3.5
4588,4.6
12496,4.3
2795,4.0
7601,3.7
798,4.5
22616,3.0
17118,4.2
22943,3.0
18628,3.8
178,3.6
11469,4.2
17558,4.2
13798,4.3
9830,3.6
17174,3.1
26902,4.2
198,4.3
14643,4.8
16932,4.5
19723,3.6
12940,3.4
28118,3.4
16268,3.1
11772,4.1
27471,4.1
22834,4.6
17524,3.4
13277,5.0
27246,3.5
15103,3.0
7533,4.8
22703,4.3
15855,3.0
66,3.3
4712,3.9
21598,4.6
11452,4.6
15689,3.1
26872,4.7
5033,4.1
6915,4.3
2572,3.8
24807,3.0
20225,3.4
17006,4.3
27286,3.8
6222,1.0
787,4.4
3332,4.8
29441,4.4
6008,4.7
8334,3.8
16655,4.7
25163,3.7
13448,4.6
27609,3.2
1191,4.4
12478,4.9
515,4.0
16862,3.0
4476,4.8
21435,4.0
10232,3.1
23046,4.4
17417,3.4
23645,3.0
14622,4.7
18982,4.7
17898,4.6
6191,4.5
14175,3.4
7237,4.7
5753,4.0
2068,4.9
27840,4.1
8236,4.3
16252,3.0
15905,3.2
21905,4.9
1462,3.9
15207,4.3
18255,3.0
4576,4.6
9856,4.3
24600,4.5
7349,4.6
21007,3.8
4818,4.3
23461,4.5
220,4.4
12632,4.3
19937,4.7
29890,3.4
18860,3.7
4248,3.0
26248,4.7
18432,4.3
17442,3.4
6487,4.4
7036,4.5
9456,4.0
24518,4.7
12433,3.6
5650,3.0
17632,3.3
25501,3.0
28769,3.4
23659,4.5
2881,3.4
18061,3.7
23133,4.3
22444,3.6
901,3.3
18981,4.0
7164,3.5
18680,3.0
11594,4.7
2181,3.8
8488,3.2
9713,3.9
18369,4.5
8219,4.9
28268,3.6
26303,3.4
6772,4.5
28511,3.8
14436,4.1
14678,4.5
11440,3.9
24072,3.9
16172,4.7
26711,4.5
7257,4.6
2580,4.7
7966,3.0
26618,4.2
2156,4.5
4340,3.8
9562,3.9
29789,3.0
24230,4.2
13743,3.7
1073,4.8
21638,4.5
17065,3.5
4530,4.4
3159,4.8
25583,3.9
2987,3.0
21292,3.8
1882,5.0
21398,4.4
18324,3.0
19680,4.7
19918,4.7
5974,4.3
3729,3.5
490,3.8
22092,3.4
1181,4.9
1375,3.2
5014,3.2
16234,4.0
17010,3.8
4758,3.1
10304,4.3
24928,4.0
6040,3.0
2841,4.5
4180,3.0
18645,4.8
4086,3.2
27223,3.5
2887,3.6
8876,3.8
20923,4.3
12271,3.2
6671,3.8
14997,3.0
9211,4.8
17750,4.3
26778,4.2
12581,3.9
19023,4.3
29195,3.2
5602,4.5
28533,4.5
13921,4.0
5730,4.3
14745,3.0
5296,3.5
24943,5.0
12979,3.4
19322,3.1
25981,4.7
24803,3.0
17696,3.8
10171,3.3
22363,3.0
20918,4.8
22603,4.2
10065,4.5
11538,4.9
7669,4.7
6869,4.7
23700,4.5
29953,4.0
12992,4.7
10472,3.1
9943,4.2
9643,5.0
14892,4.4
12661,4.7
29583,4.0
6681,3.9
5428,4.0
9190,3.4
21650,4.1
3786,4.3
29713,5.0
1784,3.4
7116,4.4
16878,3.0
4683,4.1
10046,4.4
22940,3.0
2038,4.3
20425,4.5
9281,3.4
19281,4.0
27323,4.8
12435,4.0
28168,3.2
7876,4.4
3340,3.4
19037,3.2
27214,3.3
5911,4.9
27405,4.8
22944,4.0
8514,4.9
2031,4.9
21473,4.2
17197,3.5
7235,3.2
12755,3.5
15327,3.2
22664,3.5
28798,4.9
13983,4.7
1079,3.5
18610,4.9
15451,3.4
26524,4.3
17726,4.6
24846,4.9
18203,3.2
19645,4.2
5649,3.9
15300,4.5
24629,3.8
14506,4.5
3862,4.6
2936,3.7
3917,3.0
1689,3.0
14347,3.0
305,4.7
4056,3.0
19824,3.3
19383,3.0
23927,3.7
9837,3.5
17615,4.3
9706,3.5
2313,4.5
26935,4.4
22640,3.5
23337,4.6
24841,4.1
29735,3.0
20705,3.4
9030,3.8
2062,4.1
6470,4.0
17400,4.3
6477,3.6
20283,3.6
19951,3.1
5452,5.0
11279,4.7
27919,3.5
9906,3.1
29810,4.8
4270,3.6
8531,4.7
27692,4.9
20470,4.8
9095,4.5
27064,2.0
23915,4.5
16972,4.7
3365,4.3
19054,3.2
5515,4.8
11781,3.8
29922,4.4
15310,4.8
2395,3.7
23430,3.9
5506,4.5
18554,3.4
924,4.0
8134,3.0
25044,3.2
12070,3.0
17737,4.4
11706,4.4
8671,3.8
3124,3.6
22057,2.0
19158,4.8
7620,3.2
6559,3.4
23665,3.1
9145,4.8
12720,3.5
9846,3.4
26118,4.3
29043,3.3
9627,4.3
5798,4.1
22366,4.3
5882,2.0
9782,4.2
11348,4.3
23568,3.3
18565,3.0
25936,3.0
17857,3.4
6103,4.3
6748,3.7
13009,4.3
9082,3.7
23439,3.0
27282,3.4
15966,4.3
28672,4.3
5540,4.8
421,4.0
16081,4.1
18690,4.7
16555,4.6
3956,4.0
5606,3.5
28856,4.7
26762,4.3
11380,3.9
1725,4.4
1184,4.0
9974,4.0
16788,4.2
25724,3.4
904,3.0
19878,5.0
8346,3.2
17245,3.9
7797,4.3
6089,4.9
2080,4.7
7928,3.3
13853,5.0
25964,4.3
7933,3.6
10846,4.0
12177,4.3
9316,4.8
25306,3.5
25803,3.6
9927,4.0
7211,3.0
21061,3.0
6533,3.5
5209,3.0
2646,4.9
10073,4.3
16825,4.3
10622,3.8
25673,3.0
29967,3.5
1478,4.5
692,3.0
28058,4.9
6365,3.8
26402,3.3
18539,4.6
21569,3.3
7370,3.8
1301,3.3
7837,3.5
14877,3.8
3715,4.3
25840,4.9
5037,3.8
4399,3.5
20006,3.6
13840,4.3
20900,3.2
11294,4.5
7354,4.0
16122,3.5
8750,3.5
26898,3.4
1436,3.0
507,4.6
21659,4.3
16017,3.0
22047,4.0
5402,4.0
5930,4.0
28592,3.1
8947,3.4
29664,4.2
18723,3.0
12242,4.8
17303,3.0
4386,4.8
12744,3.5
10310,3.6
17667,3.5
26095,3.8
8693,3.6
17027,4.0
1539,3.9
9121,4.7
1211,4.0
15284,4.4
25768,3.3
2560,3.1
13107,5.0
22490,3.8
13029,3.9
11569,4.3
12668,4.4
21999,3.7
390,3.0
17848,5.0
17576,4.9
10064,4.8
3590,4.8
22744,4.0
11350,3.7
8435,3.0
6719,3.3
15540,3.2
16890,4.0
14693,3.8
946,4.7
15576,3.6
14327,3.6
27839,4.3
26367,3.4
25605,4.3
2547,4.3
18157,3.9
13007,4.3
272,3.7
20827,4.7
3618,3.6
18765,3.8
25136,3.1
7008,4.6
23973,3.4
9269,3.6
28076,3.0
4633,3.2
17130,4.5
7707,3.0
19953,4.7
8982,3.3
24220,3.1
14312,4.5
10762,4.5
13945,4.5
14342,3.0
22832,4.3
5599,4.4
9290,3.5
15989,3.3
10355,4.5
3637,3.8
20597,5.0
25212,3.6
18296,2.0
27239,4.3
599,3.1
20276,3.7
21924,3.0
1652,3.9
29889,3.8
8106,4.0
1893,4.5
7833,4.3
29055,3.5
25107,4.0
22886,3.0
20746,3.0
262,3.5
375,3.8
18350,4.0
20341,3.8
1466,4.3
12615,3.8
13543,4.4
16226,4.8
5696,3.3
17627,4.8
24425,3.1
26951,4.3
25002,4.4
941,4.1
24939,3.0
9663,3.0
19730,3.9
19041,4.3
15882,4.5
13353,3.0
10905,4.6
18186,4.8
22966,4.7
28177,4.3
21710,4.0
26784,4.3
6578,3.5
19183,3.5
20690,3.1
25775,4.1
29483,3.8
27107,4.6
298,3.0
28155,4.3
27119,3.4
20207,3.1
17241,3.4
7977,4.7
11463,4.3
2035,4.2
20423,3.9
10450,3.4
21546,4.7
10164,4.9
18542,4.3
10291,3.4
17883,3.0
13397,3.4
19896,3.0
29882,3.7
14220,4.0
8844,2.0
6828,3.7
7130,3.3
25761,4.6
7954,4.0
20469,3.8
16626,4.0
26983,3.1
13990,3.4
3144,4.0
18028,3.6
14547,3.3
7371,4.2
29475,3.8
5594,4.7
28908,3.8
14466,4.4
26008,4.7
24844,3.0
21615,3.5
2076,3.6
4103,4.0
7493,3.8
5968,3.4
15470,3.8
20350,3.1
26871,3.8
29682,3.4
17965,4.2
6754,4.3
2575,3.8
14389,4.7
16284,3.6
4042,3.4
17751,2.0
12853,4.3
4078,4.3
14246,3.1
7754,3.8
14166,4.3
9462,3.5
15960,3.0
19162,3.8
4603,3.4
21316,4.7
14252,4.0
1985,4.2
20245,3.7
7774,3.4
9726,4.6
16709,4.6
16156,4.8
15560,4.7
10530,4.0
22778,4.6
12172,4.1
26003,3.0
4054,3.0
18621,3.8
28980,4.8
5229,3.8
12370,3.8
20955,4.6
13666,3.5
7454,3.5
1268,3.5
864,4.4
27010,4.3
4942,2.0
2253,3.2
22394,3.8
24270,3.8
16755,3.2
25414,4.7
10348,3.5
7940,3.6
609,4.0
4651,4.9
27451,4.6
26532,3.3
15886,3.8
5919,4.7
26234,3.2
14022,4.3
18748,4.7
7148,3.2
13648,4.4
10635,4.7
28470,4.8
20173,3.5
25662,3.3
5581,3.7
23541,4.7
26949,4.9
5060,4.4
28841,4.7
9615,4.7
29710,4.6
8044,3.6
17046,3.1
8386,3.7
14629,3.5
24728,3.1
9311,4.2
2776,3.2
20919,4.7
13667,3.0
24674,3.6
24021,4.0
29921,4.6
7189,3.6
13731,3.2
20515,3.4
5573,3.0
6135,3.0
20811,3.0
10553,3.0
5247,3.8
21153,4.1
3981,4.0
11085,4.1
19053,3.0
20361,3.7
16663,5.0
13158,3.2
2172,3.1
27866,3.8
8718,3.7
7452,3.1
15553,4.5
5197,4.6
17793,3.8
13210,4.1
11671,4.7
27225,4.2
15995,3.8
28730,4.1
21057,3.8
20539,4.5
28782,3.0
21267,4.3
22191,3.5
3809,4.8
24422,4.1
10079,4.3
12488,4.7
18265,3.7
21067,3.0
5543,4.5
22539,4.7
15681,3.4
11864,3.1
21977,4.3
15519,3.2
10401,4.3
25502,4.0
23281,3.8
20947,4.3
24223,3.4
23789,3.0
17653,3.0
18734,3.8
8745,5.0
1384,4.3
23719,3.5
9036,4.9
22240,4.3
13095,4.5
297,4.7
8635,4.3
28158,3.0
28248,3.8
3867,3.0
24909,3.8
2077,3.8
15029,4.7
15675,4.6
14209,5.0
29517,3.0
18613,3.6
15216,4.7
19226,4.6
2537,4.0
16578,4.6
16395,3.1
7362,3.4
6636,4.1
7498,1.0
13482,3.0
9009,4.8
28523,3.8
20426,4.7
6553,3.2
10770,4.7
16131,4.0
21889,3.0
23238,4.1
23145,3.1
21684,4.2
4654,3.5
320,3.8
7135,4.1
17755,3.9
11984,3.5
2654,4.6
12142,4.5
13721,3.1
19782,4.1
886,4.7
5002,4.2
25214,3.3
27503,4.7
17310,4.0
244,4.1
14758,4.7
8207,3.8
16527,3.3
5983,4.1
2363,4.3
22721,3.0
16513,4.3
1161,3.3
18291,4.0
29693,4.7
22337,4.2
287,3.0
13650,3.3
23721,3.0
21692,4.7
10068,2.0
10680,3.4
12450,5.0
25258,4.0
8681,3.3
1170,4.3
27988,4.2
10374,3.0
28762,4.1
23487,3.9
6792,4.4
27044,4.9
27328,4.4
18243,4.2
277,3.1
24393,4.8
15946,3.3
23165,5.0
24742,4.0
3121,3.9
8579,3.9
17695,4.0
17416,3.0
8339,3.2
3406,4.6
22766,3.8
15475,4.7
13861,3.2
26649,3.7
13128,3.2
931,4.7
691,4.7
24534,3.0
6364,2.0
18293,3.9
9021,4.0
10273,4.4
20950,3.4
29346,3.5
16428,4.7
20323,4.3
9141,3.4
7108,4.3
8975,4.7
4319,4.4
2965,3.2
3969,3.1
4926,4.0
25807,3.8
14616,3.7
13971,4.3
22692,3.7
20543,4.5
3092,3.0
21097,4.1
12748,3.0
21939,3.8
23519,3.2
15790,3.7
12515,5.0
3982,4.0
24420,4.7
23324,3.5
1404,4.1
19579,4.4
6124,3.3
1094,4.0
17353,3.6
22285,4.0
22927,3.7
15972,4.3
2843,5.0
19235,3.1
4815,3.2
16473,3.6
5956,3.4
26836,4.9
20855,4.5
24213,3.7
13374,3.6
26907,3.2
18173,3.8
27302,4.9
18443,3.0
13179,4.3
23697,4.5
12205,3.9
18286,3.9
14407,3.2
4686,4.7
18714,3.6
4922,4.8
15833,4.3
6785,3.0
5877,3.8
9548,4.8
16459,3.8
2345,4.3
22831,4.0
8430,4.9
4586,4.3
26317,3.9
14597,3.6
29440,4.0
28147,3.8
8378,3.5
27104,4.7
17937,4.7
22258,3.0
27369,4.3
6197,4.6
13097,3.5
14456,4.1
15179,4.3
6401,4.7
5695,3.0
2941,3.7
24477,4.5
29004,4.6
7381,5.0
26953,3.2
18004,4.5
13834,3.4
5578,4.6
10338,3.0
9993,3.0
7905,4.5
25198,3.3
24328,3.8
1048,3.0
6782,4.7
12662,3.8
28131,4.7
24553,3.2
1609,3.0
19480,4.2
2415,3.0
2017,3.8
2971,3.4
12317,3.0
14038,3.9
13567,4.5
2931,3.5
15406,4.0
27401,2.0
19630,4.8
16508,4.0
17490,2.0
13001,3.2
1814,4.3
14586,3.7
14448,4.7
28724,3.5
11533,4.3
2123,4.3
13704,3.4
22018,4.8
25561,4.4
29502,4.9
29256,3.9
18581,5.0
20435,5.0
17600,4.4
7701,3.8
26270,3.0
17109,3.2
23818,4.7
9170,3.8
808,3.8
24103,3.8
21438,4.6
23922,3.4
25043,3.9
4906,3.2
3722,3.2
28532,3.5
13122,4.5
12734,4.3
3962,4.5
26434,4.0
2671,3.5
23916,3.0
9417,3.6
18148,3.8
4552,4.3
16991,4.8
6009,4.7
17831,4.9
19601,4.7
5737,4.8
8479,4.7
18437,4.7
3164,3.5
25131,3.0
6763,4.0
28303,4.2
1657,4.3
28763,4.8
19094,4.6
28729,4.3
7549,3.4
4266,3.8
27985,3.8
23099,3.3
16806,4.3
29405,3.9
5316,3.4
9673,4.3
19229,3.0
20450,3.4
28171,3.3
21628,4.0
1001,3.6
4198,4.3
2418,3.0
3575,4.5
23110,4.9
20231,4.3
17345,4.7
9772,3.1
3558,5.0
24095,3.0
12458,4.7
3854,4.0
4887,3.3
17141,4.6
13058,4.5
27406,4.7
5313,3.5
18668,3.5
16223,3.4
27371,4.4
4524,3.2
13699,3.2
4827,5.0
24096,3.1
807,3.0
3907,3.2
14333,4.2
24212,3.1
7023,4.1
1956,4.3
10637,4.7
9343,4.9
15161,3.0
11404,3.8
27106,4.3
2402,4.7
5184,4.7
17457,3.4
14698,4.7
22908,4.7
28688,3.7
27686,4.2
10283,4.9
12719,3.0
22649,3.1
8095,4.2
9890,4.9
25925,4.7
18323,3.1
25970,3.0
17387,4.0
15086,3.6
21054,4.3
25696,4.2
7566,4.1
11126,4.0
14719,4.8
28842,3.7
5368,4.0
6928,3.6
9603,3.8
22673,4.8
29047,4.0
8901,3.6
23933,3.8
11795,4.7
17369,4.3
11268,4.3
22553,3.5
26278,4.7
7384,4.8
25039,4.5
26312,4.3
24169,4.2
29048,4.0
9460,3.9
2462,4.2
27639,4.4
16652,4.8
19964,3.1
12942,4.7
11708,4.3
16455,4.8
9454,3.8
27063,3.3
6509,4.0
19205,4.8
28432,4.6
589,3.0
25085,3.4
13136,3.2
16549,3.3
8848,4.0
4624,3.5
25722,4.4
20142,3.0
6845,4.9
14343,3.6
18412,3.5
10850,3.4
8869,3.3
24877,3.8
9424,4.3
5454,3.1
24388,4.3
1449,3.8
26692,3.8
15849,3.1
11454,3.0
24562,3.3
18816,3.6
25633,4.8
21031,3.2
21942,4.2
17280,3.6
9803,3.6
27228,3.4
1587,3.4
6686,4.6
13558,3.0
18103,4.2
22484,4.2
20190,3.5
8806,4.5
26316,5.0
3961,3.9
8923,3.7
23420,4.9
6078,4.7
17274,4.1
10956,3.6
28490,3.4
4006,3.9
4939,3.1
26739,5.0
18395,4.6
5898,4.6
14365,4.4
26055,3.0
14011,4.7
16968,3.1
11460,3.8
20316,4.7
13157,4.9
1260,4.5
20922,3.9
14391,4.3
310,4.0
1716,3.0
22393,4.5
2052,4.3
20671,4.8
4668,4.6
4298,4.8
23030,3.0
3783,3.5
1008,3.5
7347,3.8
20824,4.7
10377,3.4
29051,3.8
26148,3.8
9878,3.4
13159,3.2
2773,4.3
13026,4.7
20443,3.1
12948,3.0
16474,4.6
1987,3.6
25533,3.5
7279,4.7
2672,4.4
16260,3.8
9175,3.8
29231,3.4
17358,4.6
27847,3.5
19309,4.0
249,4.7
8185,4.4
5884,5.0
18725,3.8
26436,4.5
29335,4.3
6589,3.4
13780,3.9
23907,3.0
627,3.0
24590,4.0
13272,3.2
26418,4.5
4765,4.3
29408,3.6
27576,3.5
16512,3.2
27677,4.8
25017,3.4
20566,3.8
23683,4.0
13782,3.3
12427,3.4
6995,3.0
25361,4.5
18782,4.7
6305,3.0
27818,3.9
24584,4.0
25413,3.6
12392,4.9
17570,4.7
25145,3.5
15472,3.6
10703,4.3
29575,2.0
21698,3.6
9220,3.6
4247,4.0
29328,3.0
11273,4.3
9107,2.0
9497,4.6
17480,4.1
11241,4.0
23037,3.0
1273,4.8
5698,4.2
7678,3.0
10988,4.2
23181,4.6
9590,3.4
22999,4.6
3358,4.3
16567,3.3
24085,5.0
25286,3.8
26101,4.7
15235,4.3
6513,3.0
16079,4.5
4567,3.0
13255,3.4
22987,3.3
10848,4.6
19247,3.0
25986,4.3
1961,3.1
4992,3.4
4891,4.3
14330,3.0
22253,3.2
29219,4.2
6226,3.5
26468,3.0
25263,4.3
1251,4.2
3176,4.8
3359,4.4
307,4.8
26426,3.9
27850,4.3
28466,4.8
27979,4.4
23795,3.4
12580,4.3
28339,4.4
26120,4.5
12225,4.0
1051,4.5
14519,4.6
11410,3.8
9221,3.3
10234,3.8
4763,3.8
9062,3.0
1874,3.5
24373,4.2
23666,3.9
26214,3.4
13682,4.3
20706,3.1
28877,3.5
5831,4.3
27043,4.3
191,4.7
12901,5.0
13233,3.5
12629,3.5
4485,3.3
9783,4.3
3924,3.0
9940,3.6
29211,4.8
24569,4.1
23951,4.6
25810,4.8
15198,3.5
16061,4.2
19497,3.4
3303,3.2
15549,3.0
18074,3.3
21432,4.8
13304,4.0
24632,3.0
19692,3.2
17888,4.6
1806,3.6
3871,3.6
3791,3.1
29342,3.0
14154,4.3
2786,3.0
9259,4.2
25040,4.3
1717,3.3
2696,4.7
1848,4.7
20896,4.7
23453,4.4
10623,3.9
24284,3.2
12852,3.8
6622,4.4
3435,3.5
24902,2.0
16526,4.9
6771,4.6
29296,3.4
6992,4.0
24287,4.7
24651,3.9
27217,4.0
25616,3.0
11601,4.8
1117,3.7
1756,3.6
16881,4.7
6751,3.6
870,3.0
19741,4.8
9104,3.0
721,4.3
10997,3.8
17270,4.7
19727,4.3
25720,4.9
27354,3.4
8347,4.4
15588,4.3
27994,3.9
10938,4.8
24792,4.3
24890,4.5
314,4.5
28388,3.0
24763,3.8
25957,3.6
20588,3.1
5850,3.3
6129,4.5
5447,4.6
3129,3.6
16279,3.8
15632,4.2
18380,4.4
910,4.1
3968,4.6
27852,5.0
26708,2.0
10165,3.0
336,3.6
26709,4.8
29944,3.6
24986,3.0
2985,3.5
10878,4.3
15916,4.4
21004,4.0
22915,4.6
11669,3.9
20862,4.8
19942,4.9
13907,3.0
11001,3.8
4820,4.0
19800,3.4
16691,4.5
12100,3.4
21758,3.4
16732,4.5
22302,4.3
28141,4.5
7243,3.6
29734,4.2
14079,3.6
20866,4.5
11874,4.6
14520,3.6
8263,3.4
18678,3.5
6855,3.4
8597,4.9
25397,4.0
27100,5.0
6901,3.1
18050,4.3
23963,4.9
21954,4.4
9949,3.7
16436,3.6
22647,3.6
1445,3.0
24303,4.7
14821,3.2
24740,3.7
1695,4.8
11084,4.0
16152,3.2
13383,4.4
17958,3.9
22523,4.3
20789,3.0
1630,4.9
269,4.8
1881,4.9
14523,4.8
13900,3.1
5074,5.0
5509,4.7
28202,3.5
27433,3.6
25302,3.0
2535,3.8
11069,3.6
27949,4.9
14680,3.5
186,4.9
11971,4.5
5558,4.4
29376,4.0
23569,3.0
28863,3.0
26328,3.3
6587,3.5
17618,3.0
25097,4.0
29926,4.5
3915,5.0
446,3.9
28221,3.5
14031,5.0
17228,5.0
21585,3.5
7124,4.3
20519,3.0
2440,3.6
3103,3.2
11088,4.8
7692,4.9
21158,3.5
23358,4.0
6094,4.8
9486,4.0
18537,3.3
21902,4.3
26885,3.0
13223,3.6
21451,3.0
16913,4.0
687,3.0
5208,4.7
17160,3.0
8417,3.9
28936,4.7
22708,3.5
10345,3.4
4920,3.5
28003,3.9
29240,3.8
25216,2.0
19520,3.7
19600,3.4
5462,4.3
13757,3.2
26559,4.7
19567,3.9
29313,4.8
23906,3.5
26774,4.8
19583,3.7
26132,3.0
1289,4.4
12773,3.9
27868,3.8
10692,4.6
23741,3.5
10335,4.0
29318,4.7
25906,4.5
28565,4.3
23926,4.3
11905,3.8
29397,4.8
15830,3.0
15735,3.3
12158,3.1
18263,3.2
18814,4.8
12453,3.4
6079,4.2
5457,4.6
25301,3.4
11349,3.3
12057,3.8
18532,4.1
4131,3.2
16351,3.0
17420,3.6
23971,3.9
15408,4.8
24626,3.4
4134,3.8
17033,4.3
9275,3.9
23095,4.7
861,4.3
13404,4.3
16575,4.7
22410,3.8
1942,3.8
10295,4.6
4331,3.0
28250,4.7
14119,3.6
3970,4.6
25979,3.0
25862,3.4
26811,2.0
12851,3.6
13193,3.6
2775,3.0
4145,3.4
27300,4.7
19001,4.3
2411,3.7
17478,3.9
22449,4.7
15457,3.0
1546,3.0
20973,5.0
22418,3.3
6953,3.5
3135,4.9
20240,3.5
13232,3.8
15627,3.1
28822,3.7
14715,4.8
22803,3.0
3805,3.9
28027,4.4
24405,4.3
23815,4.6
15160,3.8
6774,4.6
19678,4.7
14062,3.2
16848,3.3
17641,3.0
10020,3.4
18643,4.6
22014,3.8
3327,3.4
22615,4.7
7382,3.3
29834,4.5
1262,3.5
23596,3.7
17359,4.6
25402,4.1
22250,4.8
13117,4.6
13455,3.3
6582,4.6
18771,2.0
21119,3.9
5021,4.0
23513,4.8
12583,3.4
27436,3.4
14995,3.8
11413,3.1
20266,3.8
22439,3.0
9802,4.5
25334,3.8
20259,3.5
19173,3.3
18241,3.5
19404,4.3
4108,4.3
5213,4.9
3255,4.3
7323,4.3
2690,3.3
14501,4.8
23773,3.2
4627,4.1
25926,4.0
1319,4.9
26096,4.9
16590,4.6
5162,3.6
7226,3.7
24957,3.0
12192,4.5
17519,3.8
4529,4.4
11667,4.0
19889,3.8
21133,3.0
12380,4.8
23470,4.9
9941,3.8
24446,4.2
18062,3.1
6336,4.7
25664,3.8
6982,3.2
10066,3.4
917,4.6
18889,4.2
13288,3.6
19288,4.3
570,4.2
17832,3.7
3414,4.8
26956,4.7
14806,4.6
7031,3.5
6837,3.2
13878,3.6
19610,4.6
19345,4.8
20767,4.3
14026,3.7
14232,4.7
24229,4.0
19923,3.0
2217,4.8
28419,4.3
28483,5.0
2827,4.3
22164,4.8
25869,3.6
4996,3.8
17722,4.7
3262,3.0
24260,5.0
25503,2.0
6838,3.3
27882,4.5
5741,3.4
650,4.5
22423,5.0
11094,4.3
18642,3.5
15407,3.7
5395,4.3
24216,3.7
7082,5.0
26479,2.0
3521,4.1
10922,3.0
28041,4.4
4478,3.3
5660,3.4
9788,3.2
67,3.5
10776,4.7
21188,4.5
13519,3.1
24476,3.4
23993,3.0
17642,2.0
3839,4.9
27710,4.8
15715,3.0
17375,4.0
19888,4.3
8305,3.4
919,4.0
10701,4.8
165,4.5
26707,3.4
24350,3.0
6644,3.7
14334,4.9
16285,3.8
14282,3.0
4594,3.4
19348,4.3
10698,3.0
13299,4.0
2850,4.9
19212,3.0
22780,3.0
12638,4.1
29861,4.1
27057,4.3
4460,3.2
29784,3.2
14908,3.4
6623,3.0
9306,4.0
27604,3.0
8490,3.8
9867,4.6
2735,3.3
5669,4.7
12031,4.5
21372,3.8
28475,3.5
2378,4.7
15623,4.7
22417,4.0
4172,4.1
12391,4.0
12742,3.3
16103,3.8
27269,3.8
14010,4.0
365,3.3
2103,3.4
20143,4.6
689,4.8
18221,4.7
26906,4.7
19259,4.7
9732,3.1
5710,3.0
16034,3.8
20884,4.3
15228,3.5
1093,3.0
18965,3.6
6718,5.0
29759,4.7
15899,3.8
16544,4.0
203,4.6
22867,4.3
20324,4.8
26801,3.4
28391,3.0
4933,4.0
10006,4.0
24031,4.5
29941,4.1
1230,3.3
15796,3.7
19430,4.8
7957,4.7
19299,3.8
29771,4.3
26764,3.2
25525,3.2
4251,3.4
22495,3.8
15020,3.2
13440,4.3
22588,4.7
12226,2.0
19109,4.1
20674,4.3
4334,4.2
10744,3.8
29258,3.7
16767,4.0
13680,3.8
7485,5.0
12945,4.7
4886,4.3
857,4.3
16754,3.0
6539,3.4
18945,3.8
20185,3.7
21839,4.6
24715,4.7
12682,3.3
10539,4.8
8841,4.4
6859,3.5
10973,4.5
24772,4.8
10625,3.5
954,3.1
7404,3.5
5944,4.3
16999,3.0
18959,3.5
53,3.6
6410,3.2
19724,3.9
3516,4.7
19275,4.3
23465,3.6
20029,3.9
22260,4.5
11748,4.6
489,3.4
13145,4.8
15935,4.0
18196,5.0
27039,3.6
17374,3.6
29476,4.9
25534,3.0
11705,4.8
2972,3.5
27681,4.1
2942,4.7
3163,3.6
21062,5.0
2618,4.6
19996,3.3
8235,3.4
24255,3.1
21714,3.5
11618,3.4
20176,3.5
11763,4.5
11577,4.9
2854,4.7
3439,4.7
1892,3.2
29466,4.8
28990,4.3
21639,3.5
15768,4.7
21551,4.3
13006,3.4
11767,3.9
22844,4.7
17889,4.4
23675,4.0
670,4.7
29141,3.5
15240,4.0
14896,3.0
9471,3.9
26159,4.3
897,4.0
3306,3.0
8026,3.0
22623,3.0
10858,3.7
2890,3.2
22387,3.3
24123,3.0
26219,4.7
14394,3.8
26855,3.6
25554,4.7
8397,3.1
14005,4.0
16386,3.8
14162,3.9
11996,3.7
634,3.0
12508,4.0
22463,3.0
16915,4.3
27879,3.0
27928,3.2
6476,3.0
15169,4.5
4177,3.3
27637,4.9
29561,4.8
11064,4.6
19790,3.3
10531,3.3
5991,3.4
22712,3.3
25487,3.6
18949,3.2
2581,3.4
27414,3.5
11999,4.1
8385,3.6
18991,4.5
10674,3.9
23185,2.0
9447,4.6
2104,4.7
28945,3.1
25825,3.3
3764,4.4
4234,3.8
4994,3.5
25971,4.1
5057,5.0
17042,3.6
4434,4.2
11676,3.3
717,3.3
3816,3.0
6773,3.8
11186,3.8
10738,3.4
14671,3.2
9813,4.7
29139,4.2
23644,3.9
20288,2.0
28322,4.9
9288,4.7
6811,3.8
3893,3.8
9359,3.7
15129,3.8
10655,3.6
3700,4.6
7374,4.4
18172,4.6
6314,3.4
12816,3.0
3645,3.0
18160,4.3
192,3.0
13414,3.0
816,3.3
28839,4.3
15810,3.6
21772,4.3
6160,3.6
15641,3.0
21335,4.7
19071,4.6
4390,4.2
11164,4.3
4927,5.0
5552,4.5
10799,3.0
26534,3.0
238,4.3
12207,5.0
28898,4.4
11169,3.8
25120,3.1
23285,3.9
4236,3.4
5618,3.1
25531,3.4
8640,3.1
5097,4.7
22702,3.1
14665,4.9
2242,3.4
24927,4.9
3552,4.5
19389,3.4
19744,4.5
28423,4.3
8328,4.0
5628,3.4
10602,4.3
24135,4.9
22167,3.8
4507,3.6
27597,4.7
12174,5.0
14453,4.5
16530,4.3
15093,3.0
27455,4.4
2294,4.1
23562,4.0
11803,4.1
29758,4.1
27582,3.8
14318,3.4
25452,3.8
21113,3.0
28108,4.8
8690,4.1
7081,4.3
4733,3.0
8912,4.7
20768,3.4
13045,3.4
24845,4.3
28740,3.1
11281,4.5
14955,3.8
28743,4.9
20929,3.0
16980,4.2
28624,4.7
11510,3.5
5520,3.6
21548,3.6
28703,4.7
18031,3.8
11821,5.0
23199,3.0
2700,3.8
1700,4.0
13596,4.6
19157,4.6
6968,4.0
27886,3.4
16322,3.2
24527,4.4
6219,4.6
25419,4.2
86,3.4
27173,3.5
27144,3.6
23590,4.9
18978,4.0
15346,3.3
17413,4.0
136,4.7
6972,3.8
23408,3.0
11087,4.4
19238,4.9
15721,4.7
1200,3.2
6121,5.0
15748,3.4
12127,4.2
26355,3.0
14125,3.4
13622,4.3
6296,3.8
3927,3.8
14387,4.8
28211,4.0
3606,4.5
21225,4.1
2330,4.5
11707,3.8
2187,4.0
195,3.0
12356,3.1
21443,4.7
17186,3.1
15954,3.6
14638,3.2
2668,3.0
16625,4.2
18452,4.0
15195,3.8
2761,3.0
2032,5.0
17028,3.3
5103,3.1
13652,4.2
1637,3.8
23936,3.5
8312,4.5
11173,4.0
27817,4.8
3074,3.7
7296,5.0
3278,3.0
8003,3.5
21354,3.2
25311,4.7
8326,3.0
23299,3.5
13516,4.7
7352,3.9
13450,3.6
10751,4.9
7829,4.7
16446,3.6
26722,3.8
7697,4.8
14427,4.3
5668,4.7
25548,3.3
10659,3.6
17063,3.9
18425,3.0
8933,4.0
5307,4.9
25873,3.5
20025,4.5
27091,3.0
19642,4.8
12855,3.0
18257,3.2
21128,4.4
19296,4.1
11035,4.1
20411,3.1
5488,3.8
16678,4.0
8024,3.7
24170,3.4
10748,3.4
28873,3.4
23248,4.0
16873,3.8
690,3.5
12013,4.8
16986,4.0
10103,3.8
1014,4.4
869,3.7
1993,2.0
10626,3.0
11949,4.6
14839,4.5
14924,4.4
10558,3.5
7610,3.9
5283,4.4
4370,3.0
1361,3.4
17910,4.0
1629,4.8
12625,3.4
1551,3.4
20810,4.4
29535,3.8
17721,3.5
20285,3.2
21425,3.3
8252,3.9
10442,4.8
14631,4.3
25667,4.5
5039,4.0
18730,3.5
28929,4.6
21869,3.1
28273,4.8
5694,4.2
5119,4.7
21550,4.1
1134,4.6
24726,4.2
10996,3.6
10278,3.8
10451,4.9
4017,4.3
10409,4.0
2424,3.0
4138,3.2
12048,4.9
859,4.9
2962,4.1
24473,3.0
24648,4.3
2426,3.3
27819,3.0
27655,3.4
17748,4.5
7674,3.4
18163,3.6
19874,4.1
28707,3.3
18485,4.3
18202,4.0
16753,3.5
4937,4.3
10896,3.4
5285,3.8
8367,3.9
24351,4.0
23455,4.6
12905,3.4
2093,4.3
27573,3.7
11336,3.8
11683,3.3
7817,4.3
1920,3.7
82,5.0
23715,5.0
23688,3.3
17200,3.1
13318,3.8
26437,3.5
4396,2.0
8475,3.6
22508,3.1
20504,3.3
18845,4.3
1813,4.7
1271,4.8
15226,3.1
2994,4.7
28464,4.3
15674,3.1
15438,3.5
22793,4.4
27548,4.0
26438,4.8
2642,4.4
9280,3.0
26632,3.0
18689,3.4
28399,4.3
21562,4.7
4195,4.3
13032,4.3
23903,4.6
12768,4.2
12360,3.0
3849,3.4
29772,3.1
29193,4.5
16194,4.5
15253,3.8
19233,3.6
16193,4.4
3554,4.1
18579,4.3
13237,4.4
2600,3.0
25871,3.2
22547,4.7
1518,3.8
25189,3.8
4117,3.3
22693,5.0
10825,3.0
5755,4.3
5633,4.1
8399,4.3
28651,4.5
28958,4.7
13065,4.3
7162,4.3
22192,4.3
20186,3.3
14256,3.4
11737,3.0
15441,4.9
1988,3.8
7737,4.7
16901,3.0
10561,3.8
22544,4.8
201,4.9
28610,4.6
22077,5.0
22745,3.3
20840,3.5
19145,4.5
15166,4.4
22865,3.2
22295,3.8
23580,3.2
22931,3.2
4855,4.3
24028,3.9
28260,4.8
29532,5.0
22742,4.0
9741,4.1
12502,3.8
15950,3.0
18822,3.0
3765,4.6
26002,4.5
13452,3.0
6432,4.9
7846,4.3
25331,3.8
12253,4.0
28440,3.8
22724,3.5
21205,4.3
16402,3.8
19944,3.8
20335,3.4
16433,4.4
29849,5.0
887,4.6
6261,4.4
23620,4.1
6989,4.7
6043,4.0
10808,3.0
19552,3.4
19333,4.0
1424,3.8
16523,3.8
15924,3.1
19581,4.6
21515,4.9
112,3.0
8160,4.6
27968,3.7
16199,3.0
4559,3.5
20979,4.5
28726,3.1
11442,3.6
21074,4.3
11254,5.0
24335,3.6
26799,4.2
8566,3.6
16311,4.1
19661,4.7
10758,3.0
20452,4.6
20792,3.7
17266,5.0
19477,3.8
16835,3.5
23646,3.1
3731,3.8
23640,3.8
28406,3.0
4986,3.8
20047,3.7
2763,4.7
13794,4.8
27398,3.0
1855,4.6
15599,3.8
12812,4.8
999,3.8
389,3.3
11599,4.5
6426,3.1
17860,3.8
18624,3.0
10578,3.3
28698,4.3
8112,4.2
17376,3.1
23416,4.5
4997,4.1
20306,3.0
19356,3.4
23255,4.7
14211,4.3
28758,4.1
4796,4.8
4769,3.9
17677,5.0
11065,3.2
4173,4.0
18919,4.4
28686,4.7
1907,3.0
24618,4.5
4946,3.4
8560,3.2
6033,3.1
7619,3.0
1151,3.8
17951,2.0
19555,4.7
27305,3.8
9689,4.0
7106,3.8
28227,4.3
20544,4.0
4287,3.5
2230,3.4
174,4.8
18287,3.0
8752,3.4
24126,3.0
3408,4.7
1538,3.8
2292,3.6
9523,4.7
1363,4.3
4357,3.8
21644,4.3
18504,4.0
18908,4.2
680,3.0
13050,4.7
26699,4.5
3664,4.6
18045,4.9
508,3.8
166,4.8
13689,4.3
27314,4.8
29144,3.8
23749,3.8
1914,4.3
7263,4.3
29462,5.0
29625,4.3
23745,3.7
10728,3.1
1104,5.0
12067,3.0
2610,4.3
9944,4.0
5310,4.7
26086,3.0
11108,3.0
11156,4.3
22138,3.5
152,4.3
13422,3.5
26759,3.4
22063,3.0
2832,5.0
29841,4.1
25220,3.8
3551,4.7
20106,4.6
26139,3.2
27752,4.3
12541,3.0
4538,4.2
14367,4.1
27229,4.7
10014,4.7
12278,3.5
29927,4.9
24847,3.1
15088,3.5
18375,3.0
28502,3.0
24885,4.8
5141,3.0
11814,4.0
20195,3.8
28011,5.0
3450,3.7
20975,4.9
23736,4.7
16589,3.8
23064,4.3
13156,4.1
2749,4.7
24881,4.0
18233,4.5
28587,4.8
19624,3.6
12707,3.3
20466,4.6
19493,3.9
13131,3.2
12251,3.0
10179,5.0
22318,3.0
28451,3.8
5810,4.3
24959,2.0
5634,3.0
20691,3.1
11580,3.7
19540,1.0
13926,4.8
22918,3.5
28702,3.5
1380,3.8
27888,4.3
14901,4.5
3832,3.3
28022,3.7
4776,4.8
24381,3.4
4276,3.5
29623,3.6
4958,4.6
29398,4.5
26377,4.3
16662,3.3
23155,4.8
7415,4.7
3252,4.7
25371,4.5
29101,3.8
16673,3.3
19459,3.6
27067,3.6
26653,4.0
25521,4.6
14300,3.4
15523,4.5
14270,3.8
12327,3.5
11546,3.4
15639,4.3
15042,4.7
14208,4.2
2468,3.5
29164,4.2
16654,3.5
20954,3.4
11757,4.9
13869,4.1
16998,3.1
9583,3.3
6696,4.8
20700,4.9
3180,4.3
15089,3.4
17806,3.6
8275,5.0
9065,3.4
11030,3.6
27999,4.1
4557,3.8
7812,3.1
12839,3.1
6297,3.8
29778,3.8
25697,3.8
14534,3.5
29543,3.9
1132,4.0
10642,3.5
10521,3.0
22626,3.7
27195,3.0
28737,2.0
2871,3.0
23807,3.8
12996,3.6
19164,3.2
1772,3.8
10593,4.3
21904,4.5
1913,3.8
14212,4.1
25992,3.5
9256,4.2
20170,4.9
12602,3.6
27479,3.2
14188,4.6
24729,5.0
15417,4.6
18545,4.3
19392,4.7
1105,3.4
25788,1.0
17076,3.6
26578,3.5
4956,4.0
8307,3.8
29898,3.5
20753,3.1
19149,3.3
20313,3.9
26233,3.8
3696,3.0
7778,3.5
25515,3.5
628,3.6
2451,4.1
25362,3.9
20208,3.0
28447,4.9
29940,3.0
20127,4.8
2176,4.7
23073,4.1
19702,3.2
25577,5.0
23816,3.9
2787,4.7
12297,4.4
1196,3.2
18060,4.1
20331,4.5
7618,3.8
4444,3.1
11128,4.8
15514,4.0
5722,4.3
26511,4.5
10695,4.3
27640,4.6
18753,3.2
4967,4.3
18601,3.7
24532,4.9
10410,3.7
19710,4.8
4009,3.1
15515,3.4
3583,3.7
29667,3.3
18020,4.3
20003,4.0
22601,3.1
18852,4.3
12424,4.7
8277,3.6
22620,4.6
22357,3.6
3667,4.5
12474,3.1
21542,3.5
23978,3.4
23360,3.4
12782,4.6
10211,3.0
3423,3.0
10717,3.5
8199,4.7
18793,3.4
19596,4.6
27775,4.6
5366,3.9
17313,4.0
22977,5.0
2895,4.7
24820,4.4
14122,3.8
1296,3.0
3642,4.9
25770,4.0
27488,4.2
29536,4.2
29251,4.6
8548,3.4
21642,4.3
5451,3.0
23544,4.8
10685,3.1
15449,3.0
7866,3.3
19127,4.8
12867,3.7
14607,3.6
9797,4.9
11755,4.7
13979,4.5
21342,3.9
9738,4.7
14385,3.5
6474,3.0
24272,4.0
8811,3.0
492,4.6
11691,4.3
26851,4.0
1116,3.2
5637,3.6
5085,3.6
1757,3.6
11486,5.0
28080,4.9
28555,4.9
6353,4.5
22973,3.5
28595,2.0
29845,4.0
23941,3.5
29972,3.5
21625,4.5
3644,3.8
19167,4.7
14350,3.5
12001,3.8
25756,4.8
11185,3.6
1696,3.4
22069,3.1
2295,4.4
14794,4.3
14696,4.3
5939,4.7
24147,4.3
28461,4.7
9968,4.2
11033,4.8
3313,4.8
21165,3.5
14824,3.9
24734,3.5
25913,3.0
9784,3.5
9915,4.2
23989,4.0
215,4.3
23091,3.3
1072,4.2
8682,3.6
28690,4.0
19867,4.7
7006,3.5
21486,4.3
13379,4.1
22983,4.8
20148,3.4
8652,4.0
22794,3.0
26134,3.8
13705,3.5
15384,4.3
25,4.7
29115,4.6
10601,5.0
7659,4.5
13401,3.6
5690,4.7
9744,4.9
28803,4.3
27875,4.5
23067,4.3
12721,3.0
9171,4.3
10847,4.3
11908,4.8
630,4.3
24968,3.4
21607,3.0
27961,4.7
8707,4.5
26321,3.2
6614,3.6
5243,5.0
1102,5.0
19660,4.0
21729,3.0
2204,3.6
29676,3.0
24770,3.0
12903,4.9
25219,3.0
11477,4.3
11308,3.0
13767,3.9
15064,4.1
12512,3.4
25584,3.4
29987,3.0
18591,4.7
20936,4.0
20786,4.6
23779,3.9
20102,4.0
17356,3.4
20963,3.1
22900,3.5
14890,3.4
719,3.4
13839,4.3
6155,3.9
20093,4.3
19187,5.0
18950,3.5
4025,5.0
22582,4.4
8224,4.3
17908,3.6
20447,3.6
15493,4.3
19176,4.2
16093,4.0
18606,3.2
5818,4.7
11956,4.0
3866,4.6
25536,4.7
2745,4.4
11867,4.6
10343,4.5
26182,4.9
11950,3.7
27103,4.3
19611,3.0
4214,3.2
20307,3.6
12096,3.0
15193,4.7
19643,4.9
1401,4.3
25315,4.9
12828,4.5
24087,4.3
21363,4.3
3253,3.3
27893,4.6
19045,4.0
2158,3.1
8578,4.8
24472,5.0
17058,3.8
26188,4.9
7011,5.0
25734,3.0
10197,3.1
3841,4.2
18199,3.0
19557,4.7
20132,4.9
11849,3.0
2100,4.7
28184,3.8
23092,4.5
1673,3.1
10293,4.7
4213,3.2
7480,3.9
17932,3.0
14562,3.9
25524,3.2
11515,4.1
8547,3.4
21568,3.7
17845,3.5
14823,4.4
16923,3.8
19604,4.7
16363,4.5
22853,3.9
23554,3.7
14609,3.8
23814,4.7
29310,3.8
18135,3.5
20360,3.8
24737,4.6
18156,2.0
9388,3.8
10070,4.6
10860,4.1
18400,3.5
2005,3.4
20277,4.0
19621,3.0
20808,3.5
15887,2.0
15233,3.0
13411,4.4
24972,3.0
2257,4.3
26140,4.9
20456,3.0
5574,3.5
9083,3.5
29262,3.6
5355,3.6
24802,3.1
6093,4.0
7935,4.8
27017,4.7
1519,3.5
28973,4.0
1378,3.9
22056,3.0
18971,4.3
15206,3.8
21807,4.5
22005,4.5
26687,3.2
13200,3.6
28787,4.9
5842,3.0
7122,3.7
16211,3.8
12820,4.3
5832,3.8
9821,4.6
21272,3.0
12718,3.0
22288,3.1
522,3.4
24427,4.8
19991,4.8
25504,3.1
15372,4.8
234,4.0
12180,4.4
20180,3.8
6318,3.5
23478,3.0
11992,3.4
27765,3.6
1948,3.8
6361,3.4
29102,4.4
27722,4.0
11684,4.3
22475,3.4
15927,4.8
28619,3.0
2224,3.0
28551,4.1
25394,4.6
15246,3.9
16209,3.4
5571,3.1
4523,3.4
5793,3.8
20616,3.9
5738,3.5
19008,4.3
4728,3.4
7818,4.7
8859,3.4
29878,4.3
22335,4.7
25464,4.2
15275,4.6
25896,4.8
2437,3.2
22440,4.8
14087,3.3
25393,3.5
22736,4.3
11989,3.0
3167,3.1
18193,3.9
27011,3.5
23545,3.3
21470,3.3
13752,4.5
24142,4.8
15920,3.5
14027,4.1
7016,4.0
13386,3.0
15998,3.0
12641,4.0
26516,3.0
4945,3.4
15649,3.0
12237,4.3
6046,3.6
9227,4.7
5585,3.0
23303,4.3
5590,3.8
23610,4.5
1228,4.7
18691,2.0
23230,3.6
13341,4.5
13333,3.5
14743,3.0
8244,3.8
26413,4.8
16237,4.1
6555,3.0
15373,4.8
12145,3.2
159,4.4
25235,3.8
1589,5.0
29763,3.6
24035,4.2
15369,4.8
29204,3.4
5565,4.0
23071,4.3
7190,4.5
26052,4.7
10576,3.4
15061,3.9
23864,4.4
13364,3.5
28892,3.8
1556,3.6
2828,4.3
436,4.7
22173,4.5
15592,3.3
29489,3.3
17972,4.3
23782,4.7
2780,4.1
3701,3.4
5686,3.4
20349,4.7
4727,3.0
25549,2.0
17622,3.8
2951,4.0
25652,4.6
2555,3.8
10350,4.1
25723,2.0
17881,3.6
12737,3.6
6465,4.6
7355,3.5
15717,4.9
7823,4.2
23931,4.8
24297,4.3
12449,4.9
27778,4.7
15271,3.7
5185,3.7
22031,4.0
8549,4.7
5242,4.7
18514,4.8
2092,3.0
21793,3.8
10207,4.3
11948,5.0
187,3.0
25987,5.0
24322,3.9
20039,3.2
19810,5.0
26293,4.3
1381,3.0
26537,4.7
8605,4.7
23811,3.6
15743,4.2
21421,4.0
21281,3.8
11528,3.8
19559,3.3
15038,4.0
27697,4.1
26824,4.0
8448,4.3
11390,3.0
29852,3.0
7295,5.0
18619,3.1
8068,4.3
12935,4.7
9959,3.0
20620,4.3
25859,3.9
26267,4.8
9764,3.5
24,3.8
3363,4.6
1088,3.4
12866,3.4
10886,4.0
25117,4.3
11590,4.7
28722,4.6
19225,3.5
10503,3.6
23921,3.8
12306,3.5
23854,4.3
28979,3.8
20536,3.0
17079,4.7
15906,3.8
29086,3.1
11944,4.6
6337,4.2
17611,3.4
18383,3.1
276,4.7
12413,3.4
22313,4.0
19337,3.0
20021,3.4
3906,4.3
21162,4.8
5845,3.0
29548,4.7
20501,4.5
1137,4.7
19151,4.3
24566,4.7
18108,3.2
24045,4.0
25518,4.7
13324,4.1
23364,4.6
2490,3.8
21826,3.0
16165,2.0
7742,4.2
14482,4.3
13127,4.4
3935,4.9
15072,5.0
2384,4.5
8016,3.7
7084,4.1
16499,4.7
1863,4.5
15688,3.7
19503,3.7
20642,3.5
364,4.9
9094,3.0
19203,4.2
26221,3.7
27676,4.6
18354,3.5
21083,3.1
3802,4.3
15309,4.9
22452,4.6
3536,3.3
3825,4.3
6642,3.0
27917,3.0
12991,4.9
18330,4.4
20878,4.6
26235,3.6
13527,4.3
24509,3.6
7269,3.0
26530,4.3
7929,4.0
12982,5.0
7166,4.7
12869,3.5
23347,3.8
5867,3.7
4761,4.4
882,3.0
13893,3.1
28094,3.5
557,4.0
1960,4.8
13331,4.3
1207,3.7
25552,4.8
7684,4.2
16859,3.1
22922,4.8
12021,4.2
10485,4.3
19595,4.0
3630,3.8
1708,3.8
24842,3.0
1140,4.8
19546,3.6
6207,4.2
27536,3.5
20114,4.3
26396,4.0
2660,3.0
25232,4.9
14852,3.8
1307,3.1
18951,3.2
16212,3.9
25574,4.8
12452,3.0
19218,3.1
6905,3.4
11927,3.1
14072,3.4
9429,4.3
2151,3.0
24401,4.3
20219,3.5
29544,5.0
22800,4.2
27203,4.5
13283,4.0
25710,2.0
5004,3.2
23010,3.7
15996,4.1
1627,3.8
19840,4.7
9714,4.3
21315,4.7
358,4.0
138,3.4
8491,3.0
16766,4.9
11181,3.1
340,3.5
4857,4.1
28942,3.8
17823,3.1
9569,4.3
13865,4.8
17330,3.8
10582,3.2
5498,3.4
21300,4.7
8556,4.1
10913,4.8
1932,3.7
2352,3.4
15848,4.5
3236,3.0
12355,3.2
9493,3.2
27296,3.0
3807,4.7
1936,3.0
5619,3.5
14973,4.7
20538,2.0
25372,4.3
18800,4.2
26269,3.8
6139,4.7
785,3.4
23173,4.9
8036,4.6
8315,4.8
29194,3.3
22052,4.5
18556,4.6
2169,4.0
23012,4.5
20393,3.4
20724,3.8
17294,3.6
22652,4.5
14138,3.6
18693,3.6
11826,3.1
25833,4.9
16346,4.7
6591,3.0
4458,3.3
14325,3.8
7597,3.4
9370,4.9
26330,3.0
29002,3.8
4652,3.0
22602,4.4
442,3.0
19799,4.7
9591,3.4
28077,3.5
26286,3.6
9649,3.6
26587,4.8
5744,4.5
15747,4.0
17438,4.2
15845,5.0
20083,3.6
11951,3.8
929,3.4
28895,4.3
22852,4.3
8767,3.8
18213,3.5
11120,4.0
14730,4.2
11738,3.0
13790,4.7
28628,4.3
21930,3.7
27080,3.5
2011,3.0
17297,4.0
7611,3.4
19657,4.6
16028,3.8
26356,3.7
29680,3.6
18990,3.4
21312,3.8
6564,4.0
27845,3.6
16390,4.0
11172,4.4
7835,4.7
22967,3.1
3361,3.4
12966,3.0
10135,3.5
29033,4.2
18019,4.8
1141,4.5
27858,4.2
28048,4.9
15007,4.3
15434,4.0
16743,3.8
18454,4.7
3134,4.3
21544,4.7
6990,5.0
19627,3.2
27290,3.1
18626,3.1
17858,3.4
1823,3.3
10081,3.3
3259,3.0
10213,4.5
4020,4.1
28217,4.3
24950,4.5
3500,3.9
2658,4.2
22947,3.5
17514,4.4
13749,3.0
10516,4.7
1819,4.7
7461,4.2
5624,4.3
17815,4.1
27320,4.5
7064,3.2
20702,3.4
9342,4.0
12336,4.3
4669,3.8
9428,3.9
5476,3.5
29755,4.6
28123,3.8
15670,4.0
1856,4.5
2282,3.3
28002,4.0
20392,3.6
13392,4.4
22785,4.8
6439,2.0
6031,3.9
386,4.0
1628,4.7
11777,3.4
27816,5.0
28987,4.2
13851,4.2
7718,3.0
7544,3.9
11381,4.8
4658,3.1
12497,3.7
9101,2.0
10058,3.5
1842,3.0
18881,4.0
16585,3.3
28434,4.5
3868,3.5
5054,3.8
5889,3.9
14376,3.7
19086,3.9
24306,3.8
28529,4.4
16715,3.8
3808,4.7
27111,3.8
935,4.3
10651,4.8
1774,3.8
26650,4.3
24995,4.3
3744,3.5
17373,4.8
5443,4.3
27396,3.0
13969,3.9
23377,3.8
1875,3.6
22190,4.3
3760,3.1
28010,4.5
22958,4.3
3052,3.5
20125,5.0
13654,4.1
24749,3.0
13146,3.1
28035,4.9
4615,4.6
15812,4.2
3321,4.3
27210,4.3
22630,4.0
22432,4.9
3311,4.6
26491,4.3
29957,4.4
29531,4.3
29070,4.7
12743,4.7
12871,3.9
11595,4.0
8210,4.5
11431,3.0
20012,4.6
20013,3.0
17740,3.2
21386,3.7
16018,3.5
1517,3.9
28520,3.1
22207,4.8
4492,4.5
22054,4.6
3112,3.0
16566,4.3
16294,4.2
11834,3.5
2866,4.2
855,3.4
27555,3.0
4912,4.9
13860,4.7
5463,4.8
18184,3.8
22760,3.6
5482,3.5
12605,3.3
27394,4.2
18352,3.3
3828,4.0
27092,4.2
4697,4.3
15200,4.7
4987,4.5
4650,4.9
17543,2.0
25789,3.8
26423,4.0
17709,3.5
10288,3.0
21477,4.0
21180,4.7
6796,3.8
5808,4.3
29805,3.4
17839,3.4
5410,4.1
8333,4.3
2800,3.0
9836,3.7
10332,4.7
12728,3.3
24000,3.0
28403,4.2
13778,4.0
7815,3.0
4378,4.7
8921,4.9
21259,3.7
6716,4.6
20120,3.5
2261,4.8
7429,4.2
20389,4.0
9302,4.8
28446,3.5
11190,4.3
18778,3.3
17569,4.3
2007,4.2
193,4.0
13803,4.5
28327,3.4
8770,4.9
16300,3.2
21909,3.3
771,4.5
10587,3.4
17862,3.5
18230,3.9
12466,4.8
20124,3.8
26848,3.5
24370,3.0
14868,4.5
14567,4.0
16789,3.8
29309,3.4
29564,2.0
10088,3.8
16910,4.3
6317,4.3
11851,3.5
6581,4.4
1447,3.0
342,4.2
23852,3.6
13319,3.1
11328,4.3
17111,5.0
20961,3.8
9168,3.3
25634,3.4
28537,4.7
19900,3.8
7368,4.7
2044,4.3
7156,3.6
16288,4.0
7851,4.6
10178,4.7
12132,4.5
25875,3.6
13615,3.0
17732,3.0
17044,3.1
1492,3.7
778,4.7
21538,3.5
9885,4.9
18863,3.6
9277,4.9
2524,3.8
23567,4.3
21174,4.7
5374,3.3
19582,4.7
22101,4.8
26206,3.8
28638,3.8
16232,3.7
14849,3.0
17371,4.4
8259,4.2
26920,4.8
40,4.7
11240,4.4
18146,4.8
27404,4.1
14424,3.8
11639,3.6
6816,4.2
26325,4.0
27113,4.3
10704,3.4
19107,4.5
14140,3.8
1460,4.1
27797,4.5
25719,3.8
4493,3.7
23539,4.5
26318,2.0
13074,3.0
17915,3.5
13686,3.7
13947,4.1
11002,4.0
15432,5.0
7230,3.0
15686,4.0
10412,4.9
5075,4.7
24264,3.6
21778,4.6
9641,4.8
27763,3.3
27591,4.4
24173,4.7
29012,4.0
4088,3.5
18351,4.3
21141,4.0
28174,4.4
14949,4.2
4249,4.0
23383,3.5
16807,3.0
28903,4.4
10096,3.0
29257,3.5
22010,3.9
12109,4.4
6142,3.6
5661,3.8
13970,1.0
15037,4.6
9031,4.7
20980,4.7
2659,3.2
141,3.6
2597,3.1
6701,4.2
15223,4.9
17761,3.8
20058,3.1
26042,3.4
29846,3.0
22746,3.7
7418,4.0
21125,3.0
17522,3.4
10449,4.2
23758,4.5
18171,5.0
12130,3.6
26905,3.4
21030,4.7
23952,4.6
16843,4.9
22499,3.0
16013,3.5
8179,4.0
11565,3.8
17332,5.0
9528,3.0
6370,4.4
4628,4.1
23742,4.3
14478,4.0
22309,3.0
22424,5.0
441,4.3
23043,4.6
9794,3.0
25215,3.4
9046,4.3
3830,4.2
29095,3.5
22528,3.2
28566,3.6
6344,3.6
28324,3.6
1958,5.0
25646,4.3
155,4.0
10487,4.3
27711,4.4
4578,4.3
1089,3.4
22433,3.6
28725,4.6
12576,3.7
9122,4.8
7950,4.7
11101,3.2
18058,2.0
23147,4.5
27469,3.5
6416,4.0
16021,4.5
9087,4.5
11439,4.1
18710,3.2
7096,4.7
1098,3.6
5433,3.9
13230,3.5
6450,4.8
12328,3.8
10785,3.0
18099,3.8
26274,4.0
25556,4.0
24765,3.9
25817,3.8
20215,4.7
22683,3.1
3348,4.7
4079,3.8
9177,4.3
29024,4.5
587,3.0
9346,4.0
13269,4.7
13537,4.1
27877,5.0
10964,4.5
29284,3.8
13675,3.5
19374,3.6
21953,4.4
26697,3.8
16299,4.3
645,3.8
11749,3.4
9587,3.2
16648,4.7
11739,3.8
15036,3.5
226,3.8
23172,4.8
27700,3.8
3864,3.0
10592,3.9
22658,3.9
27973,3.5
29705,3.0
16154,3.0
20095,3.0
8438,4.3
26170,4.0
1529,3.4
27188,4.0
923,5.0
26612,4.3
23713,4.8
20748,3.0
17053,4.7
19988,3.4
21492,4.6
10102,4.8
28492,5.0
21632,3.1
7183,4.0
12150,4.7
28373,4.4
2591,4.5
5906,4.6
26357,4.9
22893,4.7
11205,4.6
7133,4.7
2307,3.9
25188,3.9
20074,3.9
17071,4.8
14203,3.0
612,4.1
23551,3.5
21494,4.0
19584,4.3
11168,4.6
6629,4.3
4135,4.2
1898,3.9
13937,5.0
282,4.7
258,3.2
11116,3.1
29143,3.2
4943,3.4
19206,3.9
14721,4.2
11531,3.2
19909,4.5
6971,3.1
14889,3.0
13521,3.4
5223,4.8
2285,3.8
22447,3.8
8078,4.0
21038,4.7
21384,3.6
6710,4.2
28993,4.3
25060,3.0
10403,4.9
21800,4.3
475,4.1
18939,3.6
24471,3.0
16391,4.3
6411,3.1
2551,4.6
6852,3.1
5546,3.7
13489,3.8
18810,3.1
23128,4.0
26390,3.0
27040,3.6
29449,4.9
18658,3.1
9203,3.0
17961,4.8
23648,4.7
25643,4.3
10183,4.8
20354,2.0
13565,3.1
22263,4.8
16280,4.6
27539,3.5
21360,3.0
7193,4.7
20251,3.8
18489,4.8
6823,4.8
23932,4.3
29120,4.3
781,4.0
14939,3.6
18133,3.5
10983,3.0
6519,3.2
5774,3.2
13171,4.6
9283,5.0
9369,4.5
28723,4.5
18708,3.1
10271,4.5
5055,3.2
10800,3.4
28507,4.5
1727,3.8
16994,3.2
16009,3.8
4666,4.3
21797,4.4
24487,4.0
24558,4.9
8535,3.4
3750,3.3
12924,4.6
12722,3.3
11407,3.3
97,5.0
23369,3.0
3137,3.1
13368,4.3
14357,5.0
17921,4.0
13140,3.9
15177,3.9
3648,3.6
10849,3.5
26852,4.9
17901,4.3
1633,4.9
21008,3.5
12464,3.4
11861,4.4
22950,4.3
29606,3.9
18474,4.2
23481,4.6
6171,4.6
7521,3.5
572,3.4
9879,3.1
28598,3.4
19446,4.3
597,4.9
15352,3.5
23017,4.1
29147,3.4
24259,4.2
7345,4.7
6304,4.3
26904,5.0
29167,3.7
16376,4.5
27128,3.8
22360,2.0
24946,4.4
18322,3.6
24484,4.3
1753,3.0
20054,3.4
28531,4.8
18745,3.6
20644,4.3
5432,3.5
22669,4.3
13183,4.0
26655,4.2
29202,3.0
11929,3.8
26584,3.9
27770,3.5
9135,4.0
28165,3.6
21975,4.4
1171,3.8
15562,3.8
7927,3.0
28897,4.3
28362,3.6
25998,3.8
29334,4.6
26998,4.5
14531,4.1
15892,4.8
28736,4.1
17258,3.2
18681,5.0
28957,4.4
2643,3.7
26295,4.5
5347,4.3
9032,3.2
22059,4.0
16965,3.0
204,4.7
7896,3.6
9833,4.2
2014,4.0
17289,3.3
17015,3.5
8461,3.5
19675,4.7
1974,4.9
162,4.0
4998,3.0
27248,3.5
9557,4.5
4713,4.5
9067,3.0
1431,3.8
15261,4.7
23252,3.4
12835,3.9
13975,3.6
28696,3.3
7710,4.8
7736,3.6
4283,4.1
7531,3.9
14139,3.8
17069,3.5
13493,4.8
10053,4.4
10851,3.4
3384,4.5
2839,3.7
27055,3.0
27395,4.3
23846,4.3
15078,4.3
19715,4.3
26201,3.8
15941,4.2
10595,4.4
22788,4.0
25279,4.9
15433,3.6
2096,4.1
10195,4.5
27502,4.7
7999,4.8
27916,3.2
5017,4.1
25122,3.1
17833,4.8
23284,4.9
18994,4.8
18284,3.8
24570,4.7
20304,4.7
2757,4.1
6397,3.8
10077,4.8
13930,3.6
27954,3.6
14082,4.0
2097,3.0
8329,3.9
25075,3.8
22008,4.3
9028,3.0
3471,4.0
12889,4.6
14472,3.1
16230,3.1
24650,4.3
18555,3.7
18509,4.5
1733,3.8
24974,4.8
18394,4.8
29688,4.2
1283,4.7
12485,3.8
12448,5.0
10028,3.3
21621,3.9
1019,3.3
16184,4.6
27651,4.8
9518,4.7
25051,3.5
19194,3.2
17520,3.0
1651,4.7
830,4.7
1169,3.0
10720,3.4
25782,4.9
6256,3.5
5469,4.2
16044,3.4
28059,3.6
10258,3.7
16063,3.0
17251,3.8
11166,5.0
29131,4.5
5093,3.9
21817,4.8
541,3.8
9324,4.0
17047,4.3
12693,4.4
22738,5.0
29007,4.9
3390,3.0
12080,4.0
11154,4.3
14226,3.2
16977,4.0
16029,3.5
29904,4.0
10775,3.0
11005,3.8
3959,4.1
6643,3.0
23225,4.4
20815,3.7
16100,3.6
16087,3.5
3586,3.0
26975,4.7
2563,3.4
10822,4.1
26696,3.5
5036,3.3
1080,4.8
5891,4.3
26661,4.7
14537,3.8
21350,4.8
2023,4.8
13109,3.2
29876,3.5
7909,4.1
28047,4.3
23705,3.5
16610,3.4
1013,4.8
14871,4.2
18313,3.8
9235,3.2
5251,3.6
9596,3.9
2179,3.4
17081,3.0
17508,4.5
23762,3.5
12087,3.6
21573,4.5
5110,3.8
24286,3.8
1778,3.4
26815,4.2
19018,4.6
15379,3.7
23928,4.8
7604,3.5
19873,3.5
13944,3.0
17421,4.9
27130,3.0
29912,4.0
24889,4.6
19033,3.2
10473,3.5
14933,5.0
19363,3.5
18931,4.3
5132,3.2
2159,4.9
11329,3.0
25498,4.5
14042,3.8
14566,3.1
6445,3.3
3967,4.1
1428,3.9
3081,3.0
2520,3.5
11754,3.6
24417,4.8
10047,4.6
27897,4.2
27118,4.1
6019,4.8
16832,3.0
16898,4.3
25860,3.5
22379,4.5
22656,3.3
3727,4.0
23737,3.2
8553,3.8
22663,4.5
28385,4.7
23679,3.6
9496,4.7
6251,3.1
5926,3.0
18844,5.0
16406,3.8
18450,4.8
18037,4.2
8894,3.0
8706,3.1
1376,3.0
1724,3.1
3754,4.3
10517,3.1
25036,4.4
20567,4.5
28519,3.9
4082,3.2
26062,4.8
11870,3.8
27593,3.2
24858,4.5
22963,4.4
20942,4.1
12500,3.2
13057,4.2
19921,3.8
16140,4.9
23387,3.9
10773,4.2
25944,3.5
20714,4.7
25237,2.0
25173,4.3
9951,3.4
14571,3.6
17030,4.3
22765,3.8
23911,4.4
29547,3.4
14215,4.1
15997,3.4
7165,4.3
26825,3.3
24081,4.3
11182,4.3
29112,3.5
4875,3.2
10736,4.8
29361,3.0
15990,4.7
21725,3.0
27734,2.0
12258,3.4
23415,3.6
18544,4.3
685,3.4
11435,3.2
28930,4.5
14291,4.3
2461,4.3
12275,4.3
11889,3.9
7128,4.4
16377,3.0
22651,4.8
21325,4.9
5946,3.4
4583,3.5
22168,3.4
12232,3.3
26806,4.8
23953,4.7
25511,4.6
13070,4.5
16905,4.7
25098,4.1
28375,3.5
3983,3.2
14686,4.3
6303,4.7
9908,5.0
780,4.7
17153,4.1
21991,4.5
5978,4.4
25227,3.2
20131,3.5
2196,4.7
14089,4.5
24945,4.6
29829,3.3
20669,4.4
24953,4.9
27457,4.3
26792,4.9
9832,4.8
26189,3.4
6979,3.5
18211,3.7
11824,4.3
25538,3.5
19393,4.6
2376,3.8
24935,3.2
20223,4.8
17630,4.2
23888,4.1
11483,3.0
6511,4.8
13279,5.0
28716,3.8
14473,4.2
5439,5.0
10759,3.0
26613,3.8
6493,3.5
8964,3.0
25138,3.8
5510,3.0
5330,3.0
27061,4.8
4531,3.2
9866,4.2
15587,4.4
16749,3.8
10142,3.8
12089,3.6
22804,4.2
16531,3.2
18052,3.3
11280,4.9
28239,3.0
24034,4.7
24983,4.0
7788,3.0
3456,3.0
19655,5.0
4940,3.3
9223,4.0
26724,3.0
22614,4.8
28331,3.5
14916,3.4
23724,4.5
25431,3.8
20310,4.0
7099,3.4
8080,3.4
16462,4.4
23472,3.9
18631,3.8
27249,3.4
29924,4.5
27307,4.7
23835,3.6
25364,3.6
18663,4.3
24507,3.4
20281,4.7
26940,3.8
23561,3.8
9312,3.8
6172,4.6
3631,3.8
16955,3.3
6272,3.6
25000,3.9
392,3.3
3191,4.7
16,3.5
20584,3.8
19056,4.3
29321,4.0
22548,3.6
19877,5.0
26035,4.3
27705,4.7
7394,4.2
21223,4.8
593,3.1
4719,3.8
25121,4.3
5827,4.2
10749,3.4
24345,4.9
22271,3.6
18739,3.0
22420,4.3
4798,3.7
10634,4.3
4795,4.3
20976,4.3
11234,3.1
8656,4.6
163,3.5
671,3.0
29156,3.9
14308,3.0
29671,3.0
16052,3.8
23764,3.9
14828,4.6
24817,4.3
26585,3.4
22740,3.8
25476,3.8
5542,3.0
22391,3.9
7993,3.0
24022,4.7
23177,4.5
10900,3.3
7758,3.5
4837,4.0
18677,4.7
6548,4.3
24282,4.7
4481,4.3
3716,3.1
10837,4.3
6140,3.4
9956,4.8
1549,3.3
26715,4.7
14818,4.3
18428,4.1
767,4.5
5693,5.0
24254,3.4
9700,3.2
29866,3.0
24241,3.8
19686,4.0
4517,3.0
12411,3.5
28604,4.5
26976,4.4
3292,4.4
9011,5.0
1403,4.3
1382,3.9
10340,4.9
23312,3.8
22055,4.3
1638,4.2
14083,4.9
8800,3.7
23291,4.1
24975,4.6
6406,4.3
9074,4.0
17563,4.8
5448,3.2
12168,3.8
26706,4.1
5078,4.3
25032,4.1
21559,3.0
26526,3.9
13564,3.5
17073,3.4
3850,3.6
22909,3.0
21121,4.8
6488,3.5
10145,3.1
13828,3.4
7154,3.8
28270,3.6
6610,4.3
5179,3.0
20733,4.3
12330,4.8
18268,3.0
19103,4.9
29061,3.6
2494,3.0
22331,3.8
19420,3.2
22161,2.0
845,3.7
8734,4.7
11916,3.0
11871,4.9
12415,3.2
7967,4.7
23563,4.0
7340,5.0
13891,3.0
28491,4.2
27297,3.7
7137,3.4
2964,4.1
15751,4.5
18913,3.3
15476,3.0
5772,4.8
17432,4.6
23429,4.4
18344,3.8
2530,3.0
11138,3.4
29998,4.4
14716,4.3
8429,5.0
4917,5.0
25709,4.8
5901,3.7
8286,4.5
20643,4.3
27790,4.2
26561,3.1
5656,4.3
16127,4.3
22481,4.9
5907,4.3
7373,4.2
19362,4.5
28262,4.3
28954,3.4
6721,3.3
24226,4.8
28884,3.1
12686,3.5
8264,3.1
7693,4.6
19522,4.0
8325,3.0
29897,4.5
12265,3.4
11421,4.8
1826,3.4
21932,3.8
25169,4.9
12329,3.5
560,4.0
4107,3.4
24819,4.3
5435,3.3
4437,3.7
10382,3.9
24981,3.1
17826,3.4
24837,3.0
4406,4.4
29300,4.7
18073,4.5
23958,4.2
9917,4.3
28471,4.3
22346,4.5
18880,3.2
15096,3.8
2817,3.7
16724,4.2
18792,4.6
26177,4.2
27417,4.8
5782,4.5
20960,3.5
16163,4.7
20109,3.9
19169,4.4
9715,4.1
10699,4.3
29096,4.8
17396,3.5
21664,3.3
4895,3.0
26342,3.0
23505,2.0
22933,4.6
20421,3.1
29350,3.0
148,4.5
16669,4.2
18752,3.0
8555,3.1
22483,5.0
26116,3.1
15463,3.8
23154,3.9
4443,3.4
7446,4.7
236,4.8
15901,3.0
29391,3.4
10754,4.3
7123,3.8
28581,4.4
10123,3.4
13711,4.3
3083,3.0
26678,3.5
632,3.0
23197,4.0
18877,3.7
2665,3.7
27662,3.2
25592,3.8
27530,4.7
10526,4.7
15836,3.0
10060,3.9
14788,3.4
12075,4.1
27625,5.0
20595,4.3
14109,4.3
9686,4.0
26977,4.3
20258,4.7
25808,3.0
19201,3.2
27258,3.9
5249,3.9
8533,4.5
7426,3.0
12345,3.6
27846,3.0
7979,3.3
28804,3.0
26161,3.4
1735,2.0
23781,3.9
14484,4.3
4255,3.2
27293,4.7
2475,5.0
10756,4.2
29973,4.3
3713,4.3
6704,4.1
18188,4.5
17091,3.0
28788,3.0
5189,4.7
28004,3.5
21856,4.6
16456,4.2
14210,3.0
7843,4.9
12640,3.0
14052,2.0
13031,3.8
29492,3.2
21485,4.1
6764,3.5
25766,4.8
10793,3.3
1125,4.2
17625,3.0
29603,4.4
18733,4.3
11543,3.9
22986,3.2
23164,3.6
26153,4.3
4358,4.3
14114,3.0
17727,4.7
29978,4.8
21400,3.4
7421,4.8
25016,4.2
6652,4.1
17484,4.5
9160,4.7
25225,3.5
26122,3.9
23711,4.5
7622,4.9
987,3.0
27042,3.0
16014,4.8
2852,4.4
11695,4.7
8853,3.9
16336,4.7
14996,4.8
17014,4.5
17633,3.8
19563,3.7
16866,3.0
26160,3.0
9654,4.4
3040,3.0
16035,3.8
5010,3.2
28063,3.0
23384,3.5
3273,4.6
7227,4.7
3683,3.8
23058,3.6
6807,3.8
12337,3.7
22083,3.6
1316,3.1
3225,1.0
17456,3.2
21199,4.9
27594,3.6
27207,3.8
9852,3.5
5752,2.0
10617,3.0
16393,4.8
4616,3.8
19481,3.2
29153,3.1
23253,3.5
1300,4.5
23669,4.3
15222,4.7
22668,3.9
29230,4.1
13673,4.1
9900,4.3
5495,3.6
21675,3.8
9600,4.3
26421,3.2
1798,3.5
12149,4.4
9667,4.7
21587,4.5
24611,3.5
21431,3.4
6441,3.4
8636,4.3
24489,3.6
15600,3.6
18743,4.3
29074,3.4
3654,4.3
7052,3.0
15945,4.3
11371,3.4
15710,4.6
1286,4.3
19914,4.6
20829,3.4
2137,3.0
23171,4.9
10828,3.4
12208,3.7
12289,4.4
9873,3.5
21923,3.0
16489,3.3
23695,3.2
13467,4.8
6894,4.3
9884,4.5
3610,4.3
27117,4.8
24948,3.9
7151,4.7
17347,4.0
6012,4.0
13645,4.0
14113,3.4
4882,3.8
16524,3.1
13076,3.0
12611,4.3
12046,3.4
4146,1.0
8906,4.0
23320,4.0
6542,3.0
21627,4.6
26414,3.5
4431,4.2
27432,4.9
406,3.3
24596,4.6
25580,3.8
27450,3.7
13178,3.8
26987,3.0
27121,4.1
16173,4.6
21829,3.0
26966,3.8
25519,3.5
8234,3.8
11022,3.7
14051,3.0
11563,4.6
11556,3.3
20783,3.0
16353,4.7
21636,3.8
11,4.8
4760,4.7
1177,4.7
26523,4.9
10693,3.3
2863,4.7
6471,4.8
22612,3.5
9218,3.8
12040,3.1
2989,4.8
25537,3.9
23501,4.7
11207,3.5
7010,3.4
11530,3.5
14437,4.0
22443,3.0
8927,4.7
12592,4.7
17824,4.8
29619,3.2
2875,4.6
12178,3.4
9108,3.8
2190,4.0
28157,4.3
23616,3.2
3726,4.4
19156,4.8
26200,4.3
16838,4.3
9013,3.8
8189,4.7
1367,4.6
3712,3.0
5450,3.1
17772,3.5
25426,4.4
15638,4.2
1000,4.0
7761,4.3
3553,4.3
4114,3.3
26213,3.7
1667,3.3
3173,3.1
15740,4.7
25923,3.5
29100,3.9
488,4.0
19614,4.1
20212,4.5
27208,3.8
27930,3.7
12975,4.5
21592,3.0
7848,4.0
5704,4.8
29470,4.5
8133,3.4
17087,4.3
5105,4.3
28310,3.5
3291,4.3
8125,4.2
11865,4.5
26984,4.7
13380,4.7
9519,4.4
29456,4.0
13965,5.0
14287,3.3
13598,4.0
28508,3.0
21293,3.4
4440,3.5
10055,4.4
17370,4.3
29259,4.3
28854,3.5
29085,4.7
24089,4.2
15504,3.1
22641,4.0
22473,3.5
27050,3.4
15577,3.8
5238,4.6
14646,3.0
15552,4.3
17582,3.2
12373,2.0
26094,4.2
28593,3.1
13669,4.0
7519,3.7
23196,3.8
9991,3.8
9206,3.8
24704,3.4
9556,4.1
10225,4.3
23559,3.0
4470,4.8
17275,4.0
10985,3.0
1969,3.0
12595,4.3
5757,4.8
22911,3.4
6294,4.1
12115,3.5
13605,3.8
7595,4.3
9110,4.0
3249,4.5
6570,3.8
6638,4.3
23735,2.0
21726,4.6
15398,3.2
25784,4.7
23857,4.6
12504,3.2
125,4.9
16170,4.3
5370,3.1
1239,3.6
2289,3.9
19124,4.2
8467,4.9
20969,4.4
25611,4.1
1229,4.2
9200,4.8
6980,3.8
5178,4.6
10724,4.3
20677,3.2
1058,3.0
6262,3.1
15360,4.2
27420,4.0
281,4.4
25619,4.2
25892,4.4
14846,4.3
968,3.3
16001,4.4
26957,4.9
20337,4.6
1939,3.8
29607,4.3
17658,3.8
619,3.3
18309,3.8
1742,3.3
17774,4.9
18587,4.4
14135,4.7
26155,4.2
9847,3.6
3568,3.5
26928,4.3
26788,4.7
15563,4.3
6116,4.8
29955,3.2
22436,4.8
3178,4.1
19576,3.4
9499,4.6
6099,4.8
23413,4.3
16959,3.0
10552,3.5
23040,5.0
23499,4.0
13994,4.8
29160,3.0
15635,4.3
6276,4.8
9472,4.3
28455,3.9
13149,3.1
11083,4.9
22281,4.3
5724,3.7
26569,4.9
10831,4.5
16653,3.0
629,4.2
11970,3.2
19465,4.9
19850,4.6
6430,4.4
3374,4.8
23446,4.2
12588,4.3
29970,4.9
21927,4.4
13760,4.7
10238,3.4
20740,3.5
28661,3.8
2113,3.4
24603,4.3
26616,4.0
27514,4.3
3216,4.8
13125,4.3
3814,3.5
8321,4.6
3155,3.0
14296,4.8
2278,4.0
4599,3.1
13,4.7
1646,4.7
17909,4.6
2365,4.2
4648,4.9
12197,4.1
26916,4.7
374,4.9
27708,3.9
22861,4.3
525,3.9
9131,4.4
11561,4.2
13910,4.0
12765,3.8
23279,4.4
26723,3.8
19975,4.7
27490,3.4
24288,2.0
19342,4.7
529,5.0
15596,3.6
20098,4.7
21116,4.2
9461,3.6
12473,3.7
17778,4.8
12201,4.2
12582,3.4
26373,4.1
11171,4.2
26017,3.0
26958,4.9
29794,4.9
12003,1.0
22015,3.8
25849,4.6
6563,3.8
4703,4.5
15282,4.7
18096,3.5
15921,3.5
29635,4.2
955,4.5
6675,2.0
3453,4.7
25963,3.1
29081,3.6
12803,4.3
15140,4.1
8595,3.8
2071,4.5
956,4.7
26553,3.9
16542,4.0
14036,3.1
7005,3.9
25478,4.9
352,4.3
13518,4.7
22462,3.0
16309,4.5
6236,4.8
12732,3.0
8946,4.7
14025,3.1
27547,3.0
28409,4.7
29963,3.4
2920,4.9
24887,4.7
15711,4.0
4644,4.5
661,3.4
16082,3.5
7057,4.8
10181,3.1
20049,4.6
24363,3.5
16690,4.6
26911,4.8
4790,4.3
2356,5.0
11894,4.7
18311,3.0
29491,4.3
19811,3.8
25325,3.5
20022,3.8
26745,3.4
17650,3.6
13612,4.6
1560,3.0
29065,4.5
11787,3.8
10326,3.9
7179,3.8
15349,4.8
15313,4.8
13258,3.1
4109,3.7
24251,3.7
21288,4.7
23678,4.8
514,3.4
894,3.8
8601,3.6
16405,3.9
29913,3.5
899,3.7
207,5.0
28456,4.8
458,4.3
26630,4.3
2430,4.2
24826,3.9
13629,3.9
25683,4.5
3389,4.2
26289,3.7
3911,3.5
21767,3.2
25291,4.5
552,4.7
26015,4.7
26846,4.0
19528,2.0
6917,3.8
18440,3.2
1925,3.4
17018,3.3
6082,4.3
24892,4.6
28911,4.6
18279,3.7
25003,3.6
27825,4.3
105,3.8
3041,4.2
16369,3.5
10361,4.7
18093,4.0
89,3.1
23398,4.7
15525,3.9
10433,4.7
19558,4.7
17301,4.3
24217,4.6
14451,4.9
23116,3.8
18333,4.8
12236,4.5
14056,4.7
27424,4.9
6368,4.7
16385,3.6
24416,4.1
22431,3.0
9127,5.0
8905,3.5
2720,3.3
16019,4.3
13621,3.4
8783,3.8
15822,4.0
29717,4.9
19501,4.2
27512,4.1
29206,3.1
10640,3.3
9768,3.3
13399,4.7
3762,4.3
213,3.5
17162,3.4
19880,3.0
28197,4.6
18427,4.8
8920,3.4
21804,3.3
6154,3.8
26143,5.0
8357,3.4
17773,3.4
26589,4.7
24849,4.5
4167,3.4
27344,3.2
20172,4.6
24970,4.3
16967,4.4
29871,3.5
29975,3.0
16500,3.0
23028,3.3
5109,3.1
29928,3.4
29655,3.0
28416,3.2
8712,3.8
1763,3.0
18259,4.5
13547,3.0
11536,4.0
26829,4.7
15069,4.5
3224,4.6
526,3.0
24109,4.2
15251,4.7
19330,4.2
20857,3.0
12091,3.8
5655,3.0
8884,4.7
6059,5.0
17343,4.8
6342,3.0
20017,4.7
13997,3.4
17434,4.9
8782,4.8
8711,4.2
3380,2.0
3676,4.1
5776,3.3
28547,4.2
6573,4.3
21563,3.0
1607,3.4
19994,4.3
29638,4.8
23019,3.0
29996,4.3
26385,3.1
15883,3.0
17175,3.4
8984,4.7
19440,4.7
26431,3.0
15522,3.7
1980,4.7
11425,3.0
19982,3.5
17317,4.8
12155,3.0
12857,3.8
7424,4.7
5626,3.6
1682,4.3
16133,3.0
20563,4.3
16335,3.9
6446,4.2
20500,4.5
988,3.5
15083,4.0
11645,3.7
19280,3.8
20162,4.7
22042,4.5
11722,4.3
3093,4.8
19539,4.0
13261,4.4
13998,4.5
27777,4.7
18207,4.8
29446,3.4
17482,4.3
10396,4.8
2844,4.3
9078,3.2
3342,3.6
16422,3.6
6540,4.3
29233,3.4
14288,4.7
25091,5.0
3356,3.1
13025,4.3
26029,4.7
11745,3.4
11801,4.7
27082,3.5
27570,3.8
14414,3.2
7813,3.4
29591,3.5
25482,4.2
24604,4.7
21510,3.9
27083,3.8
2428,3.4
21427,3.0
21730,3.4
25338,3.0
11939,3.5
21195,4.6
24860,3.3
17070,3.0
4799,3.9
23821,4.2
2353,3.0
22737,4.6
16378,4.9
11383,4.4
20953,4.7
24597,5.0
19136,4.5
9077,4.6
8073,4.1
25493,4.9
14859,4.3
17424,3.5
29282,4.0
7491,3.6
17649,4.3
12771,4.8
28901,3.9
7059,5.0
13507,4.3
16661,5.0
5084,4.8
26660,4.9
25821,3.9
2382,4.0
571,4.7
1435,3.5
13281,3.4
9439,5.0
21736,3.0
11718,3.5
14749,4.1
10706,4.3
5445,3.2
1007,3.5
4543,4.7
12987,3.0
7009,3.9
2064,4.5
1136,3.5
9882,4.3
28879,3.0
21727,3.5
10177,3.2
294,4.2
26123,4.2
26588,5.0
25164,3.7
16077,3.6
18787,4.0
26705,4.3
3998,4.7
9766,4.7
3741,3.0
11700,3.0
28834,4.8
2719,4.5
28805,4.1
12713,5.0
14870,3.2
21534,4.6
16370,3.8
2808,3.1
9017,4.7
16940,4.3
16106,4.3
22534,3.8
21179,4.6
2469,3.4
3738,3.4
20670,4.3
13481,4.6
26292,3.6
18988,4.6
362,3.2
6924,4.6
18088,4.2
14688,4.6
2139,3.3
19623,3.0
18767,3.6
7314,3.0
20695,4.3
25861,4.4
1312,4.4
26572,4.2
20314,3.8
6183,3.0
11303,3.1
1591,3.2
29084,2.0
18546,4.7
2396,4.3
16701,3.0
14559,4.3
9516,3.4
27687,3.6
5233,4.8
28325,4.8
21452,3.2
20420,3.3
8987,3.5
3020,4.0
9903,3.0
8228,3.9
9105,4.5
13913,4.3
5295,4.3
3972,4.0
21754,4.2
14663,4.3
4133,4.9
974,4.7
7291,3.0
25559,4.8
15585,4.3
17338,4.5
25994,4.3
9752,3.6
13774,2.0
25931,4.2
23265,3.2
5016,3.8
17602,4.6
25563,3.6
10874,3.1
23874,3.4
13239,5.0
18024,3.8
17674,3.3
11873,4.7
17764,3.7
1933,4.4
4675,3.4
26952,4.6
27736,3.9
10222,4.6
892,4.8
7287,3.8
21260,4.1
7906,3.0
24578,4.8
14551,4.4
23696,4.3
26685,4.8
25425,4.2
27313,4.8
18850,4.3
7657,4.7
10106,4.5
26172,4.8
18297,4.1
11362,4.8
13832,3.5
19120,4.7
726,4.1
7214,4.1
8245,3.0
18180,4.7
15876,3.3
20229,4.7
14199,3.0
22786,3.8
10745,3.0
27376,3.0
17320,3.3
18649,3.7
17208,4.9
7274,4.3
11593,3.8
1389,3.8
3564,3.7
9076,3.6
5429,4.7
29817,3.4
16220,4.5
24211,3.3
22074,3.3
14899,3.4
24262,3.5
15512,3.9
14561,3.3
1868,4.5
8202,4.1
27991,3.8
23870,4.0
26039,3.0
806,3.6
4805,3.0
28210,3.8
12260,4.3
26684,3.8
28715,4.4
29936,3.5
10426,4.3
9155,4.3
23895,4.8
24440,4.0
15152,4.2
4494,4.3
2632,4.7
14286,3.9
28320,5.0
25280,4.7
25007,4.4
7832,3.4
20772,2.0
14269,3.9
145,3.5
22851,3.8
2033,3.4
24951,4.3
1165,4.6
11692,3.4
2050,4.2
20144,3.5
10816,3.3
12676,3.4
20819,4.6
3430,4.4
24574,4.8
28110,4.2
7069,4.8
4361,3.8
10616,3.4
25838,3.5
18155,3.6
19895,4.5
271,4.3
12984,4.8
8436,4.1
18416,4.4
12316,3.5
29654,3.9
9005,4.0
29505,4.6
3810,4.7
13919,4.6
15775,4.7
28444,3.0
9996,5.0
4346,4.1
27037,4.1
545,4.1
19625,4.7
25314,3.2
8502,3.1
11713,4.3
15229,3.0
9323,4.8
13737,4.7
29880,3.6
15520,4.1
27345,3.4
7564,4.4
17304,3.3
15317,3.0
28665,3.9
11779,3.8
6640,4.9
24078,3.0
8230,3.0
12651,4.3
23510,4.0
20662,3.6
2983,4.0
16514,3.5
13409,3.2
24364,3.0
2667,3.7
23522,4.2
19607,3.3
9374,5.0
24077,4.9
21776,4.7
614,3.4
19945,3.4
17850,3.2
4497,4.9
19426,4.3
25510,3.1
18803,3.9
21469,3.0
3294,4.4
6737,3.8
1500,4.4
9018,4.6
17905,4.8
28664,4.4
15023,4.0
11122,4.5
4232,3.8
24070,4.6
8820,3.3
4430,3.0
12045,4.3
16774,4.9
29796,3.2
23508,4.8
22297,4.6
12182,3.7
8592,4.7
4806,3.0
28407,4.3
27935,3.5
24622,4.0
13849,4.3
24428,4.3
25064,4.7
20377,4.8
11918,3.9
21771,3.8
22993,4.3
15896,3.8
5319,3.1
29764,4.6
7119,3.5
2421,4.3
21988,3.2
1750,4.8
11344,4.0
19092,4.3
12254,4.3
29576,4.2
338,3.1
24791,3.6
11855,3.2
1341,3.2
29761,3.4
24366,3.8
3640,4.6
16713,4.3
21520,4.3
3004,3.6
6960,4.7
4090,4.9
16314,3.5
27691,3.4
26212,4.3
18706,3.6
23051,4.8
23393,3.7
20581,3.0
19933,4.3
9650,4.8
8363,3.4
20587,4.3
28970,4.3
28145,3.3
12418,3.6
24354,3.4
13350,4.8
28473,4.3
22569,4.7
18023,4.2
9130,3.0
60,4.1
1240,4.2
22144,3.6
5136,4.6
2343,3.0
15048,4.6
2120,3.0
1524,3.1
7617,3.4
153,3.9
14536,4.1
481,3.7
6122,4.4
12652,4.7
24058,3.8
23485,4.6
12112,3.7
15850,3.8
1762,3.3
15826,4.0
15507,4.3
8942,4.5
7715,4.9
26361,4.5
21792,3.6
23863,3.8
22596,4.6
4853,4.3
2711,4.4
23150,5.0
20534,4.8
17717,3.3
29117,3.4
11046,4.7
24762,4.8
25712,4.7
6819,3.3
24063,4.2
26634,3.4
21799,4.3
20234,3.0
24724,4.0
20508,4.3
13081,3.3
21874,3.8
11555,3.0
21172,4.7
19250,4.7
17770,4.5
5941,4.2
3067,4.6
28575,4.5
3629,4.0
29191,3.3
24027,4.3
3028,4.3
2969,3.8
11664,4.3
26284,4.5
27529,3.3
8646,4.0
15156,3.3
22520,2.0
28648,3.9
25185,4.8
4263,2.0
17029,4.0
15646,4.7
7992,4.8
18458,4.4
16725,3.7
8041,4.8
15988,4.3
1622,4.2
12875,4.0
23525,3.2
22180,3.3
7184,4.3
28996,4.7
24616,4.8
5475,4.2
26665,3.2
26751,3.6
23365,3.4
16458,3.8
8996,4.1
27233,3.5
11372,3.2
26652,4.9
8633,4.5
23193,4.1
18435,4.0
18925,4.4
17685,4.3
22261,3.2
23752,4.7
28006,4.8
1304,4.9
8428,3.0
4033,4.8
2599,3.5
12808,4.8
2573,3.7
27856,3.4
3186,3.4
19152,3.6
4831,4.6
20607,3.2
16086,4.8
24557,4.0
2106,3.0
19063,4.3
15517,3.8
27337,4.9
12880,4.5
17771,4.7
29519,4.6
29238,3.0
28369,3.5
22370,3.8
7083,3.0
13192,4.0
1279,4.7
13221,4.3
804,4.3
14596,4.5
17939,3.6
20875,4.4
11382,4.7
4566,4.8
29513,3.1
15358,4.4
4841,3.6
19978,4.6
22419,4.6
23236,3.4
10112,3.5
8705,4.7
20561,3.8
17692,4.7
13859,3.2
9106,3.7
3452,4.5
20079,4.0
20626,4.9
27732,4.7
2198,4.8
16032,3.5
25350,4.2
4425,4.3
6150,3.4
14289,3.8
17327,4.9
822,4.3
15070,4.7
21389,3.8
22996,4.7
8356,3.0
22003,4.2
20931,4.1
12175,3.0
18922,3.0
15149,4.6
29633,3.0
9503,4.8
21591,4.9
29274,4.5
28493,3.0
13575,4.9
3054,4.3
20059,3.5
24160,3.8
7218,3.8
6722,3.9
3300,3.0
19694,4.6
23605,5.0
8519,4.9
16380,4.8
10682,4.2
14295,3.7
22338,3.8
10998,3.0
12600,3.8
17216,4.5
11271,4.8
29690,3.5
19846,3.5
26399,3.8
7643,4.6
16438,3.6
14422,3.5
19835,4.4
22689,4.7
10093,3.6
1481,4.7
4873,4.5
13087,4.8
16002,3.6
8038,3.1
12342,3.2
19719,4.3
22400,3.0
21310,3.1
25522,4.6
5797,3.1
11485,4.7
26737,3.4
5232,3.4
21467,3.9
6645,3.1
27633,4.3
15534,4.2
5490,4.0
768,3.7
18449,4.8
23570,3.8
28071,4.0
7311,4.9
24861,3.8
29908,3.8
20908,3.6
27952,4.3
26908,4.7
2717,3.1
2079,3.2
27965,3.4
25298,3.4
951,4.0
24442,4.0
2482,4.7
26838,3.8
9181,4.4
27788,3.4
1759,3.2
9984,3.3
20806,4.6
23088,4.6
9916,3.4
21566,4.9
24917,4.7
20085,4.3
4243,4.6
17072,3.4
19816,3.4
13395,4.4
4944,4.7
17350,4.0
27696,4.6
5588,3.4
16241,3.4
10395,3.9
19097,3.0
4757,3.5
4380,4.7
22704,3.1
13472,4.0
22359,3.5
19956,4.8
12997,2.0
5299,3.0
1990,4.5
12312,5.0
12951,4.8
17589,3.8
13490,3.7
4971,4.1
29588,5.0
13226,4.3
6783,4.8
3600,4.5
22874,4.9
24993,4.1
29964,4.4
27857,4.7
8070,3.0
8577,4.2
7973,3.4
10314,3.0
1625,4.9
16920,3.7
25150,3.8
7970,3.0
13224,3.4
4212,4.5
6456,4.8
19891,3.1
24777,3.5
9524,4.6
23496,3.1
11694,4.7
2708,2.0
21415,3.4
6514,4.6
4662,3.8
20405,4.1
1854,4.6
3072,3.5
19256,4.3
19414,4.5
25781,3.2
14755,3.0
1645,4.7
3417,3.8
3476,3.1
29330,4.8
11053,3.7
1792,3.8
13718,4.6
15114,4.8
3797,3.0
3368,4.3
11559,4.9
28109,4.6
7196,3.6
29473,3.9
21493,3.5
22408,4.5
11641,3.2
8795,4.3
27632,4.5
28943,4.0
126,4.0
5959,3.6
20260,3.0
27511,3.4
13635,4.0
15343,4.3
4451,3.5
7147,3.0
19915,4.0
27306,3.1
827,3.3
26215,4.2
24174,4.7
29458,3.2
17368,3.8
11473,3.8
27581,3.5
7783,3.7
10380,4.8
29400,3.6
2443,4.4
24938,3.3
10541,3.8
16729,3.7
814,4.5
22550,4.9
12999,4.5
11397,3.7
28602,4.0
29670,3.6
14153,3.9
27901,4.0
12298,4.0
5779,4.3
2116,3.3
26410,3.6
793,4.3
10147,5.0
6898,3.8
2674,3.7
16478,4.3
15770,3.9
20609,3.0
3756,4.5
2891,4.8
18755,3.8
14382,3.0
27804,4.6
20103,4.3
3228,3.9
7863,4.8
6359,5.0
28799,4.6
23710,3.6
22412,4.1
27429,5.0
13429,4.2
11104,4.3
18249,4.5
13946,3.7
4612,4.1
26433,4.8
19029,4.5
2243,3.5
5373,4.7
2336,4.9
17334,3.1
11260,3.1
1120,4.3
10789,3.1
18588,4.8
419,4.2
922,3.4
9446,3.7
25053,4.9
26611,3.7
5408,3.3
5788,3.1
22126,4.1
15374,4.7
24051,4.1
21951,4.2
24519,4.5
17586,4.6
27202,5.0
22149,4.0
8389,4.8
1970,4.3
11302,4.0
4018,3.6
26727,4.5
3687,3.0
18381,4.8
20417,3.9
12790,4.7
11246,4.1
1248,4.9
2192,4.4
19096,3.5
9184,3.0
18574,3.8
4670,3.4
21526,3.4
5984,3.4
6565,4.7
7804,4.3
11954,3.3
6943,4.7
28173,3.3
9510,4.5
26439,4.3
10535,4.4
27025,4.4
18520,3.4
17449,4.2
14060,4.3
16984,3.8
20611,3.0
27197,3.9
7577,4.8
77,3.1
23930,3.6
19282,4.8
15524,3.6
21204,3.8
25890,3.0
23325,2.0
22797,4.0
25828,3.5
9064,3.8
28426,4.8
8007,3.2
21852,4.2
5951,3.8
28219,3.1
11157,3.7
3391,3.0
5415,3.3
18944,3.1
26146,4.7
8162,4.9
19019,3.7
5256,3.0
3530,4.5
8567,4.7
1908,3.0
28896,3.5
235,3.0
12219,3.1
17988,3.9
7984,4.5
9310,4.7
28253,4.3
3490,4.9
26614,3.6
14231,4.0
27534,4.0
18378,4.5
19208,3.4
28933,2.0
10568,4.2
1342,4.0
8512,4.6
1619,3.8
28289,4.3
5287,2.0
18444,3.1
7041,4.8
2219,3.6
9865,3.8
22422,3.5
16644,4.5
29054,3.9
26615,3.5
12977,3.9
25477,3.5
20128,3.2
14594,3.0
18410,4.2
6988,3.5
20618,3.6
1917,4.7
1828,4.9
9765,3.6
12607,3.5
12941,4.8
6233,4.4
29006,4.3
6283,3.6
4208,3.4
12819,4.5
16608,3.4
25299,4.3
26386,4.1
9333,3.1
6469,4.2
29126,4.8
13746,3.7
15385,3.5
13703,3.8
10954,4.3
846,3.1
20673,4.2
5560,3.1
13234,4.9
14309,3.4
18935,3.7
13917,4.3
27504,3.1
117,4.7
8837,3.5
22350,3.3
24579,3.1
28746,4.3
14043,3.5
8659,3.5
23873,4.9
16389,3.0
5342,4.8
9111,3.4
10787,4.5
4324,3.7
17447,3.1
2590,4.3
24818,4.1
13046,4.7
25736,4.7
27446,3.9
20119,3.5
13918,3.4
10589,3.4
19901,3.6
23370,4.7
11613,4.4
27139,4.8
6767,3.8
5622,4.1
1605,4.1
18117,5.0
26900,4.7
27285,4.3
29018,4.7
25888,4.0
28024,3.6
3812,4.6
14277,4.6
17260,4.7
10554,4.3
10167,3.0
28090,3.8
1761,4.7
15679,3.8
21785,4.3
19123,4.1
29459,4.8
2472,3.8
15913,3.4
6738,4.7
23275,3.8
15728,3.0
12199,3.7
7943,3.0
12910,3.8
14369,4.5
26069,4.6
20590,4.3
6371,3.8
26734,3.0
25745,3.0
26732,4.7
16616,3.0
8258,3.4
7561,3.2
9795,4.4
6168,3.0
11475,3.4
3596,3.5
6288,4.5
4632,4.0
15147,3.1
16509,4.7
24025,3.5
6229,4.0
17680,3.6
18360,4.6
29223,4.3
29162,4.4
10267,3.5
12772,4.5
5750,4.0
8152,3.5
13503,4.2
3086,4.2
1906,3.3
6882,4.2
29976,3.4
7673,3.1
19729,4.6
8172,4.7
29137,4.0
5870,4.3
22890,4.8
19181,3.0
17302,3.5
18030,4.8
5122,4.3
5126,4.4
13623,4.0
15034,3.5
4621,3.2
6809,4.9
16748,4.6
15745,4.8
11479,4.3
2125,3.8
8150,4.8
28699,4.1
8717,4.3
13013,3.8
55,4.5
17022,3.4
302,3.8
27342,4.3
22195,4.6
17660,3.9
14178,4.9
26631,4.2
13568,4.5
4432,3.7
20028,3.0
20527,3.8
19262,4.5
12394,3.5
22877,4.3
10478,4.0
10453,4.4
5240,3.0
22574,3.9
10488,3.0
23321,4.3
23624,4.0
16282,3.0
14124,4.0
26329,3.4
10160,4.5
18977,4.6
27693,3.2
18777,4.7
16907,3.4
6376,4.8
6981,3.1
13716,3.0
23061,4.0
3900,4.4
29463,4.3
12891,3.8
21969,3.1
21508,5.0
24340,4.2
23954,4.7
11314,4.5
23161,3.5
28732,4.1
10161,4.0
17055,3.3
4188,4.4
666,4.7
3266,4.2
18271,3.2
27842,4.9
8472,3.8
9911,3.9
27523,4.0
12647,3.2
25475,4.9
24071,4.4
22415,3.1
11637,4.7
6090,4.4
6238,4.3
15183,3.0
7350,4.4
24214,4.1
17144,3.1
6254,4.0
18290,3.8
12234,3.0
12015,3.0
28714,3.5
3818,3.5
6269,4.7
4300,3.0
5569,3.8
14388,4.1
7941,3.0
27169,4.7
4164,3.9
27607,3.1
22355,3.4
19963,4.0
19216,4.3
21833,4.0
19856,4.3
22711,3.4
16521,4.5
7043,4.8
4892,4.3
18564,4.9
10320,3.0
24114,3.5
19561,3.2
4854,3.4
4637,3.0
21499,4.0
9550,4.9
24032,4.2
20645,3.4
28920,4.3
17715,4.3
10209,3.9
27058,4.7
23386,3.0
25934,3.0
6941,4.0
8017,4.3
22625,3.5
9521,4.3
6949,3.4
6881,3.6
13051,2.0
15781,4.5
26726,3.3
20914,3.7
26698,4.3
4673,3.3
12173,3.2
6996,4.0
1252,3.4
11470,4.5
15254,4.7
19758,4.2
19198,3.6
21103,3.4
22928,4.8
10040,3.0
4858,4.0
24285,3.6
27613,4.7
8580,3.7
8427,3.5
17461,3.4
10176,4.2
4363,3.1
28538,4.0
17154,4.7
10357,4.3
25249,4.7
16633,3.7
14489,4.8
26150,3.2
7239,4.8
14430,3.8
3419,3.7
26657,3.4
10015,5.0
29407,4.8
4976,3.1
4544,4.6
21949,3.3
24323,3.8
17100,4.3
21164,3.2
12338,3.9
2048,5.0
5997,3.4
22984,4.9
23629,3.5
15444,3.9
13456,2.0
20562,4.8
4809,3.5
10916,4.3
3636,3.0
23524,4.3
23574,4.1
17844,4.2
15106,4.3
5989,3.4
9860,4.7
27332,3.6
18384,3.0
12763,4.2
15158,3.9
8175,4.5
404,4.9
384,4.1
8702,3.5
7266,4.3
10344,3.8
18017,4.3
20384,3.3
13772,3.8
21168,3.0
6938,4.3
6970,4.8
20309,2.0
4158,3.0
23833,3.4
29250,4.9
13550,4.8
8415,5.0
2193,4.2
27712,5.0
29045,3.0
26400,3.8
1015,3.3
5124,4.0
23802,3.6
23793,3.3
25373,3.1
19255,4.9
9,1.0
10136,3.2
18222,3.5
4804,3.7
16639,3.1
23410,3.9
5713,4.1
12677,3.8
19708,4.8
24098,4.2
1581,4.0
27532,3.8
17308,3.4
2779,3.6
27084,4.6
24275,3.8
22516,3.2
13216,4.6
5320,3.1
7312,3.8
23486,3.0
14837,3.2
6042,4.5
20159,3.7
4835,3.5
28712,4.0
4964,2.0
27355,3.0
539,4.7
7483,3.7
19129,3.4
3719,3.0
29311,3.5
23203,4.8
13659,3.0
9337,3.6
20852,4.3
667,4.8
23959,5.0
27595,4.0
24933,5.0
21447,4.5
11023,4.5
10975,4.2
1353,3.8
13323,4.8
7114,4.5
24504,3.0
8662,3.5
19087,4.0
3330,3.0
8053,4.6
11829,3.8
9588,3.8
19968,3.5
29169,4.1
5645,4.7
19760,3.4
17640,3.0
6190,3.8
15761,3.9
11704,4.6
13843,3.9
25826,4.8
21732,4.7
11003,4.4
28874,3.2
27860,4.5
27509,4.0
20559,3.0
4910,4.7
1852,4.7
22700,4.1
12972,3.4
29785,4.7
2105,3.0
16517,3.8
13428,4.3
5029,4.8
17312,3.8
823,3.6
23960,3.8
28016,4.1
1531,4.7
1214,3.7
504,3.0
28861,4.6
14683,3.7
10188,3.7
6530,3.8
19456,4.3
10150,4.8
9576,3.8
25470,3.8
13116,3.9
25031,4.5
23003,4.4
25657,3.8
3709,3.4
29384,4.3
21233,4.2
4748,3.1
20652,3.8
11714,4.7
15485,3.3
28710,4.3
28178,3.2
29822,4.7
25289,3.8
20570,3.8
26790,3.8
5301,4.0
19307,3.3
6588,4.2
1810,3.4
19870,4.0
23803,3.9
3141,4.3
26403,3.0
25731,4.7
1324,4.7
4312,4.6
7494,4.9
25086,3.8
26256,3.8
8691,3.8
29254,3.0
26432,3.5
9580,3.2
13807,4.6
28295,4.2
26962,4.4
21925,3.9
27812,4.9
22556,3.7
17924,3.3
25793,3.0
19065,3.0
29826,3.4
27569,4.8
6313,4.4
17575,4.4
13964,4.3
21677,3.0
1542,3.4
11493,3.8
11516,3.1
7056,3.9
2539,3.2
17337,3.5
23625,4.7
15368,3.2
6731,4.0
4846,4.7
6801,3.9
24394,4.7
4330,4.3
8924,3.5
5334,3.5
23714,3.8
9348,3.0
4729,4.6
27870,4.9
22925,3.8
11174,3.0
21689,4.0
21545,3.3
24244,4.9
18540,4.9
1062,3.4
27192,4.4
1167,4.6
27798,4.3
20020,3.5
7651,3.0
21972,4.8
11130,3.6
23576,4.1
4491,3.5
23650,4.8
27716,4.0
21364,3.2
8335,4.9
5486,3.9
28153,3.4
21330,1.0
19166,3.4
17101,4.7
26395,5.0
2502,4.0
4360,3.3
4171,3.7
24466,3.0
29642,4.8
16779,4.3
13923,4.9
14512,4.3
7186,5.0
698,3.8
20876,3.6
17749,4.3
29291,3.2
14191,3.5
8787,3.0
14397,3.0
12144,3.4
13584,4.0
22301,4.3
21352,4.5
2914,4.4
14552,3.8
10518,4.3
5644,3.6
20150,4.0
3440,3.9
12043,3.6
28708,4.4
7357,3.0
23190,3.0
26263,3.8
2143,3.3
5104,3.5
5073,4.3
17955,4.7
20463,3.1
17506,5.0
16048,3.5
19170,3.3
14527,3.0
2967,4.5
18888,3.8
5988,3.2
11657,4.4
25251,3.8
27384,2.0
23548,4.2
27924,4.7
728,4.6
7587,3.0
7543,3.8
412,3.8
11338,4.4
26092,3.9
5745,3.5
24052,3.8
17209,3.4
3267,3.3
20358,4.0
8808,4.3
24690,4.4
417,3.9
11261,4.0
9817,4.5
15305,4.7
16281,4.2
23132,5.0
25351,5.0
28761,4.5
27472,3.9
27350,4.8
2082,4.2
25329,3.6
27122,4.0
12161,4.7
3373,3.4
5726,3.3
20491,3.5
10636,4.7
20764,3.0
24107,5.0
17450,3.0
3913,3.0
13479,3.5
5536,4.0
8002,4.5
5387,3.8
22116,3.8
28074,4.7
2738,4.5
5052,3.3
4000,4.3
26144,3.4
2427,3.8
11938,3.6
6833,3.4
26507,3.5
18071,4.9
851,2.0
28122,2.0
22687,3.0
25471,3.8
16347,4.0
29168,4.5
5878,3.8
24911,3.7
19223,4.5
27663,3.5
4611,4.9
16364,4.9
9540,3.7
9207,3.7
27392,3.4
9823,4.6
2489,3.4
11922,4.8
23289,3.6
7390,3.8
27827,3.9
2849,4.7
14069,3.6
23049,4.3
5881,3.4
26646,4.7
4452,5.0
26333,4.8
23805,4.3
26211,3.0
29222,5.0
22868,4.0
2479,3.8
23001,4.3
10457,4.9
11151,3.4
29568,3.5
27635,3.6
13245,4.9
18525,3.1
13296,4.9
11310,4.3
21572,2.0
9435,3.0
28621,4.6
27932,3.4
19128,1.0
7253,3.1
13284,5.0
3506,4.8
1679,3.8
20633,3.8
19531,4.8
8130,4.6
26870,3.8
23388,4.7
15125,4.0
16964,3.7
9662,3.3
29375,4.9
20454,4.9
13500,3.2
3343,4.7
13184,4.2
16244,4.7
23788,3.3
12775,3.6
20056,3.0
16943,3.5
5237,3.8
7805,3.8
13407,3.0
27425,3.2
16896,3.5
29305,4.4
1081,3.8
18048,3.9
9204,3.2
1931,5.0
23944,4.7
1150,3.1
19222,3.4
5949,4.7
8308,4.3
25316,4.1
29683,3.8
14262,4.9
5177,4.3
28251,4.0
14098,4.0
17214,4.1
8311,4.6
21136,3.7
26258,4.8
29582,3.5
29911,4.5
17019,3.5
4465,3.8
28940,4.0
6799,3.9
7987,3.0
7079,3.8
6966,4.1
15202,3.9
4142,4.7
23411,3.2
25567,3.4
876,3.9
21253,3.5
21699,3.0
21606,4.6
16388,3.2
15979,4.8
3051,4.3
22075,3.5
19508,4.8
14599,4.6
15328,3.4
27236,4.3
2491,3.3
15338,3.3
20238,4.0
4777,3.5
9907,3.6
23893,4.3
22841,3.8
22677,4.8
17532,3.6
27837,4.5
16958,5.0
20153,4.8
28312,3.3
20530,4.7
853,4.3
26558,4.3
10966,3.0
22303,3.3
13121,4.9
13403,3.6
25742,4.3
22998,3.2
22386,3.3
25547,4.7
10893,3.1
4495,3.3
8173,4.0
6655,3.7
12039,4.0
2368,3.2
28691,3.2
4780,4.4
12323,2.0
24376,3.6
19334,4.6
22009,3.1
23355,3.6
8716,3.0
10647,3.3
18225,4.0
5986,4.4
16921,4.8
19190,3.7
5801,3.7
21980,3.4
7206,4.7
7343,4.6
12533,3.3
7560,4.3
8096,3.2
27751,3.0
784,4.7
12249,4.3
1409,3.4
10729,4.0
16538,4.3
24190,3.0
3009,4.9
18070,4.7
11093,4.6
4014,3.2
7455,3.9
12913,4.4
3863,3.0
19117,4.8
1895,4.1
5442,3.0
569,3.1
23093,4.5
22238,3.5
1816,4.6
26641,3.9
24703,3.0
19778,5.0
19711,3.6
29971,4.1
6102,3.8
2975,4.4
17364,3.0
10492,3.0
190,3.8
25715,3.1
21472,4.7
699,3.0
29641,2.0
16990,4.4
12468,4.3
301,4.3
3420,3.3
18711,2.0
1060,3.6
14434,4.0
10757,3.0
3444,4.6
17453,5.0
10716,3.0
18589,4.8
25819,3.8
23723,4.5
8208,4.1
7679,4.8
11312,3.5
4642,2.0
24067,4.5
12946,2.0
9007,4.1
7996,3.3
27643,4.7
29124,4.3
5600,3.4
9151,4.5
7022,3.7
21277,4.2
15636,4.0
16609,3.3
19738,3.6
5895,3.5
10677,3.0
8754,4.4
3436,4.8
14565,3.4
14373,4.6
18077,4.5
6893,5.0
17429,3.6
19830,3.0
12757,4.3
8050,4.4
9146,4.3
4555,3.0
27311,4.3
11296,4.5
4735,4.8
20880,4.5
1218,3.0
13446,3.2
22399,4.3
26103,3.5
3987,3.0
21295,4.6
25876,4.5
20877,3.8
23328,3.3
5699,4.6
24736,4.3
28643,5.0
13992,4.6
17340,4.5
28367,3.4
27810,4.6
2869,4.2
11969,4.8
20817,4.5
21357,3.8
14207,3.4
2961,4.8
14172,4.3
2200,4.7
16482,3.9
5592,3.3
2557,4.8
27759,4.7
15586,3.4
24829,3.4
28499,3.8
20583,1.0
9637,3.4
5539,4.8
18032,4.1
12874,4.2
29299,3.5
12183,4.3
26272,3.2
27767,4.7
22581,3.4
6295,4.7
4499,4.2
1154,4.7
18639,3.6
15151,4.7
9874,4.0
19554,4.9
7400,3.0
10248,4.5
7158,4.0
28666,3.5
19492,4.8
20932,3.2
28299,4.7
14589,3.0
5423,3.7
2049,3.8
13168,4.2
11835,4.4
16371,4.3
9208,3.8
25199,3.2
29697,4.7
14075,3.5
16646,3.0
27945,3.5
20445,3.8
21918,4.5
14486,3.0
14257,3.0
6616,3.2
8120,4.1
8155,3.0
1802,3.5
4736,3.4
11111,3.4
2385,4.8
23078,3.5
5759,4.1
18343,4.2
19360,3.3
8680,5.0
18227,3.8
1734,4.3
2911,3.8
11411,4.5
8338,4.4
1986,3.4
25945,3.0
6546,3.8
14243,4.3
23482,3.4
2811,3.0
17043,4.8
26370,3.8
15708,5.0
18895,4.4
11589,4.1
20666,3.7
9339,3.6
27848,4.5
25184,3.2
22671,4.7
15087,3.6
11774,3.5
1930,3.6
23509,3.2
197,4.0
7777,3.9
19315,3.0
8004,3.5
2327,3.9
4389,4.1
25342,4.5
12688,3.5
20602,4.2
11447,4.5
202,3.8
19894,4.3
4931,3.0
21919,4.8
26309,3.5
5791,4.7
27353,4.7
18091,5.0
21556,3.2
21633,3.7
13949,4.8
28050,4.0
22912,3.0
7392,3.2
5855,3.8
24548,4.6
854,4.5
13877,5.0
14555,3.6
4737,4.0
28673,3.3
26736,3.0
17082,3.1
27728,4.0
27575,4.7
20080,3.0
1636,3.5
23664,4.5
23938,5.0
11649,3.8
19965,3.1
17675,4.3
29235,4.0
6585,3.4
13808,3.3
18237,3.5
21616,3.3
20147,3.6
3304,3.0
17879,4.3
28319,4.2
28021,3.4
7994,3.1
1998,4.3
663,4.5
29355,4.5
13545,4.0
3748,4.7
20797,3.0
29320,3.8
5530,4.2
21959,3.1
25285,3.8
7526,3.8
9474,4.0
22248,4.7
29644,4.6
27251,3.4
6776,3.5
28605,4.0
1306,4.8
23776,3.5
26813,5.0
11494,4.2
21976,3.0
15707,4.9
10230,3.9
26105,4.9
18047,4.3
21834,4.1
10173,4.0
16157,3.7
29931,3.8
3627,4.1
13931,3.3
29723,3.0
29467,4.8
2693,3.0
11252,4.6
16312,5.0
9789,3.8
10921,3.3
10817,1.0
22299,3.3
19541,4.6
27890,3.1
9914,3.9
16198,3.8
23052,4.1
1059,3.8
21020,3.5
19626,3.7
1678,4.7
23276,4.0
6374,4.3
7574,4.2
14820,3.8
18141,4.1
22403,3.0
12383,3.2
21500,3.4
8755,3.5
23792,4.0
19174,5.0
17247,3.7
15934,4.2
24242,5.0
17868,4.3
23419,3.0
24105,4.3
22361,3.2
21518,3.4
206,4.0
20872,3.5
23322,4.5
25446,4.0
12685,3.3
6910,4.8
502,3.1
23769,4.9
17412,4.8
20224,3.0
27266,4.2
13773,4.5
8110,4.2
14948,3.4
5056,3.5
9762,3.4
24538,2.0
10965,3.8
19115,3.8
25380,3.6
14039,3.0
11837,3.0
2454,4.6
29174,3.0
23599,3.8
19488,3.5
15265,3.3
13067,3.9
8392,4.3
22662,3.3
19483,4.0
6184,3.8
26854,4.3
3561,4.8
5892,4.7
12666,4.5
29090,4.5
13986,4.8
391,3.4
6736,3.0
22002,3.3
5258,4.0
15422,3.4
26071,4.3
2695,5.0
2027,4.8
29824,3.0
21847,4.3
2568,4.3
8006,3.0
16216,4.8
16448,3.1
28460,3.1
18446,4.0
5276,4.6
7208,4.5
25068,4.3
8571,3.1
6331,4.5
21243,3.6
12185,4.1
21271,4.9
9268,3.3
17262,3.0
8529,3.3
24300,3.4
23247,3.4
24276,3.1
22823,3.1
24253,3.4
1016,5.0
25851,4.6
28374,3.6
7629,3.6
29127,4.8
11534,4.1
29487,3.2
995,4.8
26557,4.2
4297,5.0
161,3.8
5675,4.5
6873,4.0
12990,3.6
9692,3.8
7989,3.1
20227,3.1
13417,4.8
10805,4.1
11653,3.4
1021,4.8
19457,3.5
23939,3.8
3943,3.0
1585,3.8
26531,4.0
3152,4.9
14541,3.4
8226,3.0
12206,3.8
17159,4.7
27132,4.8
15787,4.0
26054,4.3
23483,4.7
21870,4.6
22619,3.8
25939,3.0
23425,4.0
2612,4.2
23897,2.0
11016,2.0
10233,3.7
8433,3.8
10253,3.0
10555,3.3
8792,2.0
10627,3.0
21777,3.7
14502,4.1
27464,3.0
8838,3.8
3890,4.5
3556,3.0
11394,3.9
17912,3.3
1267,3.8
24118,4.4
1899,4.3
21042,3.0
3005,3.4
19118,3.4
189,3.4
26382,4.8
25551,3.1
2747,4.6
18431,4.3
24233,3.4
18942,4.8
25658,3.6
8666,3.0
27480,4.6
29419,3.3
6396,3.8
28693,4.9
19769,4.8
20939,4.6
17568,4.5
6420,3.4
5051,4.6
5311,3.4
2433,3.1
23333,4.8
26967,3.5
769,3.0
1685,3.0
8322,4.3
16023,4.1
27495,3.8
11363,4.2
28020,4.5
14423,4.6
21962,3.3
4426,4.9
29910,3.7
16850,4.7
6265,3.0
22118,4.7
11284,4.9
11964,4.4
21575,3.4
29802,3.4
5390,4.5
860,4.3
15795,4.8
23654,3.8
